dataset,method,axis,metric,value,seed,n_points,n_features,fit_runtime_s,n_active_cover,params,sd_version,timestamp
circle,shapediscover,topology,recovery_quotient,0.043,0,400,2,13.13,12,"{""knn"": 15, ""label_mode"": ""components"", ""lite"": false, ""loss_weights"": [1, 10, 1, 10], ""n_cover"": 15, ""regularization"": 10.0, ""threshold"": 0.5}",0.1.0,2026-06-20T03:03:49+00:00
circle,shapediscover,topology,complex_size,575.0,0,400,2,13.13,12,"{""knn"": 15, ""label_mode"": ""components"", ""lite"": false, ""loss_weights"": [1, 10, 1, 10], ""n_cover"": 15, ""regularization"": 10.0, ""threshold"": 0.5}",0.1.0,2026-06-20T03:03:49+00:00
circle,shapediscover,topology,bar_dominance_min,4.445,0,400,2,13.13,12,"{""knn"": 15, ""label_mode"": ""components"", ""lite"": false, ""loss_weights"": [1, 10, 1, 10], ""n_cover"": 15, ""regularization"": 10.0, ""threshold"": 0.5}",0.1.0,2026-06-20T03:03:49+00:00
circle,shapediscover,topology,bar_dominance_h0,1000.0,0,400,2,13.13,12,"{""knn"": 15, ""label_mode"": ""components"", ""lite"": false, ""loss_weights"": [1, 10, 1, 10], ""n_cover"": 15, ""regularization"": 10.0, ""threshold"": 0.5}",0.1.0,2026-06-20T03:03:49+00:00
circle,shapediscover,topology,bar_dominance_h1,4.445,0,400,2,13.13,12,"{""knn"": 15, ""label_mode"": ""components"", ""lite"": false, ""loss_weights"": [1, 10, 1, 10], ""n_cover"": 15, ""regularization"": 10.0, ""threshold"": 0.5}",0.1.0,2026-06-20T03:03:49+00:00
circle,shapediscover,embedding,trustworthiness,0.8264668435013263,0,400,2,13.13,12,"{""knn"": 15, ""label_mode"": ""components"", ""lite"": false, ""loss_weights"": [1, 10, 1, 10], ""n_cover"": 15, ""regularization"": 10.0, ""threshold"": 0.5}",0.1.0,2026-06-20T03:03:49+00:00
circle,shapediscover,embedding,continuity,0.9071162687886826,0,400,2,13.13,12,"{""knn"": 15, ""label_mode"": ""components"", ""lite"": false, ""loss_weights"": [1, 10, 1, 10], ""n_cover"": 15, ""regularization"": 10.0, ""threshold"": 0.5}",0.1.0,2026-06-20T03:03:49+00:00
circle,shapediscover,embedding,knn_recall,0.45566666666666666,0,400,2,13.13,12,"{""knn"": 15, ""label_mode"": ""components"", ""lite"": false, ""loss_weights"": [1, 10, 1, 10], ""n_cover"": 15, ""regularization"": 10.0, ""threshold"": 0.5}",0.1.0,2026-06-20T03:03:49+00:00
circle,shapediscover,embedding,global_corr,0.3643174367094765,0,400,2,13.13,12,"{""knn"": 15, ""label_mode"": ""components"", ""lite"": false, ""loss_weights"": [1, 10, 1, 10], ""n_cover"": 15, ""regularization"": 10.0, ""threshold"": 0.5}",0.1.0,2026-06-20T03:03:49+00:00
circle,shapediscover,cost,persistence_s,0.2338,0,400,2,13.13,12,"{""knn"": 15, ""label_mode"": ""components"", ""lite"": false, ""loss_weights"": [1, 10, 1, 10], ""n_cover"": 15, ""regularization"": 10.0, ""threshold"": 0.5}",0.1.0,2026-06-20T03:03:49+00:00
circle,shapediscover,cost,complex_size,575.0,0,400,2,13.13,12,"{""knn"": 15, ""label_mode"": ""components"", ""lite"": false, ""loss_weights"": [1, 10, 1, 10], ""n_cover"": 15, ""regularization"": 10.0, ""threshold"": 0.5}",0.1.0,2026-06-20T03:03:49+00:00
circle,shapediscover,cost,embedding_s,0.0979,0,400,2,13.13,12,"{""knn"": 15, ""label_mode"": ""components"", ""lite"": false, ""loss_weights"": [1, 10, 1, 10], ""n_cover"": 15, ""regularization"": 10.0, ""threshold"": 0.5}",0.1.0,2026-06-20T03:03:49+00:00
circle,shapediscover,cost,fit_s,13.13,0,400,2,13.13,12,"{""knn"": 15, ""label_mode"": ""components"", ""lite"": false, ""loss_weights"": [1, 10, 1, 10], ""n_cover"": 15, ""regularization"": 10.0, ""threshold"": 0.5}",0.1.0,2026-06-20T03:03:49+00:00
circle,shapediscover,topology,recovery_quotient,0.171,1,400,2,0.878,14,"{""knn"": 15, ""label_mode"": ""components"", ""lite"": false, ""loss_weights"": [1, 10, 1, 10], ""n_cover"": 15, ""regularization"": 10.0, ""threshold"": 0.5}",0.1.0,2026-06-20T03:03:49+00:00
circle,shapediscover,topology,complex_size,575.0,1,400,2,0.878,14,"{""knn"": 15, ""label_mode"": ""components"", ""lite"": false, ""loss_weights"": [1, 10, 1, 10], ""n_cover"": 15, ""regularization"": 10.0, ""threshold"": 0.5}",0.1.0,2026-06-20T03:03:49+00:00
circle,shapediscover,topology,bar_dominance_min,1000.0,1,400,2,0.878,14,"{""knn"": 15, ""label_mode"": ""components"", ""lite"": false, ""loss_weights"": [1, 10, 1, 10], ""n_cover"": 15, ""regularization"": 10.0, ""threshold"": 0.5}",0.1.0,2026-06-20T03:03:49+00:00
circle,shapediscover,topology,bar_dominance_h0,1000.0,1,400,2,0.878,14,"{""knn"": 15, ""label_mode"": ""components"", ""lite"": false, ""loss_weights"": [1, 10, 1, 10], ""n_cover"": 15, ""regularization"": 10.0, ""threshold"": 0.5}",0.1.0,2026-06-20T03:03:49+00:00
circle,shapediscover,topology,bar_dominance_h1,1000.0,1,400,2,0.878,14,"{""knn"": 15, ""label_mode"": ""components"", ""lite"": false, ""loss_weights"": [1, 10, 1, 10], ""n_cover"": 15, ""regularization"": 10.0, ""threshold"": 0.5}",0.1.0,2026-06-20T03:03:49+00:00
circle,shapediscover,embedding,trustworthiness,0.9260963748894784,1,400,2,0.878,14,"{""knn"": 15, ""label_mode"": ""components"", ""lite"": false, ""loss_weights"": [1, 10, 1, 10], ""n_cover"": 15, ""regularization"": 10.0, ""threshold"": 0.5}",0.1.0,2026-06-20T03:03:49+00:00
circle,shapediscover,embedding,continuity,0.9555473032714412,1,400,2,0.878,14,"{""knn"": 15, ""label_mode"": ""components"", ""lite"": false, ""loss_weights"": [1, 10, 1, 10], ""n_cover"": 15, ""regularization"": 10.0, ""threshold"": 0.5}",0.1.0,2026-06-20T03:03:49+00:00
circle,shapediscover,embedding,knn_recall,0.6703333333333333,1,400,2,0.878,14,"{""knn"": 15, ""label_mode"": ""components"", ""lite"": false, ""loss_weights"": [1, 10, 1, 10], ""n_cover"": 15, ""regularization"": 10.0, ""threshold"": 0.5}",0.1.0,2026-06-20T03:03:49+00:00
circle,shapediscover,embedding,global_corr,0.5905116133325405,1,400,2,0.878,14,"{""knn"": 15, ""label_mode"": ""components"", ""lite"": false, ""loss_weights"": [1, 10, 1, 10], ""n_cover"": 15, ""regularization"": 10.0, ""threshold"": 0.5}",0.1.0,2026-06-20T03:03:49+00:00
circle,shapediscover,cost,persistence_s,0.1661,1,400,2,0.878,14,"{""knn"": 15, ""label_mode"": ""components"", ""lite"": false, ""loss_weights"": [1, 10, 1, 10], ""n_cover"": 15, ""regularization"": 10.0, ""threshold"": 0.5}",0.1.0,2026-06-20T03:03:49+00:00
circle,shapediscover,cost,complex_size,575.0,1,400,2,0.878,14,"{""knn"": 15, ""label_mode"": ""components"", ""lite"": false, ""loss_weights"": [1, 10, 1, 10], ""n_cover"": 15, ""regularization"": 10.0, ""threshold"": 0.5}",0.1.0,2026-06-20T03:03:49+00:00
circle,shapediscover,cost,embedding_s,0.0029,1,400,2,0.878,14,"{""knn"": 15, ""label_mode"": ""components"", ""lite"": false, ""loss_weights"": [1, 10, 1, 10], ""n_cover"": 15, ""regularization"": 10.0, ""threshold"": 0.5}",0.1.0,2026-06-20T03:03:49+00:00
circle,shapediscover,cost,fit_s,0.878,1,400,2,0.878,14,"{""knn"": 15, ""label_mode"": ""components"", ""lite"": false, ""loss_weights"": [1, 10, 1, 10], ""n_cover"": 15, ""regularization"": 10.0, ""threshold"": 0.5}",0.1.0,2026-06-20T03:03:49+00:00
circle,shapediscover,topology,recovery_quotient,0.809,2,400,2,0.999,15,"{""knn"": 15, ""label_mode"": ""components"", ""lite"": false, ""loss_weights"": [1, 10, 1, 10], ""n_cover"": 15, ""regularization"": 10.0, ""threshold"": 0.5}",0.1.0,2026-06-20T03:03:49+00:00
circle,shapediscover,topology,complex_size,575.0,2,400,2,0.999,15,"{""knn"": 15, ""label_mode"": ""components"", ""lite"": false, ""loss_weights"": [1, 10, 1, 10], ""n_cover"": 15, ""regularization"": 10.0, ""threshold"": 0.5}",0.1.0,2026-06-20T03:03:49+00:00
circle,shapediscover,topology,bar_dominance_min,74.795,2,400,2,0.999,15,"{""knn"": 15, ""label_mode"": ""components"", ""lite"": false, ""loss_weights"": [1, 10, 1, 10], ""n_cover"": 15, ""regularization"": 10.0, ""threshold"": 0.5}",0.1.0,2026-06-20T03:03:49+00:00
circle,shapediscover,topology,bar_dominance_h0,1000.0,2,400,2,0.999,15,"{""knn"": 15, ""label_mode"": ""components"", ""lite"": false, ""loss_weights"": [1, 10, 1, 10], ""n_cover"": 15, ""regularization"": 10.0, ""threshold"": 0.5}",0.1.0,2026-06-20T03:03:49+00:00
circle,shapediscover,topology,bar_dominance_h1,74.795,2,400,2,0.999,15,"{""knn"": 15, ""label_mode"": ""components"", ""lite"": false, ""loss_weights"": [1, 10, 1, 10], ""n_cover"": 15, ""regularization"": 10.0, ""threshold"": 0.5}",0.1.0,2026-06-20T03:03:49+00:00
circle,shapediscover,embedding,trustworthiness,0.9839491600353669,2,400,2,0.999,15,"{""knn"": 15, ""label_mode"": ""components"", ""lite"": false, ""loss_weights"": [1, 10, 1, 10], ""n_cover"": 15, ""regularization"": 10.0, ""threshold"": 0.5}",0.1.0,2026-06-20T03:03:49+00:00
circle,shapediscover,embedding,continuity,0.9905053050397878,2,400,2,0.999,15,"{""knn"": 15, ""label_mode"": ""components"", ""lite"": false, ""loss_weights"": [1, 10, 1, 10], ""n_cover"": 15, ""regularization"": 10.0, ""threshold"": 0.5}",0.1.0,2026-06-20T03:03:49+00:00
circle,shapediscover,embedding,knn_recall,0.8565,2,400,2,0.999,15,"{""knn"": 15, ""label_mode"": ""components"", ""lite"": false, ""loss_weights"": [1, 10, 1, 10], ""n_cover"": 15, ""regularization"": 10.0, ""threshold"": 0.5}",0.1.0,2026-06-20T03:03:49+00:00
circle,shapediscover,embedding,global_corr,0.545995762692244,2,400,2,0.999,15,"{""knn"": 15, ""label_mode"": ""components"", ""lite"": false, ""loss_weights"": [1, 10, 1, 10], ""n_cover"": 15, ""regularization"": 10.0, ""threshold"": 0.5}",0.1.0,2026-06-20T03:03:49+00:00
circle,shapediscover,cost,persistence_s,0.1638,2,400,2,0.999,15,"{""knn"": 15, ""label_mode"": ""components"", ""lite"": false, ""loss_weights"": [1, 10, 1, 10], ""n_cover"": 15, ""regularization"": 10.0, ""threshold"": 0.5}",0.1.0,2026-06-20T03:03:49+00:00
circle,shapediscover,cost,complex_size,575.0,2,400,2,0.999,15,"{""knn"": 15, ""label_mode"": ""components"", ""lite"": false, ""loss_weights"": [1, 10, 1, 10], ""n_cover"": 15, ""regularization"": 10.0, ""threshold"": 0.5}",0.1.0,2026-06-20T03:03:49+00:00
circle,shapediscover,cost,embedding_s,0.0029,2,400,2,0.999,15,"{""knn"": 15, ""label_mode"": ""components"", ""lite"": false, ""loss_weights"": [1, 10, 1, 10], ""n_cover"": 15, ""regularization"": 10.0, ""threshold"": 0.5}",0.1.0,2026-06-20T03:03:49+00:00
circle,shapediscover,cost,fit_s,0.999,2,400,2,0.999,15,"{""knn"": 15, ""label_mode"": ""components"", ""lite"": false, ""loss_weights"": [1, 10, 1, 10], ""n_cover"": 15, ""regularization"": 10.0, ""threshold"": 0.5}",0.1.0,2026-06-20T03:03:49+00:00
sphere2,shapediscover,topology,recovery_quotient,0.497,0,600,3,1.098,14,"{""knn"": 15, ""label_mode"": ""components"", ""lite"": false, ""loss_weights"": [1, 10, 1, 10], ""n_cover"": 15, ""regularization"": 10.0, ""threshold"": 0.5}",0.1.0,2026-06-20T03:03:49+00:00
sphere2,shapediscover,topology,complex_size,1940.0,0,600,3,1.098,14,"{""knn"": 15, ""label_mode"": ""components"", ""lite"": false, ""loss_weights"": [1, 10, 1, 10], ""n_cover"": 15, ""regularization"": 10.0, ""threshold"": 0.5}",0.1.0,2026-06-20T03:03:49+00:00
sphere2,shapediscover,topology,bar_dominance_min,2.089,0,600,3,1.098,14,"{""knn"": 15, ""label_mode"": ""components"", ""lite"": false, ""loss_weights"": [1, 10, 1, 10], ""n_cover"": 15, ""regularization"": 10.0, ""threshold"": 0.5}",0.1.0,2026-06-20T03:03:49+00:00
sphere2,shapediscover,topology,bar_dominance_h0,1000.0,0,600,3,1.098,14,"{""knn"": 15, ""label_mode"": ""components"", ""lite"": false, ""loss_weights"": [1, 10, 1, 10], ""n_cover"": 15, ""regularization"": 10.0, ""threshold"": 0.5}",0.1.0,2026-06-20T03:03:49+00:00
sphere2,shapediscover,topology,bar_dominance_h1,2.089,0,600,3,1.098,14,"{""knn"": 15, ""label_mode"": ""components"", ""lite"": false, ""loss_weights"": [1, 10, 1, 10], ""n_cover"": 15, ""regularization"": 10.0, ""threshold"": 0.5}",0.1.0,2026-06-20T03:03:49+00:00
sphere2,shapediscover,topology,bar_dominance_h2,3.013,0,600,3,1.098,14,"{""knn"": 15, ""label_mode"": ""components"", ""lite"": false, ""loss_weights"": [1, 10, 1, 10], ""n_cover"": 15, ""regularization"": 10.0, ""threshold"": 0.5}",0.1.0,2026-06-20T03:03:49+00:00
sphere2,shapediscover,embedding,trustworthiness,0.954949932601579,0,600,3,1.098,14,"{""knn"": 15, ""label_mode"": ""components"", ""lite"": false, ""loss_weights"": [1, 10, 1, 10], ""n_cover"": 15, ""regularization"": 10.0, ""threshold"": 0.5}",0.1.0,2026-06-20T03:03:49+00:00
sphere2,shapediscover,embedding,continuity,0.9816504910456384,0,600,3,1.098,14,"{""knn"": 15, ""label_mode"": ""components"", ""lite"": false, ""loss_weights"": [1, 10, 1, 10], ""n_cover"": 15, ""regularization"": 10.0, ""threshold"": 0.5}",0.1.0,2026-06-20T03:03:49+00:00
sphere2,shapediscover,embedding,knn_recall,0.6336666666666667,0,600,3,1.098,14,"{""knn"": 15, ""label_mode"": ""components"", ""lite"": false, ""loss_weights"": [1, 10, 1, 10], ""n_cover"": 15, ""regularization"": 10.0, ""threshold"": 0.5}",0.1.0,2026-06-20T03:03:49+00:00
sphere2,shapediscover,embedding,global_corr,0.6435641665950224,0,600,3,1.098,14,"{""knn"": 15, ""label_mode"": ""components"", ""lite"": false, ""loss_weights"": [1, 10, 1, 10], ""n_cover"": 15, ""regularization"": 10.0, ""threshold"": 0.5}",0.1.0,2026-06-20T03:03:49+00:00
sphere2,shapediscover,cost,persistence_s,0.1863,0,600,3,1.098,14,"{""knn"": 15, ""label_mode"": ""components"", ""lite"": false, ""loss_weights"": [1, 10, 1, 10], ""n_cover"": 15, ""regularization"": 10.0, ""threshold"": 0.5}",0.1.0,2026-06-20T03:03:49+00:00
sphere2,shapediscover,cost,complex_size,1940.0,0,600,3,1.098,14,"{""knn"": 15, ""label_mode"": ""components"", ""lite"": false, ""loss_weights"": [1, 10, 1, 10], ""n_cover"": 15, ""regularization"": 10.0, ""threshold"": 0.5}",0.1.0,2026-06-20T03:03:49+00:00
sphere2,shapediscover,cost,embedding_s,0.0028,0,600,3,1.098,14,"{""knn"": 15, ""label_mode"": ""components"", ""lite"": false, ""loss_weights"": [1, 10, 1, 10], ""n_cover"": 15, ""regularization"": 10.0, ""threshold"": 0.5}",0.1.0,2026-06-20T03:03:49+00:00
sphere2,shapediscover,cost,fit_s,1.098,0,600,3,1.098,14,"{""knn"": 15, ""label_mode"": ""components"", ""lite"": false, ""loss_weights"": [1, 10, 1, 10], ""n_cover"": 15, ""regularization"": 10.0, ""threshold"": 0.5}",0.1.0,2026-06-20T03:03:49+00:00
sphere2,shapediscover,topology,recovery_quotient,0.555,1,600,3,1.113,12,"{""knn"": 15, ""label_mode"": ""components"", ""lite"": false, ""loss_weights"": [1, 10, 1, 10], ""n_cover"": 15, ""regularization"": 10.0, ""threshold"": 0.5}",0.1.0,2026-06-20T03:03:49+00:00
sphere2,shapediscover,topology,complex_size,1940.0,1,600,3,1.113,12,"{""knn"": 15, ""label_mode"": ""components"", ""lite"": false, ""loss_weights"": [1, 10, 1, 10], ""n_cover"": 15, ""regularization"": 10.0, ""threshold"": 0.5}",0.1.0,2026-06-20T03:03:49+00:00
sphere2,shapediscover,topology,bar_dominance_min,3.118,1,600,3,1.113,12,"{""knn"": 15, ""label_mode"": ""components"", ""lite"": false, ""loss_weights"": [1, 10, 1, 10], ""n_cover"": 15, ""regularization"": 10.0, ""threshold"": 0.5}",0.1.0,2026-06-20T03:03:49+00:00
sphere2,shapediscover,topology,bar_dominance_h0,1000.0,1,600,3,1.113,12,"{""knn"": 15, ""label_mode"": ""components"", ""lite"": false, ""loss_weights"": [1, 10, 1, 10], ""n_cover"": 15, ""regularization"": 10.0, ""threshold"": 0.5}",0.1.0,2026-06-20T03:03:49+00:00
sphere2,shapediscover,topology,bar_dominance_h1,3.118,1,600,3,1.113,12,"{""knn"": 15, ""label_mode"": ""components"", ""lite"": false, ""loss_weights"": [1, 10, 1, 10], ""n_cover"": 15, ""regularization"": 10.0, ""threshold"": 0.5}",0.1.0,2026-06-20T03:03:49+00:00
sphere2,shapediscover,topology,bar_dominance_h2,5.042,1,600,3,1.113,12,"{""knn"": 15, ""label_mode"": ""components"", ""lite"": false, ""loss_weights"": [1, 10, 1, 10], ""n_cover"": 15, ""regularization"": 10.0, ""threshold"": 0.5}",0.1.0,2026-06-20T03:03:49+00:00
sphere2,shapediscover,embedding,trustworthiness,0.899735605622954,1,600,3,1.113,12,"{""knn"": 15, ""label_mode"": ""components"", ""lite"": false, ""loss_weights"": [1, 10, 1, 10], ""n_cover"": 15, ""regularization"": 10.0, ""threshold"": 0.5}",0.1.0,2026-06-20T03:03:49+00:00
sphere2,shapediscover,embedding,continuity,0.9818578856152513,1,600,3,1.113,12,"{""knn"": 15, ""label_mode"": ""components"", ""lite"": false, ""loss_weights"": [1, 10, 1, 10], ""n_cover"": 15, ""regularization"": 10.0, ""threshold"": 0.5}",0.1.0,2026-06-20T03:03:49+00:00
sphere2,shapediscover,embedding,knn_recall,0.6128888888888889,1,600,3,1.113,12,"{""knn"": 15, ""label_mode"": ""components"", ""lite"": false, ""loss_weights"": [1, 10, 1, 10], ""n_cover"": 15, ""regularization"": 10.0, ""threshold"": 0.5}",0.1.0,2026-06-20T03:03:49+00:00
sphere2,shapediscover,embedding,global_corr,0.6441288386070358,1,600,3,1.113,12,"{""knn"": 15, ""label_mode"": ""components"", ""lite"": false, ""loss_weights"": [1, 10, 1, 10], ""n_cover"": 15, ""regularization"": 10.0, ""threshold"": 0.5}",0.1.0,2026-06-20T03:03:49+00:00
sphere2,shapediscover,cost,persistence_s,0.1982,1,600,3,1.113,12,"{""knn"": 15, ""label_mode"": ""components"", ""lite"": false, ""loss_weights"": [1, 10, 1, 10], ""n_cover"": 15, ""regularization"": 10.0, ""threshold"": 0.5}",0.1.0,2026-06-20T03:03:49+00:00
sphere2,shapediscover,cost,complex_size,1940.0,1,600,3,1.113,12,"{""knn"": 15, ""label_mode"": ""components"", ""lite"": false, ""loss_weights"": [1, 10, 1, 10], ""n_cover"": 15, ""regularization"": 10.0, ""threshold"": 0.5}",0.1.0,2026-06-20T03:03:49+00:00
sphere2,shapediscover,cost,embedding_s,0.0027,1,600,3,1.113,12,"{""knn"": 15, ""label_mode"": ""components"", ""lite"": false, ""loss_weights"": [1, 10, 1, 10], ""n_cover"": 15, ""regularization"": 10.0, ""threshold"": 0.5}",0.1.0,2026-06-20T03:03:49+00:00
sphere2,shapediscover,cost,fit_s,1.113,1,600,3,1.113,12,"{""knn"": 15, ""label_mode"": ""components"", ""lite"": false, ""loss_weights"": [1, 10, 1, 10], ""n_cover"": 15, ""regularization"": 10.0, ""threshold"": 0.5}",0.1.0,2026-06-20T03:03:49+00:00
sphere2,shapediscover,topology,recovery_quotient,0.563,2,600,3,1.095,12,"{""knn"": 15, ""label_mode"": ""components"", ""lite"": false, ""loss_weights"": [1, 10, 1, 10], ""n_cover"": 15, ""regularization"": 10.0, ""threshold"": 0.5}",0.1.0,2026-06-20T03:03:49+00:00
sphere2,shapediscover,topology,complex_size,1940.0,2,600,3,1.095,12,"{""knn"": 15, ""label_mode"": ""components"", ""lite"": false, ""loss_weights"": [1, 10, 1, 10], ""n_cover"": 15, ""regularization"": 10.0, ""threshold"": 0.5}",0.1.0,2026-06-20T03:03:49+00:00
sphere2,shapediscover,topology,bar_dominance_min,1.967,2,600,3,1.095,12,"{""knn"": 15, ""label_mode"": ""components"", ""lite"": false, ""loss_weights"": [1, 10, 1, 10], ""n_cover"": 15, ""regularization"": 10.0, ""threshold"": 0.5}",0.1.0,2026-06-20T03:03:49+00:00
sphere2,shapediscover,topology,bar_dominance_h0,1000.0,2,600,3,1.095,12,"{""knn"": 15, ""label_mode"": ""components"", ""lite"": false, ""loss_weights"": [1, 10, 1, 10], ""n_cover"": 15, ""regularization"": 10.0, ""threshold"": 0.5}",0.1.0,2026-06-20T03:03:49+00:00
sphere2,shapediscover,topology,bar_dominance_h1,1.967,2,600,3,1.095,12,"{""knn"": 15, ""label_mode"": ""components"", ""lite"": false, ""loss_weights"": [1, 10, 1, 10], ""n_cover"": 15, ""regularization"": 10.0, ""threshold"": 0.5}",0.1.0,2026-06-20T03:03:49+00:00
sphere2,shapediscover,topology,bar_dominance_h2,23.881,2,600,3,1.095,12,"{""knn"": 15, ""label_mode"": ""components"", ""lite"": false, ""loss_weights"": [1, 10, 1, 10], ""n_cover"": 15, ""regularization"": 10.0, ""threshold"": 0.5}",0.1.0,2026-06-20T03:03:49+00:00
sphere2,shapediscover,embedding,trustworthiness,0.9329252840362026,2,600,3,1.095,12,"{""knn"": 15, ""label_mode"": ""components"", ""lite"": false, ""loss_weights"": [1, 10, 1, 10], ""n_cover"": 15, ""regularization"": 10.0, ""threshold"": 0.5}",0.1.0,2026-06-20T03:03:49+00:00
sphere2,shapediscover,embedding,continuity,0.9802561139996149,2,600,3,1.095,12,"{""knn"": 15, ""label_mode"": ""components"", ""lite"": false, ""loss_weights"": [1, 10, 1, 10], ""n_cover"": 15, ""regularization"": 10.0, ""threshold"": 0.5}",0.1.0,2026-06-20T03:03:49+00:00
sphere2,shapediscover,embedding,knn_recall,0.6187777777777778,2,600,3,1.095,12,"{""knn"": 15, ""label_mode"": ""components"", ""lite"": false, ""loss_weights"": [1, 10, 1, 10], ""n_cover"": 15, ""regularization"": 10.0, ""threshold"": 0.5}",0.1.0,2026-06-20T03:03:49+00:00
sphere2,shapediscover,embedding,global_corr,0.6638277187417525,2,600,3,1.095,12,"{""knn"": 15, ""label_mode"": ""components"", ""lite"": false, ""loss_weights"": [1, 10, 1, 10], ""n_cover"": 15, ""regularization"": 10.0, ""threshold"": 0.5}",0.1.0,2026-06-20T03:03:49+00:00
sphere2,shapediscover,cost,persistence_s,0.1931,2,600,3,1.095,12,"{""knn"": 15, ""label_mode"": ""components"", ""lite"": false, ""loss_weights"": [1, 10, 1, 10], ""n_cover"": 15, ""regularization"": 10.0, ""threshold"": 0.5}",0.1.0,2026-06-20T03:03:49+00:00
sphere2,shapediscover,cost,complex_size,1940.0,2,600,3,1.095,12,"{""knn"": 15, ""label_mode"": ""components"", ""lite"": false, ""loss_weights"": [1, 10, 1, 10], ""n_cover"": 15, ""regularization"": 10.0, ""threshold"": 0.5}",0.1.0,2026-06-20T03:03:49+00:00
sphere2,shapediscover,cost,embedding_s,0.0025,2,600,3,1.095,12,"{""knn"": 15, ""label_mode"": ""components"", ""lite"": false, ""loss_weights"": [1, 10, 1, 10], ""n_cover"": 15, ""regularization"": 10.0, ""threshold"": 0.5}",0.1.0,2026-06-20T03:03:49+00:00
sphere2,shapediscover,cost,fit_s,1.095,2,600,3,1.095,12,"{""knn"": 15, ""label_mode"": ""components"", ""lite"": false, ""loss_weights"": [1, 10, 1, 10], ""n_cover"": 15, ""regularization"": 10.0, ""threshold"": 0.5}",0.1.0,2026-06-20T03:03:49+00:00
sphere3,shapediscover,topology,recovery_quotient,0.343,0,1200,4,1.847,12,"{""knn"": 15, ""label_mode"": ""components"", ""lite"": false, ""loss_weights"": [1, 10, 1, 10], ""n_cover"": 15, ""regularization"": 10.0, ""threshold"": 0.5}",0.1.0,2026-06-20T03:03:49+00:00
sphere3,shapediscover,topology,complex_size,4943.0,0,1200,4,1.847,12,"{""knn"": 15, ""label_mode"": ""components"", ""lite"": false, ""loss_weights"": [1, 10, 1, 10], ""n_cover"": 15, ""regularization"": 10.0, ""threshold"": 0.5}",0.1.0,2026-06-20T03:03:49+00:00
sphere3,shapediscover,topology,bar_dominance_min,1.72,0,1200,4,1.847,12,"{""knn"": 15, ""label_mode"": ""components"", ""lite"": false, ""loss_weights"": [1, 10, 1, 10], ""n_cover"": 15, ""regularization"": 10.0, ""threshold"": 0.5}",0.1.0,2026-06-20T03:03:49+00:00
sphere3,shapediscover,topology,bar_dominance_h0,1000.0,0,1200,4,1.847,12,"{""knn"": 15, ""label_mode"": ""components"", ""lite"": false, ""loss_weights"": [1, 10, 1, 10], ""n_cover"": 15, ""regularization"": 10.0, ""threshold"": 0.5}",0.1.0,2026-06-20T03:03:49+00:00
sphere3,shapediscover,topology,bar_dominance_h1,1.72,0,1200,4,1.847,12,"{""knn"": 15, ""label_mode"": ""components"", ""lite"": false, ""loss_weights"": [1, 10, 1, 10], ""n_cover"": 15, ""regularization"": 10.0, ""threshold"": 0.5}",0.1.0,2026-06-20T03:03:49+00:00
sphere3,shapediscover,topology,bar_dominance_h2,1.982,0,1200,4,1.847,12,"{""knn"": 15, ""label_mode"": ""components"", ""lite"": false, ""loss_weights"": [1, 10, 1, 10], ""n_cover"": 15, ""regularization"": 10.0, ""threshold"": 0.5}",0.1.0,2026-06-20T03:03:49+00:00
sphere3,shapediscover,topology,bar_dominance_h3,4.246,0,1200,4,1.847,12,"{""knn"": 15, ""label_mode"": ""components"", ""lite"": false, ""loss_weights"": [1, 10, 1, 10], ""n_cover"": 15, ""regularization"": 10.0, ""threshold"": 0.5}",0.1.0,2026-06-20T03:03:49+00:00
sphere3,shapediscover,cost,persistence_s,0.3451,0,1200,4,1.847,12,"{""knn"": 15, ""label_mode"": ""components"", ""lite"": false, ""loss_weights"": [1, 10, 1, 10], ""n_cover"": 15, ""regularization"": 10.0, ""threshold"": 0.5}",0.1.0,2026-06-20T03:03:49+00:00
sphere3,shapediscover,cost,complex_size,4943.0,0,1200,4,1.847,12,"{""knn"": 15, ""label_mode"": ""components"", ""lite"": false, ""loss_weights"": [1, 10, 1, 10], ""n_cover"": 15, ""regularization"": 10.0, ""threshold"": 0.5}",0.1.0,2026-06-20T03:03:49+00:00
sphere3,shapediscover,cost,fit_s,1.847,0,1200,4,1.847,12,"{""knn"": 15, ""label_mode"": ""components"", ""lite"": false, ""loss_weights"": [1, 10, 1, 10], ""n_cover"": 15, ""regularization"": 10.0, ""threshold"": 0.5}",0.1.0,2026-06-20T03:03:49+00:00
sphere3,shapediscover,topology,recovery_quotient,0.29,1,1200,4,1.849,12,"{""knn"": 15, ""label_mode"": ""components"", ""lite"": false, ""loss_weights"": [1, 10, 1, 10], ""n_cover"": 15, ""regularization"": 10.0, ""threshold"": 0.5}",0.1.0,2026-06-20T03:03:49+00:00
sphere3,shapediscover,topology,complex_size,4943.0,1,1200,4,1.849,12,"{""knn"": 15, ""label_mode"": ""components"", ""lite"": false, ""loss_weights"": [1, 10, 1, 10], ""n_cover"": 15, ""regularization"": 10.0, ""threshold"": 0.5}",0.1.0,2026-06-20T03:03:49+00:00
sphere3,shapediscover,topology,bar_dominance_min,1.545,1,1200,4,1.849,12,"{""knn"": 15, ""label_mode"": ""components"", ""lite"": false, ""loss_weights"": [1, 10, 1, 10], ""n_cover"": 15, ""regularization"": 10.0, ""threshold"": 0.5}",0.1.0,2026-06-20T03:03:49+00:00
sphere3,shapediscover,topology,bar_dominance_h0,1000.0,1,1200,4,1.849,12,"{""knn"": 15, ""label_mode"": ""components"", ""lite"": false, ""loss_weights"": [1, 10, 1, 10], ""n_cover"": 15, ""regularization"": 10.0, ""threshold"": 0.5}",0.1.0,2026-06-20T03:03:49+00:00
sphere3,shapediscover,topology,bar_dominance_h1,1.545,1,1200,4,1.849,12,"{""knn"": 15, ""label_mode"": ""components"", ""lite"": false, ""loss_weights"": [1, 10, 1, 10], ""n_cover"": 15, ""regularization"": 10.0, ""threshold"": 0.5}",0.1.0,2026-06-20T03:03:49+00:00
sphere3,shapediscover,topology,bar_dominance_h2,1.815,1,1200,4,1.849,12,"{""knn"": 15, ""label_mode"": ""components"", ""lite"": false, ""loss_weights"": [1, 10, 1, 10], ""n_cover"": 15, ""regularization"": 10.0, ""threshold"": 0.5}",0.1.0,2026-06-20T03:03:49+00:00
sphere3,shapediscover,topology,bar_dominance_h3,3.673,1,1200,4,1.849,12,"{""knn"": 15, ""label_mode"": ""components"", ""lite"": false, ""loss_weights"": [1, 10, 1, 10], ""n_cover"": 15, ""regularization"": 10.0, ""threshold"": 0.5}",0.1.0,2026-06-20T03:03:49+00:00
sphere3,shapediscover,cost,persistence_s,0.3295,1,1200,4,1.849,12,"{""knn"": 15, ""label_mode"": ""components"", ""lite"": false, ""loss_weights"": [1, 10, 1, 10], ""n_cover"": 15, ""regularization"": 10.0, ""threshold"": 0.5}",0.1.0,2026-06-20T03:03:49+00:00
sphere3,shapediscover,cost,complex_size,4943.0,1,1200,4,1.849,12,"{""knn"": 15, ""label_mode"": ""components"", ""lite"": false, ""loss_weights"": [1, 10, 1, 10], ""n_cover"": 15, ""regularization"": 10.0, ""threshold"": 0.5}",0.1.0,2026-06-20T03:03:49+00:00
sphere3,shapediscover,cost,fit_s,1.849,1,1200,4,1.849,12,"{""knn"": 15, ""label_mode"": ""components"", ""lite"": false, ""loss_weights"": [1, 10, 1, 10], ""n_cover"": 15, ""regularization"": 10.0, ""threshold"": 0.5}",0.1.0,2026-06-20T03:03:49+00:00
sphere3,shapediscover,topology,recovery_quotient,0.425,2,1200,4,1.842,14,"{""knn"": 15, ""label_mode"": ""components"", ""lite"": false, ""loss_weights"": [1, 10, 1, 10], ""n_cover"": 15, ""regularization"": 10.0, ""threshold"": 0.5}",0.1.0,2026-06-20T03:03:49+00:00
sphere3,shapediscover,topology,complex_size,4943.0,2,1200,4,1.842,14,"{""knn"": 15, ""label_mode"": ""components"", ""lite"": false, ""loss_weights"": [1, 10, 1, 10], ""n_cover"": 15, ""regularization"": 10.0, ""threshold"": 0.5}",0.1.0,2026-06-20T03:03:49+00:00
sphere3,shapediscover,topology,bar_dominance_min,1.729,2,1200,4,1.842,14,"{""knn"": 15, ""label_mode"": ""components"", ""lite"": false, ""loss_weights"": [1, 10, 1, 10], ""n_cover"": 15, ""regularization"": 10.0, ""threshold"": 0.5}",0.1.0,2026-06-20T03:03:49+00:00
sphere3,shapediscover,topology,bar_dominance_h0,1000.0,2,1200,4,1.842,14,"{""knn"": 15, ""label_mode"": ""components"", ""lite"": false, ""loss_weights"": [1, 10, 1, 10], ""n_cover"": 15, ""regularization"": 10.0, ""threshold"": 0.5}",0.1.0,2026-06-20T03:03:49+00:00
sphere3,shapediscover,topology,bar_dominance_h1,1.729,2,1200,4,1.842,14,"{""knn"": 15, ""label_mode"": ""components"", ""lite"": false, ""loss_weights"": [1, 10, 1, 10], ""n_cover"": 15, ""regularization"": 10.0, ""threshold"": 0.5}",0.1.0,2026-06-20T03:03:49+00:00
sphere3,shapediscover,topology,bar_dominance_h2,2.094,2,1200,4,1.842,14,"{""knn"": 15, ""label_mode"": ""components"", ""lite"": false, ""loss_weights"": [1, 10, 1, 10], ""n_cover"": 15, ""regularization"": 10.0, ""threshold"": 0.5}",0.1.0,2026-06-20T03:03:49+00:00
sphere3,shapediscover,topology,bar_dominance_h3,21.237,2,1200,4,1.842,14,"{""knn"": 15, ""label_mode"": ""components"", ""lite"": false, ""loss_weights"": [1, 10, 1, 10], ""n_cover"": 15, ""regularization"": 10.0, ""threshold"": 0.5}",0.1.0,2026-06-20T03:03:49+00:00
sphere3,shapediscover,cost,persistence_s,0.3283,2,1200,4,1.842,14,"{""knn"": 15, ""label_mode"": ""components"", ""lite"": false, ""loss_weights"": [1, 10, 1, 10], ""n_cover"": 15, ""regularization"": 10.0, ""threshold"": 0.5}",0.1.0,2026-06-20T03:03:49+00:00
sphere3,shapediscover,cost,complex_size,4943.0,2,1200,4,1.842,14,"{""knn"": 15, ""label_mode"": ""components"", ""lite"": false, ""loss_weights"": [1, 10, 1, 10], ""n_cover"": 15, ""regularization"": 10.0, ""threshold"": 0.5}",0.1.0,2026-06-20T03:03:49+00:00
sphere3,shapediscover,cost,fit_s,1.842,2,1200,4,1.842,14,"{""knn"": 15, ""label_mode"": ""components"", ""lite"": false, ""loss_weights"": [1, 10, 1, 10], ""n_cover"": 15, ""regularization"": 10.0, ""threshold"": 0.5}",0.1.0,2026-06-20T03:03:49+00:00
torus,shapediscover,topology,recovery_quotient,0.0,0,1500,3,2.185,15,"{""knn"": 15, ""label_mode"": ""components"", ""lite"": false, ""loss_weights"": [1, 10, 1, 10], ""n_cover"": 15, ""regularization"": 10.0, ""threshold"": 0.5}",0.1.0,2026-06-20T03:03:49+00:00
torus,shapediscover,topology,complex_size,1940.0,0,1500,3,2.185,15,"{""knn"": 15, ""label_mode"": ""components"", ""lite"": false, ""loss_weights"": [1, 10, 1, 10], ""n_cover"": 15, ""regularization"": 10.0, ""threshold"": 0.5}",0.1.0,2026-06-20T03:03:49+00:00
torus,shapediscover,topology,bar_dominance_min,1.043,0,1500,3,2.185,15,"{""knn"": 15, ""label_mode"": ""components"", ""lite"": false, ""loss_weights"": [1, 10, 1, 10], ""n_cover"": 15, ""regularization"": 10.0, ""threshold"": 0.5}",0.1.0,2026-06-20T03:03:49+00:00
torus,shapediscover,topology,bar_dominance_h0,1000.0,0,1500,3,2.185,15,"{""knn"": 15, ""label_mode"": ""components"", ""lite"": false, ""loss_weights"": [1, 10, 1, 10], ""n_cover"": 15, ""regularization"": 10.0, ""threshold"": 0.5}",0.1.0,2026-06-20T03:03:49+00:00
torus,shapediscover,topology,bar_dominance_h1,1.163,0,1500,3,2.185,15,"{""knn"": 15, ""label_mode"": ""components"", ""lite"": false, ""loss_weights"": [1, 10, 1, 10], ""n_cover"": 15, ""regularization"": 10.0, ""threshold"": 0.5}",0.1.0,2026-06-20T03:03:49+00:00
torus,shapediscover,topology,bar_dominance_h2,1.043,0,1500,3,2.185,15,"{""knn"": 15, ""label_mode"": ""components"", ""lite"": false, ""loss_weights"": [1, 10, 1, 10], ""n_cover"": 15, ""regularization"": 10.0, ""threshold"": 0.5}",0.1.0,2026-06-20T03:03:49+00:00
torus,shapediscover,embedding,trustworthiness,0.9612498307379824,0,1500,3,2.185,15,"{""knn"": 15, ""label_mode"": ""components"", ""lite"": false, ""loss_weights"": [1, 10, 1, 10], ""n_cover"": 15, ""regularization"": 10.0, ""threshold"": 0.5}",0.1.0,2026-06-20T03:03:49+00:00
torus,shapediscover,embedding,continuity,0.9880671330775597,0,1500,3,2.185,15,"{""knn"": 15, ""label_mode"": ""components"", ""lite"": false, ""loss_weights"": [1, 10, 1, 10], ""n_cover"": 15, ""regularization"": 10.0, ""threshold"": 0.5}",0.1.0,2026-06-20T03:03:49+00:00
torus,shapediscover,embedding,knn_recall,0.5097777777777778,0,1500,3,2.185,15,"{""knn"": 15, ""label_mode"": ""components"", ""lite"": false, ""loss_weights"": [1, 10, 1, 10], ""n_cover"": 15, ""regularization"": 10.0, ""threshold"": 0.5}",0.1.0,2026-06-20T03:03:49+00:00
torus,shapediscover,embedding,global_corr,0.7753544620431084,0,1500,3,2.185,15,"{""knn"": 15, ""label_mode"": ""components"", ""lite"": false, ""loss_weights"": [1, 10, 1, 10], ""n_cover"": 15, ""regularization"": 10.0, ""threshold"": 0.5}",0.1.0,2026-06-20T03:03:49+00:00
torus,shapediscover,cost,persistence_s,0.2438,0,1500,3,2.185,15,"{""knn"": 15, ""label_mode"": ""components"", ""lite"": false, ""loss_weights"": [1, 10, 1, 10], ""n_cover"": 15, ""regularization"": 10.0, ""threshold"": 0.5}",0.1.0,2026-06-20T03:03:49+00:00
torus,shapediscover,cost,complex_size,1940.0,0,1500,3,2.185,15,"{""knn"": 15, ""label_mode"": ""components"", ""lite"": false, ""loss_weights"": [1, 10, 1, 10], ""n_cover"": 15, ""regularization"": 10.0, ""threshold"": 0.5}",0.1.0,2026-06-20T03:03:49+00:00
torus,shapediscover,cost,embedding_s,0.0032,0,1500,3,2.185,15,"{""knn"": 15, ""label_mode"": ""components"", ""lite"": false, ""loss_weights"": [1, 10, 1, 10], ""n_cover"": 15, ""regularization"": 10.0, ""threshold"": 0.5}",0.1.0,2026-06-20T03:03:49+00:00
torus,shapediscover,cost,fit_s,2.185,0,1500,3,2.185,15,"{""knn"": 15, ""label_mode"": ""components"", ""lite"": false, ""loss_weights"": [1, 10, 1, 10], ""n_cover"": 15, ""regularization"": 10.0, ""threshold"": 0.5}",0.1.0,2026-06-20T03:03:49+00:00
torus,shapediscover,topology,recovery_quotient,0.012,1,1500,3,2.338,15,"{""knn"": 15, ""label_mode"": ""components"", ""lite"": false, ""loss_weights"": [1, 10, 1, 10], ""n_cover"": 15, ""regularization"": 10.0, ""threshold"": 0.5}",0.1.0,2026-06-20T03:03:49+00:00
torus,shapediscover,topology,complex_size,1940.0,1,1500,3,2.338,15,"{""knn"": 15, ""label_mode"": ""components"", ""lite"": false, ""loss_weights"": [1, 10, 1, 10], ""n_cover"": 15, ""regularization"": 10.0, ""threshold"": 0.5}",0.1.0,2026-06-20T03:03:49+00:00
torus,shapediscover,topology,bar_dominance_min,1.063,1,1500,3,2.338,15,"{""knn"": 15, ""label_mode"": ""components"", ""lite"": false, ""loss_weights"": [1, 10, 1, 10], ""n_cover"": 15, ""regularization"": 10.0, ""threshold"": 0.5}",0.1.0,2026-06-20T03:03:49+00:00
torus,shapediscover,topology,bar_dominance_h0,1000.0,1,1500,3,2.338,15,"{""knn"": 15, ""label_mode"": ""components"", ""lite"": false, ""loss_weights"": [1, 10, 1, 10], ""n_cover"": 15, ""regularization"": 10.0, ""threshold"": 0.5}",0.1.0,2026-06-20T03:03:49+00:00
torus,shapediscover,topology,bar_dominance_h1,1.063,1,1500,3,2.338,15,"{""knn"": 15, ""label_mode"": ""components"", ""lite"": false, ""loss_weights"": [1, 10, 1, 10], ""n_cover"": 15, ""regularization"": 10.0, ""threshold"": 0.5}",0.1.0,2026-06-20T03:03:49+00:00
torus,shapediscover,topology,bar_dominance_h2,1.074,1,1500,3,2.338,15,"{""knn"": 15, ""label_mode"": ""components"", ""lite"": false, ""loss_weights"": [1, 10, 1, 10], ""n_cover"": 15, ""regularization"": 10.0, ""threshold"": 0.5}",0.1.0,2026-06-20T03:03:49+00:00
torus,shapediscover,embedding,trustworthiness,0.9591718648912961,1,1500,3,2.338,15,"{""knn"": 15, ""label_mode"": ""components"", ""lite"": false, ""loss_weights"": [1, 10, 1, 10], ""n_cover"": 15, ""regularization"": 10.0, ""threshold"": 0.5}",0.1.0,2026-06-20T03:03:49+00:00
torus,shapediscover,embedding,continuity,0.9877400436319868,1,1500,3,2.338,15,"{""knn"": 15, ""label_mode"": ""components"", ""lite"": false, ""loss_weights"": [1, 10, 1, 10], ""n_cover"": 15, ""regularization"": 10.0, ""threshold"": 0.5}",0.1.0,2026-06-20T03:03:49+00:00
torus,shapediscover,embedding,knn_recall,0.49662222222222224,1,1500,3,2.338,15,"{""knn"": 15, ""label_mode"": ""components"", ""lite"": false, ""loss_weights"": [1, 10, 1, 10], ""n_cover"": 15, ""regularization"": 10.0, ""threshold"": 0.5}",0.1.0,2026-06-20T03:03:49+00:00
torus,shapediscover,embedding,global_corr,0.8412864718955965,1,1500,3,2.338,15,"{""knn"": 15, ""label_mode"": ""components"", ""lite"": false, ""loss_weights"": [1, 10, 1, 10], ""n_cover"": 15, ""regularization"": 10.0, ""threshold"": 0.5}",0.1.0,2026-06-20T03:03:49+00:00
torus,shapediscover,cost,persistence_s,0.2451,1,1500,3,2.338,15,"{""knn"": 15, ""label_mode"": ""components"", ""lite"": false, ""loss_weights"": [1, 10, 1, 10], ""n_cover"": 15, ""regularization"": 10.0, ""threshold"": 0.5}",0.1.0,2026-06-20T03:03:49+00:00
torus,shapediscover,cost,complex_size,1940.0,1,1500,3,2.338,15,"{""knn"": 15, ""label_mode"": ""components"", ""lite"": false, ""loss_weights"": [1, 10, 1, 10], ""n_cover"": 15, ""regularization"": 10.0, ""threshold"": 0.5}",0.1.0,2026-06-20T03:03:49+00:00
torus,shapediscover,cost,embedding_s,0.0031,1,1500,3,2.338,15,"{""knn"": 15, ""label_mode"": ""components"", ""lite"": false, ""loss_weights"": [1, 10, 1, 10], ""n_cover"": 15, ""regularization"": 10.0, ""threshold"": 0.5}",0.1.0,2026-06-20T03:03:49+00:00
torus,shapediscover,cost,fit_s,2.338,1,1500,3,2.338,15,"{""knn"": 15, ""label_mode"": ""components"", ""lite"": false, ""loss_weights"": [1, 10, 1, 10], ""n_cover"": 15, ""regularization"": 10.0, ""threshold"": 0.5}",0.1.0,2026-06-20T03:03:49+00:00
torus,shapediscover,topology,recovery_quotient,0.0,2,1500,3,2.215,14,"{""knn"": 15, ""label_mode"": ""components"", ""lite"": false, ""loss_weights"": [1, 10, 1, 10], ""n_cover"": 15, ""regularization"": 10.0, ""threshold"": 0.5}",0.1.0,2026-06-20T03:03:49+00:00
torus,shapediscover,topology,complex_size,1940.0,2,1500,3,2.215,14,"{""knn"": 15, ""label_mode"": ""components"", ""lite"": false, ""loss_weights"": [1, 10, 1, 10], ""n_cover"": 15, ""regularization"": 10.0, ""threshold"": 0.5}",0.1.0,2026-06-20T03:03:49+00:00
torus,shapediscover,topology,bar_dominance_min,1.083,2,1500,3,2.215,14,"{""knn"": 15, ""label_mode"": ""components"", ""lite"": false, ""loss_weights"": [1, 10, 1, 10], ""n_cover"": 15, ""regularization"": 10.0, ""threshold"": 0.5}",0.1.0,2026-06-20T03:03:49+00:00
torus,shapediscover,topology,bar_dominance_h0,1000.0,2,1500,3,2.215,14,"{""knn"": 15, ""label_mode"": ""components"", ""lite"": false, ""loss_weights"": [1, 10, 1, 10], ""n_cover"": 15, ""regularization"": 10.0, ""threshold"": 0.5}",0.1.0,2026-06-20T03:03:49+00:00
torus,shapediscover,topology,bar_dominance_h1,1.083,2,1500,3,2.215,14,"{""knn"": 15, ""label_mode"": ""components"", ""lite"": false, ""loss_weights"": [1, 10, 1, 10], ""n_cover"": 15, ""regularization"": 10.0, ""threshold"": 0.5}",0.1.0,2026-06-20T03:03:49+00:00
torus,shapediscover,topology,bar_dominance_h2,2.774,2,1500,3,2.215,14,"{""knn"": 15, ""label_mode"": ""components"", ""lite"": false, ""loss_weights"": [1, 10, 1, 10], ""n_cover"": 15, ""regularization"": 10.0, ""threshold"": 0.5}",0.1.0,2026-06-20T03:03:49+00:00
torus,shapediscover,embedding,trustworthiness,0.962786820130896,2,1500,3,2.215,14,"{""knn"": 15, ""label_mode"": ""components"", ""lite"": false, ""loss_weights"": [1, 10, 1, 10], ""n_cover"": 15, ""regularization"": 10.0, ""threshold"": 0.5}",0.1.0,2026-06-20T03:03:49+00:00
torus,shapediscover,embedding,continuity,0.9899801098322425,2,1500,3,2.215,14,"{""knn"": 15, ""label_mode"": ""components"", ""lite"": false, ""loss_weights"": [1, 10, 1, 10], ""n_cover"": 15, ""regularization"": 10.0, ""threshold"": 0.5}",0.1.0,2026-06-20T03:03:49+00:00
torus,shapediscover,embedding,knn_recall,0.548711111111111,2,1500,3,2.215,14,"{""knn"": 15, ""label_mode"": ""components"", ""lite"": false, ""loss_weights"": [1, 10, 1, 10], ""n_cover"": 15, ""regularization"": 10.0, ""threshold"": 0.5}",0.1.0,2026-06-20T03:03:49+00:00
torus,shapediscover,embedding,global_corr,0.8095075941624336,2,1500,3,2.215,14,"{""knn"": 15, ""label_mode"": ""components"", ""lite"": false, ""loss_weights"": [1, 10, 1, 10], ""n_cover"": 15, ""regularization"": 10.0, ""threshold"": 0.5}",0.1.0,2026-06-20T03:03:49+00:00
torus,shapediscover,cost,persistence_s,0.2418,2,1500,3,2.215,14,"{""knn"": 15, ""label_mode"": ""components"", ""lite"": false, ""loss_weights"": [1, 10, 1, 10], ""n_cover"": 15, ""regularization"": 10.0, ""threshold"": 0.5}",0.1.0,2026-06-20T03:03:49+00:00
torus,shapediscover,cost,complex_size,1940.0,2,1500,3,2.215,14,"{""knn"": 15, ""label_mode"": ""components"", ""lite"": false, ""loss_weights"": [1, 10, 1, 10], ""n_cover"": 15, ""regularization"": 10.0, ""threshold"": 0.5}",0.1.0,2026-06-20T03:03:49+00:00
torus,shapediscover,cost,embedding_s,0.003,2,1500,3,2.215,14,"{""knn"": 15, ""label_mode"": ""components"", ""lite"": false, ""loss_weights"": [1, 10, 1, 10], ""n_cover"": 15, ""regularization"": 10.0, ""threshold"": 0.5}",0.1.0,2026-06-20T03:03:49+00:00
torus,shapediscover,cost,fit_s,2.215,2,1500,3,2.215,14,"{""knn"": 15, ""label_mode"": ""components"", ""lite"": false, ""loss_weights"": [1, 10, 1, 10], ""n_cover"": 15, ""regularization"": 10.0, ""threshold"": 0.5}",0.1.0,2026-06-20T03:03:49+00:00
two_circles,shapediscover,topology,recovery_quotient,0.147,0,800,2,0.757,15,"{""knn"": 15, ""label_mode"": ""components"", ""lite"": false, ""loss_weights"": [1, 10, 1, 10], ""n_cover"": 15, ""regularization"": 10.0, ""threshold"": 0.5}",0.1.0,2026-06-20T03:03:49+00:00
two_circles,shapediscover,topology,complex_size,575.0,0,800,2,0.757,15,"{""knn"": 15, ""label_mode"": ""components"", ""lite"": false, ""loss_weights"": [1, 10, 1, 10], ""n_cover"": 15, ""regularization"": 10.0, ""threshold"": 0.5}",0.1.0,2026-06-20T03:03:49+00:00
two_circles,shapediscover,topology,bar_dominance_min,2.029,0,800,2,0.757,15,"{""knn"": 15, ""label_mode"": ""components"", ""lite"": false, ""loss_weights"": [1, 10, 1, 10], ""n_cover"": 15, ""regularization"": 10.0, ""threshold"": 0.5}",0.1.0,2026-06-20T03:03:49+00:00
two_circles,shapediscover,topology,bar_dominance_h0,2.029,0,800,2,0.757,15,"{""knn"": 15, ""label_mode"": ""components"", ""lite"": false, ""loss_weights"": [1, 10, 1, 10], ""n_cover"": 15, ""regularization"": 10.0, ""threshold"": 0.5}",0.1.0,2026-06-20T03:03:49+00:00
two_circles,shapediscover,topology,bar_dominance_h1,56.302,0,800,2,0.757,15,"{""knn"": 15, ""label_mode"": ""components"", ""lite"": false, ""loss_weights"": [1, 10, 1, 10], ""n_cover"": 15, ""regularization"": 10.0, ""threshold"": 0.5}",0.1.0,2026-06-20T03:03:49+00:00
two_circles,shapediscover,clustering,ari,0.5906407994733017,0,800,2,0.757,15,"{""knn"": 15, ""label_mode"": ""components"", ""lite"": false, ""loss_weights"": [1, 10, 1, 10], ""n_cover"": 15, ""regularization"": 10.0, ""threshold"": 0.5}",0.1.0,2026-06-20T03:03:49+00:00
two_circles,shapediscover,clustering,ami,0.6670410613892835,0,800,2,0.757,15,"{""knn"": 15, ""label_mode"": ""components"", ""lite"": false, ""loss_weights"": [1, 10, 1, 10], ""n_cover"": 15, ""regularization"": 10.0, ""threshold"": 0.5}",0.1.0,2026-06-20T03:03:49+00:00
two_circles,shapediscover,clustering,nmi,0.6678483721397918,0,800,2,0.757,15,"{""knn"": 15, ""label_mode"": ""components"", ""lite"": false, ""loss_weights"": [1, 10, 1, 10], ""n_cover"": 15, ""regularization"": 10.0, ""threshold"": 0.5}",0.1.0,2026-06-20T03:03:49+00:00
two_circles,shapediscover,clustering,homogeneity,0.9999999999999993,0,800,2,0.757,15,"{""knn"": 15, ""label_mode"": ""components"", ""lite"": false, ""loss_weights"": [1, 10, 1, 10], ""n_cover"": 15, ""regularization"": 10.0, ""threshold"": 0.5}",0.1.0,2026-06-20T03:03:49+00:00
two_circles,shapediscover,clustering,completeness,0.5013305979384156,0,800,2,0.757,15,"{""knn"": 15, ""label_mode"": ""components"", ""lite"": false, ""loss_weights"": [1, 10, 1, 10], ""n_cover"": 15, ""regularization"": 10.0, ""threshold"": 0.5}",0.1.0,2026-06-20T03:03:49+00:00
two_circles,shapediscover,clustering,n_clusters_pred,5.0,0,800,2,0.757,15,"{""knn"": 15, ""label_mode"": ""components"", ""lite"": false, ""loss_weights"": [1, 10, 1, 10], ""n_cover"": 15, ""regularization"": 10.0, ""threshold"": 0.5}",0.1.0,2026-06-20T03:03:49+00:00
two_circles,shapediscover,clustering,n_clusters_true,2.0,0,800,2,0.757,15,"{""knn"": 15, ""label_mode"": ""components"", ""lite"": false, ""loss_weights"": [1, 10, 1, 10], ""n_cover"": 15, ""regularization"": 10.0, ""threshold"": 0.5}",0.1.0,2026-06-20T03:03:49+00:00
two_circles,shapediscover,embedding,trustworthiness,0.8858785928785928,0,800,2,0.757,15,"{""knn"": 15, ""label_mode"": ""components"", ""lite"": false, ""loss_weights"": [1, 10, 1, 10], ""n_cover"": 15, ""regularization"": 10.0, ""threshold"": 0.5}",0.1.0,2026-06-20T03:03:49+00:00
two_circles,shapediscover,embedding,continuity,0.9532466752466753,0,800,2,0.757,15,"{""knn"": 15, ""label_mode"": ""components"", ""lite"": false, ""loss_weights"": [1, 10, 1, 10], ""n_cover"": 15, ""regularization"": 10.0, ""threshold"": 0.5}",0.1.0,2026-06-20T03:03:49+00:00
two_circles,shapediscover,embedding,knn_recall,0.40399999999999997,0,800,2,0.757,15,"{""knn"": 15, ""label_mode"": ""components"", ""lite"": false, ""loss_weights"": [1, 10, 1, 10], ""n_cover"": 15, ""regularization"": 10.0, ""threshold"": 0.5}",0.1.0,2026-06-20T03:03:49+00:00
two_circles,shapediscover,embedding,global_corr,0.5844340444659535,0,800,2,0.757,15,"{""knn"": 15, ""label_mode"": ""components"", ""lite"": false, ""loss_weights"": [1, 10, 1, 10], ""n_cover"": 15, ""regularization"": 10.0, ""threshold"": 0.5}",0.1.0,2026-06-20T03:03:49+00:00
two_circles,shapediscover,cost,persistence_s,0.1754,0,800,2,0.757,15,"{""knn"": 15, ""label_mode"": ""components"", ""lite"": false, ""loss_weights"": [1, 10, 1, 10], ""n_cover"": 15, ""regularization"": 10.0, ""threshold"": 0.5}",0.1.0,2026-06-20T03:03:49+00:00
two_circles,shapediscover,cost,complex_size,575.0,0,800,2,0.757,15,"{""knn"": 15, ""label_mode"": ""components"", ""lite"": false, ""loss_weights"": [1, 10, 1, 10], ""n_cover"": 15, ""regularization"": 10.0, ""threshold"": 0.5}",0.1.0,2026-06-20T03:03:49+00:00
two_circles,shapediscover,cost,clustering_s,0.0007,0,800,2,0.757,15,"{""knn"": 15, ""label_mode"": ""components"", ""lite"": false, ""loss_weights"": [1, 10, 1, 10], ""n_cover"": 15, ""regularization"": 10.0, ""threshold"": 0.5}",0.1.0,2026-06-20T03:03:49+00:00
two_circles,shapediscover,cost,embedding_s,0.0029,0,800,2,0.757,15,"{""knn"": 15, ""label_mode"": ""components"", ""lite"": false, ""loss_weights"": [1, 10, 1, 10], ""n_cover"": 15, ""regularization"": 10.0, ""threshold"": 0.5}",0.1.0,2026-06-20T03:03:49+00:00
two_circles,shapediscover,cost,fit_s,0.757,0,800,2,0.757,15,"{""knn"": 15, ""label_mode"": ""components"", ""lite"": false, ""loss_weights"": [1, 10, 1, 10], ""n_cover"": 15, ""regularization"": 10.0, ""threshold"": 0.5}",0.1.0,2026-06-20T03:03:49+00:00
two_circles,shapediscover,topology,recovery_quotient,0.187,1,800,2,0.63,15,"{""knn"": 15, ""label_mode"": ""components"", ""lite"": false, ""loss_weights"": [1, 10, 1, 10], ""n_cover"": 15, ""regularization"": 10.0, ""threshold"": 0.5}",0.1.0,2026-06-20T03:03:49+00:00
two_circles,shapediscover,topology,complex_size,575.0,1,800,2,0.63,15,"{""knn"": 15, ""label_mode"": ""components"", ""lite"": false, ""loss_weights"": [1, 10, 1, 10], ""n_cover"": 15, ""regularization"": 10.0, ""threshold"": 0.5}",0.1.0,2026-06-20T03:03:49+00:00
two_circles,shapediscover,topology,bar_dominance_min,2.546,1,800,2,0.63,15,"{""knn"": 15, ""label_mode"": ""components"", ""lite"": false, ""loss_weights"": [1, 10, 1, 10], ""n_cover"": 15, ""regularization"": 10.0, ""threshold"": 0.5}",0.1.0,2026-06-20T03:03:49+00:00
two_circles,shapediscover,topology,bar_dominance_h0,2.546,1,800,2,0.63,15,"{""knn"": 15, ""label_mode"": ""components"", ""lite"": false, ""loss_weights"": [1, 10, 1, 10], ""n_cover"": 15, ""regularization"": 10.0, ""threshold"": 0.5}",0.1.0,2026-06-20T03:03:49+00:00
two_circles,shapediscover,topology,bar_dominance_h1,13.091,1,800,2,0.63,15,"{""knn"": 15, ""label_mode"": ""components"", ""lite"": false, ""loss_weights"": [1, 10, 1, 10], ""n_cover"": 15, ""regularization"": 10.0, ""threshold"": 0.5}",0.1.0,2026-06-20T03:03:49+00:00
two_circles,shapediscover,clustering,ari,0.7564272661446817,1,800,2,0.63,15,"{""knn"": 15, ""label_mode"": ""components"", ""lite"": false, ""loss_weights"": [1, 10, 1, 10], ""n_cover"": 15, ""regularization"": 10.0, ""threshold"": 0.5}",0.1.0,2026-06-20T03:03:49+00:00
two_circles,shapediscover,clustering,ami,0.8028827757586755,1,800,2,0.63,15,"{""knn"": 15, ""label_mode"": ""components"", ""lite"": false, ""loss_weights"": [1, 10, 1, 10], ""n_cover"": 15, ""regularization"": 10.0, ""threshold"": 0.5}",0.1.0,2026-06-20T03:03:49+00:00
two_circles,shapediscover,clustering,nmi,0.8031691095892768,1,800,2,0.63,15,"{""knn"": 15, ""label_mode"": ""components"", ""lite"": false, ""loss_weights"": [1, 10, 1, 10], ""n_cover"": 15, ""regularization"": 10.0, ""threshold"": 0.5}",0.1.0,2026-06-20T03:03:49+00:00
two_circles,shapediscover,clustering,homogeneity,1.0,1,800,2,0.63,15,"{""knn"": 15, ""label_mode"": ""components"", ""lite"": false, ""loss_weights"": [1, 10, 1, 10], ""n_cover"": 15, ""regularization"": 10.0, ""threshold"": 0.5}",0.1.0,2026-06-20T03:03:49+00:00
two_circles,shapediscover,clustering,completeness,0.6710798626810581,1,800,2,0.63,15,"{""knn"": 15, ""label_mode"": ""components"", ""lite"": false, ""loss_weights"": [1, 10, 1, 10], ""n_cover"": 15, ""regularization"": 10.0, ""threshold"": 0.5}",0.1.0,2026-06-20T03:03:49+00:00
two_circles,shapediscover,clustering,n_clusters_pred,3.0,1,800,2,0.63,15,"{""knn"": 15, ""label_mode"": ""components"", ""lite"": false, ""loss_weights"": [1, 10, 1, 10], ""n_cover"": 15, ""regularization"": 10.0, ""threshold"": 0.5}",0.1.0,2026-06-20T03:03:49+00:00
two_circles,shapediscover,clustering,n_clusters_true,2.0,1,800,2,0.63,15,"{""knn"": 15, ""label_mode"": ""components"", ""lite"": false, ""loss_weights"": [1, 10, 1, 10], ""n_cover"": 15, ""regularization"": 10.0, ""threshold"": 0.5}",0.1.0,2026-06-20T03:03:49+00:00
two_circles,shapediscover,embedding,trustworthiness,0.9778544616044617,1,800,2,0.63,15,"{""knn"": 15, ""label_mode"": ""components"", ""lite"": false, ""loss_weights"": [1, 10, 1, 10], ""n_cover"": 15, ""regularization"": 10.0, ""threshold"": 0.5}",0.1.0,2026-06-20T03:03:49+00:00
two_circles,shapediscover,embedding,continuity,0.9885764693264694,1,800,2,0.63,15,"{""knn"": 15, ""label_mode"": ""components"", ""lite"": false, ""loss_weights"": [1, 10, 1, 10], ""n_cover"": 15, ""regularization"": 10.0, ""threshold"": 0.5}",0.1.0,2026-06-20T03:03:49+00:00
two_circles,shapediscover,embedding,knn_recall,0.679,1,800,2,0.63,15,"{""knn"": 15, ""label_mode"": ""components"", ""lite"": false, ""loss_weights"": [1, 10, 1, 10], ""n_cover"": 15, ""regularization"": 10.0, ""threshold"": 0.5}",0.1.0,2026-06-20T03:03:49+00:00
two_circles,shapediscover,embedding,global_corr,0.7827042809127289,1,800,2,0.63,15,"{""knn"": 15, ""label_mode"": ""components"", ""lite"": false, ""loss_weights"": [1, 10, 1, 10], ""n_cover"": 15, ""regularization"": 10.0, ""threshold"": 0.5}",0.1.0,2026-06-20T03:03:49+00:00
two_circles,shapediscover,cost,persistence_s,0.1763,1,800,2,0.63,15,"{""knn"": 15, ""label_mode"": ""components"", ""lite"": false, ""loss_weights"": [1, 10, 1, 10], ""n_cover"": 15, ""regularization"": 10.0, ""threshold"": 0.5}",0.1.0,2026-06-20T03:03:49+00:00
two_circles,shapediscover,cost,complex_size,575.0,1,800,2,0.63,15,"{""knn"": 15, ""label_mode"": ""components"", ""lite"": false, ""loss_weights"": [1, 10, 1, 10], ""n_cover"": 15, ""regularization"": 10.0, ""threshold"": 0.5}",0.1.0,2026-06-20T03:03:49+00:00
two_circles,shapediscover,cost,clustering_s,0.0009,1,800,2,0.63,15,"{""knn"": 15, ""label_mode"": ""components"", ""lite"": false, ""loss_weights"": [1, 10, 1, 10], ""n_cover"": 15, ""regularization"": 10.0, ""threshold"": 0.5}",0.1.0,2026-06-20T03:03:49+00:00
two_circles,shapediscover,cost,embedding_s,0.0029,1,800,2,0.63,15,"{""knn"": 15, ""label_mode"": ""components"", ""lite"": false, ""loss_weights"": [1, 10, 1, 10], ""n_cover"": 15, ""regularization"": 10.0, ""threshold"": 0.5}",0.1.0,2026-06-20T03:03:49+00:00
two_circles,shapediscover,cost,fit_s,0.63,1,800,2,0.63,15,"{""knn"": 15, ""label_mode"": ""components"", ""lite"": false, ""loss_weights"": [1, 10, 1, 10], ""n_cover"": 15, ""regularization"": 10.0, ""threshold"": 0.5}",0.1.0,2026-06-20T03:03:49+00:00
two_circles,shapediscover,topology,recovery_quotient,0.78,2,800,2,0.671,15,"{""knn"": 15, ""label_mode"": ""components"", ""lite"": false, ""loss_weights"": [1, 10, 1, 10], ""n_cover"": 15, ""regularization"": 10.0, ""threshold"": 0.5}",0.1.0,2026-06-20T03:03:49+00:00
two_circles,shapediscover,topology,complex_size,575.0,2,800,2,0.671,15,"{""knn"": 15, ""label_mode"": ""components"", ""lite"": false, ""loss_weights"": [1, 10, 1, 10], ""n_cover"": 15, ""regularization"": 10.0, ""threshold"": 0.5}",0.1.0,2026-06-20T03:03:49+00:00
two_circles,shapediscover,topology,bar_dominance_min,11.809,2,800,2,0.671,15,"{""knn"": 15, ""label_mode"": ""components"", ""lite"": false, ""loss_weights"": [1, 10, 1, 10], ""n_cover"": 15, ""regularization"": 10.0, ""threshold"": 0.5}",0.1.0,2026-06-20T03:03:49+00:00
two_circles,shapediscover,topology,bar_dominance_h0,11.809,2,800,2,0.671,15,"{""knn"": 15, ""label_mode"": ""components"", ""lite"": false, ""loss_weights"": [1, 10, 1, 10], ""n_cover"": 15, ""regularization"": 10.0, ""threshold"": 0.5}",0.1.0,2026-06-20T03:03:49+00:00
two_circles,shapediscover,topology,bar_dominance_h1,52.848,2,800,2,0.671,15,"{""knn"": 15, ""label_mode"": ""components"", ""lite"": false, ""loss_weights"": [1, 10, 1, 10], ""n_cover"": 15, ""regularization"": 10.0, ""threshold"": 0.5}",0.1.0,2026-06-20T03:03:49+00:00
two_circles,shapediscover,clustering,ari,1.0,2,800,2,0.671,15,"{""knn"": 15, ""label_mode"": ""components"", ""lite"": false, ""loss_weights"": [1, 10, 1, 10], ""n_cover"": 15, ""regularization"": 10.0, ""threshold"": 0.5}",0.1.0,2026-06-20T03:03:49+00:00
two_circles,shapediscover,clustering,ami,1.0,2,800,2,0.671,15,"{""knn"": 15, ""label_mode"": ""components"", ""lite"": false, ""loss_weights"": [1, 10, 1, 10], ""n_cover"": 15, ""regularization"": 10.0, ""threshold"": 0.5}",0.1.0,2026-06-20T03:03:49+00:00
two_circles,shapediscover,clustering,nmi,1.0,2,800,2,0.671,15,"{""knn"": 15, ""label_mode"": ""components"", ""lite"": false, ""loss_weights"": [1, 10, 1, 10], ""n_cover"": 15, ""regularization"": 10.0, ""threshold"": 0.5}",0.1.0,2026-06-20T03:03:49+00:00
two_circles,shapediscover,clustering,homogeneity,1.0,2,800,2,0.671,15,"{""knn"": 15, ""label_mode"": ""components"", ""lite"": false, ""loss_weights"": [1, 10, 1, 10], ""n_cover"": 15, ""regularization"": 10.0, ""threshold"": 0.5}",0.1.0,2026-06-20T03:03:49+00:00
two_circles,shapediscover,clustering,completeness,1.0,2,800,2,0.671,15,"{""knn"": 15, ""label_mode"": ""components"", ""lite"": false, ""loss_weights"": [1, 10, 1, 10], ""n_cover"": 15, ""regularization"": 10.0, ""threshold"": 0.5}",0.1.0,2026-06-20T03:03:49+00:00
two_circles,shapediscover,clustering,n_clusters_pred,2.0,2,800,2,0.671,15,"{""knn"": 15, ""label_mode"": ""components"", ""lite"": false, ""loss_weights"": [1, 10, 1, 10], ""n_cover"": 15, ""regularization"": 10.0, ""threshold"": 0.5}",0.1.0,2026-06-20T03:03:49+00:00
two_circles,shapediscover,clustering,n_clusters_true,2.0,2,800,2,0.671,15,"{""knn"": 15, ""label_mode"": ""components"", ""lite"": false, ""loss_weights"": [1, 10, 1, 10], ""n_cover"": 15, ""regularization"": 10.0, ""threshold"": 0.5}",0.1.0,2026-06-20T03:03:49+00:00
two_circles,shapediscover,embedding,trustworthiness,0.9902875375375375,2,800,2,0.671,15,"{""knn"": 15, ""label_mode"": ""components"", ""lite"": false, ""loss_weights"": [1, 10, 1, 10], ""n_cover"": 15, ""regularization"": 10.0, ""threshold"": 0.5}",0.1.0,2026-06-20T03:03:49+00:00
two_circles,shapediscover,embedding,continuity,0.9942522522522522,2,800,2,0.671,15,"{""knn"": 15, ""label_mode"": ""components"", ""lite"": false, ""loss_weights"": [1, 10, 1, 10], ""n_cover"": 15, ""regularization"": 10.0, ""threshold"": 0.5}",0.1.0,2026-06-20T03:03:49+00:00
two_circles,shapediscover,embedding,knn_recall,0.7587499999999999,2,800,2,0.671,15,"{""knn"": 15, ""label_mode"": ""components"", ""lite"": false, ""loss_weights"": [1, 10, 1, 10], ""n_cover"": 15, ""regularization"": 10.0, ""threshold"": 0.5}",0.1.0,2026-06-20T03:03:49+00:00
two_circles,shapediscover,embedding,global_corr,0.8057135741127223,2,800,2,0.671,15,"{""knn"": 15, ""label_mode"": ""components"", ""lite"": false, ""loss_weights"": [1, 10, 1, 10], ""n_cover"": 15, ""regularization"": 10.0, ""threshold"": 0.5}",0.1.0,2026-06-20T03:03:49+00:00
two_circles,shapediscover,cost,persistence_s,0.1721,2,800,2,0.671,15,"{""knn"": 15, ""label_mode"": ""components"", ""lite"": false, ""loss_weights"": [1, 10, 1, 10], ""n_cover"": 15, ""regularization"": 10.0, ""threshold"": 0.5}",0.1.0,2026-06-20T03:03:49+00:00
two_circles,shapediscover,cost,complex_size,575.0,2,800,2,0.671,15,"{""knn"": 15, ""label_mode"": ""components"", ""lite"": false, ""loss_weights"": [1, 10, 1, 10], ""n_cover"": 15, ""regularization"": 10.0, ""threshold"": 0.5}",0.1.0,2026-06-20T03:03:49+00:00
two_circles,shapediscover,cost,clustering_s,0.0007,2,800,2,0.671,15,"{""knn"": 15, ""label_mode"": ""components"", ""lite"": false, ""loss_weights"": [1, 10, 1, 10], ""n_cover"": 15, ""regularization"": 10.0, ""threshold"": 0.5}",0.1.0,2026-06-20T03:03:49+00:00
two_circles,shapediscover,cost,embedding_s,0.0029,2,800,2,0.671,15,"{""knn"": 15, ""label_mode"": ""components"", ""lite"": false, ""loss_weights"": [1, 10, 1, 10], ""n_cover"": 15, ""regularization"": 10.0, ""threshold"": 0.5}",0.1.0,2026-06-20T03:03:49+00:00
two_circles,shapediscover,cost,fit_s,0.671,2,800,2,0.671,15,"{""knn"": 15, ""label_mode"": ""components"", ""lite"": false, ""loss_weights"": [1, 10, 1, 10], ""n_cover"": 15, ""regularization"": 10.0, ""threshold"": 0.5}",0.1.0,2026-06-20T03:03:49+00:00
swiss_roll,shapediscover,embedding,trustworthiness,0.982033972767622,0,1500,3,2.185,13,"{""knn"": 15, ""label_mode"": ""components"", ""lite"": false, ""loss_weights"": [1, 10, 1, 10], ""n_cover"": 15, ""regularization"": 10.0, ""threshold"": 0.5}",0.1.0,2026-06-20T03:03:49+00:00
swiss_roll,shapediscover,embedding,continuity,0.9928475137290304,0,1500,3,2.185,13,"{""knn"": 15, ""label_mode"": ""components"", ""lite"": false, ""loss_weights"": [1, 10, 1, 10], ""n_cover"": 15, ""regularization"": 10.0, ""threshold"": 0.5}",0.1.0,2026-06-20T03:03:49+00:00
swiss_roll,shapediscover,embedding,knn_recall,0.5730222222222222,0,1500,3,2.185,13,"{""knn"": 15, ""label_mode"": ""components"", ""lite"": false, ""loss_weights"": [1, 10, 1, 10], ""n_cover"": 15, ""regularization"": 10.0, ""threshold"": 0.5}",0.1.0,2026-06-20T03:03:49+00:00
swiss_roll,shapediscover,embedding,global_corr,0.3057583847545683,0,1500,3,2.185,13,"{""knn"": 15, ""label_mode"": ""components"", ""lite"": false, ""loss_weights"": [1, 10, 1, 10], ""n_cover"": 15, ""regularization"": 10.0, ""threshold"": 0.5}",0.1.0,2026-06-20T03:03:49+00:00
swiss_roll,shapediscover,cost,embedding_s,0.0029,0,1500,3,2.185,13,"{""knn"": 15, ""label_mode"": ""components"", ""lite"": false, ""loss_weights"": [1, 10, 1, 10], ""n_cover"": 15, ""regularization"": 10.0, ""threshold"": 0.5}",0.1.0,2026-06-20T03:03:49+00:00
swiss_roll,shapediscover,cost,fit_s,2.185,0,1500,3,2.185,13,"{""knn"": 15, ""label_mode"": ""components"", ""lite"": false, ""loss_weights"": [1, 10, 1, 10], ""n_cover"": 15, ""regularization"": 10.0, ""threshold"": 0.5}",0.1.0,2026-06-20T03:03:49+00:00
swiss_roll,shapediscover,embedding,trustworthiness,0.9807925374257128,1,1500,3,2.208,12,"{""knn"": 15, ""label_mode"": ""components"", ""lite"": false, ""loss_weights"": [1, 10, 1, 10], ""n_cover"": 15, ""regularization"": 10.0, ""threshold"": 0.5}",0.1.0,2026-06-20T03:03:49+00:00
swiss_roll,shapediscover,embedding,continuity,0.9927987662679606,1,1500,3,2.208,12,"{""knn"": 15, ""label_mode"": ""components"", ""lite"": false, ""loss_weights"": [1, 10, 1, 10], ""n_cover"": 15, ""regularization"": 10.0, ""threshold"": 0.5}",0.1.0,2026-06-20T03:03:49+00:00
swiss_roll,shapediscover,embedding,knn_recall,0.5729333333333333,1,1500,3,2.208,12,"{""knn"": 15, ""label_mode"": ""components"", ""lite"": false, ""loss_weights"": [1, 10, 1, 10], ""n_cover"": 15, ""regularization"": 10.0, ""threshold"": 0.5}",0.1.0,2026-06-20T03:03:49+00:00
swiss_roll,shapediscover,embedding,global_corr,0.3149042027481065,1,1500,3,2.208,12,"{""knn"": 15, ""label_mode"": ""components"", ""lite"": false, ""loss_weights"": [1, 10, 1, 10], ""n_cover"": 15, ""regularization"": 10.0, ""threshold"": 0.5}",0.1.0,2026-06-20T03:03:49+00:00
swiss_roll,shapediscover,cost,embedding_s,0.0028,1,1500,3,2.208,12,"{""knn"": 15, ""label_mode"": ""components"", ""lite"": false, ""loss_weights"": [1, 10, 1, 10], ""n_cover"": 15, ""regularization"": 10.0, ""threshold"": 0.5}",0.1.0,2026-06-20T03:03:49+00:00
swiss_roll,shapediscover,cost,fit_s,2.208,1,1500,3,2.208,12,"{""knn"": 15, ""label_mode"": ""components"", ""lite"": false, ""loss_weights"": [1, 10, 1, 10], ""n_cover"": 15, ""regularization"": 10.0, ""threshold"": 0.5}",0.1.0,2026-06-20T03:03:49+00:00
swiss_roll,shapediscover,embedding,trustworthiness,0.9791443316030993,2,1500,3,2.189,13,"{""knn"": 15, ""label_mode"": ""components"", ""lite"": false, ""loss_weights"": [1, 10, 1, 10], ""n_cover"": 15, ""regularization"": 10.0, ""threshold"": 0.5}",0.1.0,2026-06-20T03:03:49+00:00
swiss_roll,shapediscover,embedding,continuity,0.9926053712480253,2,1500,3,2.189,13,"{""knn"": 15, ""label_mode"": ""components"", ""lite"": false, ""loss_weights"": [1, 10, 1, 10], ""n_cover"": 15, ""regularization"": 10.0, ""threshold"": 0.5}",0.1.0,2026-06-20T03:03:49+00:00
swiss_roll,shapediscover,embedding,knn_recall,0.5721777777777778,2,1500,3,2.189,13,"{""knn"": 15, ""label_mode"": ""components"", ""lite"": false, ""loss_weights"": [1, 10, 1, 10], ""n_cover"": 15, ""regularization"": 10.0, ""threshold"": 0.5}",0.1.0,2026-06-20T03:03:49+00:00
swiss_roll,shapediscover,embedding,global_corr,0.2778664978442417,2,1500,3,2.189,13,"{""knn"": 15, ""label_mode"": ""components"", ""lite"": false, ""loss_weights"": [1, 10, 1, 10], ""n_cover"": 15, ""regularization"": 10.0, ""threshold"": 0.5}",0.1.0,2026-06-20T03:03:49+00:00
swiss_roll,shapediscover,cost,embedding_s,0.0028,2,1500,3,2.189,13,"{""knn"": 15, ""label_mode"": ""components"", ""lite"": false, ""loss_weights"": [1, 10, 1, 10], ""n_cover"": 15, ""regularization"": 10.0, ""threshold"": 0.5}",0.1.0,2026-06-20T03:03:49+00:00
swiss_roll,shapediscover,cost,fit_s,2.189,2,1500,3,2.189,13,"{""knn"": 15, ""label_mode"": ""components"", ""lite"": false, ""loss_weights"": [1, 10, 1, 10], ""n_cover"": 15, ""regularization"": 10.0, ""threshold"": 0.5}",0.1.0,2026-06-20T03:03:49+00:00
s_curve,shapediscover,embedding,trustworthiness,0.9938615812833822,0,1500,3,2.198,15,"{""knn"": 15, ""label_mode"": ""components"", ""lite"": false, ""loss_weights"": [1, 10, 1, 10], ""n_cover"": 15, ""regularization"": 10.0, ""threshold"": 0.5}",0.1.0,2026-06-20T03:03:49+00:00
s_curve,shapediscover,embedding,continuity,0.9952327390355826,0,1500,3,2.198,15,"{""knn"": 15, ""label_mode"": ""components"", ""lite"": false, ""loss_weights"": [1, 10, 1, 10], ""n_cover"": 15, ""regularization"": 10.0, ""threshold"": 0.5}",0.1.0,2026-06-20T03:03:49+00:00
s_curve,shapediscover,embedding,knn_recall,0.6657333333333334,0,1500,3,2.198,15,"{""knn"": 15, ""label_mode"": ""components"", ""lite"": false, ""loss_weights"": [1, 10, 1, 10], ""n_cover"": 15, ""regularization"": 10.0, ""threshold"": 0.5}",0.1.0,2026-06-20T03:03:49+00:00
s_curve,shapediscover,embedding,global_corr,0.8850406072954939,0,1500,3,2.198,15,"{""knn"": 15, ""label_mode"": ""components"", ""lite"": false, ""loss_weights"": [1, 10, 1, 10], ""n_cover"": 15, ""regularization"": 10.0, ""threshold"": 0.5}",0.1.0,2026-06-20T03:03:49+00:00
s_curve,shapediscover,cost,embedding_s,0.0031,0,1500,3,2.198,15,"{""knn"": 15, ""label_mode"": ""components"", ""lite"": false, ""loss_weights"": [1, 10, 1, 10], ""n_cover"": 15, ""regularization"": 10.0, ""threshold"": 0.5}",0.1.0,2026-06-20T03:03:49+00:00
s_curve,shapediscover,cost,fit_s,2.198,0,1500,3,2.198,15,"{""knn"": 15, ""label_mode"": ""components"", ""lite"": false, ""loss_weights"": [1, 10, 1, 10], ""n_cover"": 15, ""regularization"": 10.0, ""threshold"": 0.5}",0.1.0,2026-06-20T03:03:49+00:00
s_curve,shapediscover,embedding,trustworthiness,0.9922938388625593,1,1500,3,2.181,15,"{""knn"": 15, ""label_mode"": ""components"", ""lite"": false, ""loss_weights"": [1, 10, 1, 10], ""n_cover"": 15, ""regularization"": 10.0, ""threshold"": 0.5}",0.1.0,2026-06-20T03:03:49+00:00
s_curve,shapediscover,embedding,continuity,0.9941104340630407,1,1500,3,2.181,15,"{""knn"": 15, ""label_mode"": ""components"", ""lite"": false, ""loss_weights"": [1, 10, 1, 10], ""n_cover"": 15, ""regularization"": 10.0, ""threshold"": 0.5}",0.1.0,2026-06-20T03:03:49+00:00
s_curve,shapediscover,embedding,knn_recall,0.6401333333333333,1,1500,3,2.181,15,"{""knn"": 15, ""label_mode"": ""components"", ""lite"": false, ""loss_weights"": [1, 10, 1, 10], ""n_cover"": 15, ""regularization"": 10.0, ""threshold"": 0.5}",0.1.0,2026-06-20T03:03:49+00:00
s_curve,shapediscover,embedding,global_corr,0.8662997077702017,1,1500,3,2.181,15,"{""knn"": 15, ""label_mode"": ""components"", ""lite"": false, ""loss_weights"": [1, 10, 1, 10], ""n_cover"": 15, ""regularization"": 10.0, ""threshold"": 0.5}",0.1.0,2026-06-20T03:03:49+00:00
s_curve,shapediscover,cost,embedding_s,0.0038,1,1500,3,2.181,15,"{""knn"": 15, ""label_mode"": ""components"", ""lite"": false, ""loss_weights"": [1, 10, 1, 10], ""n_cover"": 15, ""regularization"": 10.0, ""threshold"": 0.5}",0.1.0,2026-06-20T03:03:49+00:00
s_curve,shapediscover,cost,fit_s,2.181,1,1500,3,2.181,15,"{""knn"": 15, ""label_mode"": ""components"", ""lite"": false, ""loss_weights"": [1, 10, 1, 10], ""n_cover"": 15, ""regularization"": 10.0, ""threshold"": 0.5}",0.1.0,2026-06-20T03:03:49+00:00
s_curve,shapediscover,embedding,trustworthiness,0.9925826826149101,2,1500,3,2.18,15,"{""knn"": 15, ""label_mode"": ""components"", ""lite"": false, ""loss_weights"": [1, 10, 1, 10], ""n_cover"": 15, ""regularization"": 10.0, ""threshold"": 0.5}",0.1.0,2026-06-20T03:03:49+00:00
s_curve,shapediscover,embedding,continuity,0.9948079440306928,2,1500,3,2.18,15,"{""knn"": 15, ""label_mode"": ""components"", ""lite"": false, ""loss_weights"": [1, 10, 1, 10], ""n_cover"": 15, ""regularization"": 10.0, ""threshold"": 0.5}",0.1.0,2026-06-20T03:03:49+00:00
s_curve,shapediscover,embedding,knn_recall,0.6342666666666666,2,1500,3,2.18,15,"{""knn"": 15, ""label_mode"": ""components"", ""lite"": false, ""loss_weights"": [1, 10, 1, 10], ""n_cover"": 15, ""regularization"": 10.0, ""threshold"": 0.5}",0.1.0,2026-06-20T03:03:49+00:00
s_curve,shapediscover,embedding,global_corr,0.8949206643310772,2,1500,3,2.18,15,"{""knn"": 15, ""label_mode"": ""components"", ""lite"": false, ""loss_weights"": [1, 10, 1, 10], ""n_cover"": 15, ""regularization"": 10.0, ""threshold"": 0.5}",0.1.0,2026-06-20T03:03:49+00:00
s_curve,shapediscover,cost,embedding_s,0.0031,2,1500,3,2.18,15,"{""knn"": 15, ""label_mode"": ""components"", ""lite"": false, ""loss_weights"": [1, 10, 1, 10], ""n_cover"": 15, ""regularization"": 10.0, ""threshold"": 0.5}",0.1.0,2026-06-20T03:03:49+00:00
s_curve,shapediscover,cost,fit_s,2.18,2,1500,3,2.18,15,"{""knn"": 15, ""label_mode"": ""components"", ""lite"": false, ""loss_weights"": [1, 10, 1, 10], ""n_cover"": 15, ""regularization"": 10.0, ""threshold"": 0.5}",0.1.0,2026-06-20T03:03:49+00:00
blobs,shapediscover,clustering,ari,1.0,0,900,10,1.564,5,"{""knn"": 15, ""label_mode"": ""components"", ""lite"": false, ""loss_weights"": [1, 10, 1, 10], ""n_cover"": 15, ""regularization"": 10.0, ""threshold"": 0.5}",0.1.0,2026-06-20T03:03:49+00:00
blobs,shapediscover,clustering,ami,1.0,0,900,10,1.564,5,"{""knn"": 15, ""label_mode"": ""components"", ""lite"": false, ""loss_weights"": [1, 10, 1, 10], ""n_cover"": 15, ""regularization"": 10.0, ""threshold"": 0.5}",0.1.0,2026-06-20T03:03:49+00:00
blobs,shapediscover,clustering,nmi,1.0,0,900,10,1.564,5,"{""knn"": 15, ""label_mode"": ""components"", ""lite"": false, ""loss_weights"": [1, 10, 1, 10], ""n_cover"": 15, ""regularization"": 10.0, ""threshold"": 0.5}",0.1.0,2026-06-20T03:03:49+00:00
blobs,shapediscover,clustering,homogeneity,1.0,0,900,10,1.564,5,"{""knn"": 15, ""label_mode"": ""components"", ""lite"": false, ""loss_weights"": [1, 10, 1, 10], ""n_cover"": 15, ""regularization"": 10.0, ""threshold"": 0.5}",0.1.0,2026-06-20T03:03:49+00:00
blobs,shapediscover,clustering,completeness,1.0,0,900,10,1.564,5,"{""knn"": 15, ""label_mode"": ""components"", ""lite"": false, ""loss_weights"": [1, 10, 1, 10], ""n_cover"": 15, ""regularization"": 10.0, ""threshold"": 0.5}",0.1.0,2026-06-20T03:03:49+00:00
blobs,shapediscover,clustering,n_clusters_pred,5.0,0,900,10,1.564,5,"{""knn"": 15, ""label_mode"": ""components"", ""lite"": false, ""loss_weights"": [1, 10, 1, 10], ""n_cover"": 15, ""regularization"": 10.0, ""threshold"": 0.5}",0.1.0,2026-06-20T03:03:49+00:00
blobs,shapediscover,clustering,n_clusters_true,5.0,0,900,10,1.564,5,"{""knn"": 15, ""label_mode"": ""components"", ""lite"": false, ""loss_weights"": [1, 10, 1, 10], ""n_cover"": 15, ""regularization"": 10.0, ""threshold"": 0.5}",0.1.0,2026-06-20T03:03:49+00:00
blobs,shapediscover,embedding,trustworthiness,0.7499439165505299,0,900,10,1.564,5,"{""knn"": 15, ""label_mode"": ""components"", ""lite"": false, ""loss_weights"": [1, 10, 1, 10], ""n_cover"": 15, ""regularization"": 10.0, ""threshold"": 0.5}",0.1.0,2026-06-20T03:03:49+00:00
blobs,shapediscover,embedding,continuity,0.83111296929769,0,900,10,1.564,5,"{""knn"": 15, ""label_mode"": ""components"", ""lite"": false, ""loss_weights"": [1, 10, 1, 10], ""n_cover"": 15, ""regularization"": 10.0, ""threshold"": 0.5}",0.1.0,2026-06-20T03:03:49+00:00
blobs,shapediscover,embedding,knn_recall,0.0877037037037037,0,900,10,1.564,5,"{""knn"": 15, ""label_mode"": ""components"", ""lite"": false, ""loss_weights"": [1, 10, 1, 10], ""n_cover"": 15, ""regularization"": 10.0, ""threshold"": 0.5}",0.1.0,2026-06-20T03:03:49+00:00
blobs,shapediscover,embedding,global_corr,0.5381360828864997,0,900,10,1.564,5,"{""knn"": 15, ""label_mode"": ""components"", ""lite"": false, ""loss_weights"": [1, 10, 1, 10], ""n_cover"": 15, ""regularization"": 10.0, ""threshold"": 0.5}",0.1.0,2026-06-20T03:03:49+00:00
blobs,shapediscover,cost,clustering_s,0.0003,0,900,10,1.564,5,"{""knn"": 15, ""label_mode"": ""components"", ""lite"": false, ""loss_weights"": [1, 10, 1, 10], ""n_cover"": 15, ""regularization"": 10.0, ""threshold"": 0.5}",0.1.0,2026-06-20T03:03:49+00:00
blobs,shapediscover,cost,embedding_s,0.0019,0,900,10,1.564,5,"{""knn"": 15, ""label_mode"": ""components"", ""lite"": false, ""loss_weights"": [1, 10, 1, 10], ""n_cover"": 15, ""regularization"": 10.0, ""threshold"": 0.5}",0.1.0,2026-06-20T03:03:49+00:00
blobs,shapediscover,cost,fit_s,1.564,0,900,10,1.564,5,"{""knn"": 15, ""label_mode"": ""components"", ""lite"": false, ""loss_weights"": [1, 10, 1, 10], ""n_cover"": 15, ""regularization"": 10.0, ""threshold"": 0.5}",0.1.0,2026-06-20T03:03:49+00:00
blobs,shapediscover,clustering,ari,1.0,1,900,10,1.359,5,"{""knn"": 15, ""label_mode"": ""components"", ""lite"": false, ""loss_weights"": [1, 10, 1, 10], ""n_cover"": 15, ""regularization"": 10.0, ""threshold"": 0.5}",0.1.0,2026-06-20T03:03:49+00:00
blobs,shapediscover,clustering,ami,1.0,1,900,10,1.359,5,"{""knn"": 15, ""label_mode"": ""components"", ""lite"": false, ""loss_weights"": [1, 10, 1, 10], ""n_cover"": 15, ""regularization"": 10.0, ""threshold"": 0.5}",0.1.0,2026-06-20T03:03:49+00:00
blobs,shapediscover,clustering,nmi,1.0,1,900,10,1.359,5,"{""knn"": 15, ""label_mode"": ""components"", ""lite"": false, ""loss_weights"": [1, 10, 1, 10], ""n_cover"": 15, ""regularization"": 10.0, ""threshold"": 0.5}",0.1.0,2026-06-20T03:03:49+00:00
blobs,shapediscover,clustering,homogeneity,1.0,1,900,10,1.359,5,"{""knn"": 15, ""label_mode"": ""components"", ""lite"": false, ""loss_weights"": [1, 10, 1, 10], ""n_cover"": 15, ""regularization"": 10.0, ""threshold"": 0.5}",0.1.0,2026-06-20T03:03:49+00:00
blobs,shapediscover,clustering,completeness,1.0,1,900,10,1.359,5,"{""knn"": 15, ""label_mode"": ""components"", ""lite"": false, ""loss_weights"": [1, 10, 1, 10], ""n_cover"": 15, ""regularization"": 10.0, ""threshold"": 0.5}",0.1.0,2026-06-20T03:03:49+00:00
blobs,shapediscover,clustering,n_clusters_pred,5.0,1,900,10,1.359,5,"{""knn"": 15, ""label_mode"": ""components"", ""lite"": false, ""loss_weights"": [1, 10, 1, 10], ""n_cover"": 15, ""regularization"": 10.0, ""threshold"": 0.5}",0.1.0,2026-06-20T03:03:49+00:00
blobs,shapediscover,clustering,n_clusters_true,5.0,1,900,10,1.359,5,"{""knn"": 15, ""label_mode"": ""components"", ""lite"": false, ""loss_weights"": [1, 10, 1, 10], ""n_cover"": 15, ""regularization"": 10.0, ""threshold"": 0.5}",0.1.0,2026-06-20T03:03:49+00:00
blobs,shapediscover,embedding,trustworthiness,0.7026670889817983,1,900,10,1.359,5,"{""knn"": 15, ""label_mode"": ""components"", ""lite"": false, ""loss_weights"": [1, 10, 1, 10], ""n_cover"": 15, ""regularization"": 10.0, ""threshold"": 0.5}",0.1.0,2026-06-20T03:03:49+00:00
blobs,shapediscover,embedding,continuity,0.8255493052916086,1,900,10,1.359,5,"{""knn"": 15, ""label_mode"": ""components"", ""lite"": false, ""loss_weights"": [1, 10, 1, 10], ""n_cover"": 15, ""regularization"": 10.0, ""threshold"": 0.5}",0.1.0,2026-06-20T03:03:49+00:00
blobs,shapediscover,embedding,knn_recall,0.08977777777777778,1,900,10,1.359,5,"{""knn"": 15, ""label_mode"": ""components"", ""lite"": false, ""loss_weights"": [1, 10, 1, 10], ""n_cover"": 15, ""regularization"": 10.0, ""threshold"": 0.5}",0.1.0,2026-06-20T03:03:49+00:00
blobs,shapediscover,embedding,global_corr,0.26850779655769247,1,900,10,1.359,5,"{""knn"": 15, ""label_mode"": ""components"", ""lite"": false, ""loss_weights"": [1, 10, 1, 10], ""n_cover"": 15, ""regularization"": 10.0, ""threshold"": 0.5}",0.1.0,2026-06-20T03:03:49+00:00
blobs,shapediscover,cost,clustering_s,0.0003,1,900,10,1.359,5,"{""knn"": 15, ""label_mode"": ""components"", ""lite"": false, ""loss_weights"": [1, 10, 1, 10], ""n_cover"": 15, ""regularization"": 10.0, ""threshold"": 0.5}",0.1.0,2026-06-20T03:03:49+00:00
blobs,shapediscover,cost,embedding_s,0.0019,1,900,10,1.359,5,"{""knn"": 15, ""label_mode"": ""components"", ""lite"": false, ""loss_weights"": [1, 10, 1, 10], ""n_cover"": 15, ""regularization"": 10.0, ""threshold"": 0.5}",0.1.0,2026-06-20T03:03:49+00:00
blobs,shapediscover,cost,fit_s,1.359,1,900,10,1.359,5,"{""knn"": 15, ""label_mode"": ""components"", ""lite"": false, ""loss_weights"": [1, 10, 1, 10], ""n_cover"": 15, ""regularization"": 10.0, ""threshold"": 0.5}",0.1.0,2026-06-20T03:03:49+00:00
blobs,shapediscover,clustering,ari,1.0,2,900,10,1.342,5,"{""knn"": 15, ""label_mode"": ""components"", ""lite"": false, ""loss_weights"": [1, 10, 1, 10], ""n_cover"": 15, ""regularization"": 10.0, ""threshold"": 0.5}",0.1.0,2026-06-20T03:03:49+00:00
blobs,shapediscover,clustering,ami,1.0,2,900,10,1.342,5,"{""knn"": 15, ""label_mode"": ""components"", ""lite"": false, ""loss_weights"": [1, 10, 1, 10], ""n_cover"": 15, ""regularization"": 10.0, ""threshold"": 0.5}",0.1.0,2026-06-20T03:03:49+00:00
blobs,shapediscover,clustering,nmi,1.0,2,900,10,1.342,5,"{""knn"": 15, ""label_mode"": ""components"", ""lite"": false, ""loss_weights"": [1, 10, 1, 10], ""n_cover"": 15, ""regularization"": 10.0, ""threshold"": 0.5}",0.1.0,2026-06-20T03:03:49+00:00
blobs,shapediscover,clustering,homogeneity,1.0,2,900,10,1.342,5,"{""knn"": 15, ""label_mode"": ""components"", ""lite"": false, ""loss_weights"": [1, 10, 1, 10], ""n_cover"": 15, ""regularization"": 10.0, ""threshold"": 0.5}",0.1.0,2026-06-20T03:03:49+00:00
blobs,shapediscover,clustering,completeness,1.0,2,900,10,1.342,5,"{""knn"": 15, ""label_mode"": ""components"", ""lite"": false, ""loss_weights"": [1, 10, 1, 10], ""n_cover"": 15, ""regularization"": 10.0, ""threshold"": 0.5}",0.1.0,2026-06-20T03:03:49+00:00
blobs,shapediscover,clustering,n_clusters_pred,5.0,2,900,10,1.342,5,"{""knn"": 15, ""label_mode"": ""components"", ""lite"": false, ""loss_weights"": [1, 10, 1, 10], ""n_cover"": 15, ""regularization"": 10.0, ""threshold"": 0.5}",0.1.0,2026-06-20T03:03:49+00:00
blobs,shapediscover,clustering,n_clusters_true,5.0,2,900,10,1.342,5,"{""knn"": 15, ""label_mode"": ""components"", ""lite"": false, ""loss_weights"": [1, 10, 1, 10], ""n_cover"": 15, ""regularization"": 10.0, ""threshold"": 0.5}",0.1.0,2026-06-20T03:03:49+00:00
blobs,shapediscover,embedding,trustworthiness,0.7351549474217661,2,900,10,1.342,5,"{""knn"": 15, ""label_mode"": ""components"", ""lite"": false, ""loss_weights"": [1, 10, 1, 10], ""n_cover"": 15, ""regularization"": 10.0, ""threshold"": 0.5}",0.1.0,2026-06-20T03:03:49+00:00
blobs,shapediscover,embedding,continuity,0.8285150555344398,2,900,10,1.342,5,"{""knn"": 15, ""label_mode"": ""components"", ""lite"": false, ""loss_weights"": [1, 10, 1, 10], ""n_cover"": 15, ""regularization"": 10.0, ""threshold"": 0.5}",0.1.0,2026-06-20T03:03:49+00:00
blobs,shapediscover,embedding,knn_recall,0.0794074074074074,2,900,10,1.342,5,"{""knn"": 15, ""label_mode"": ""components"", ""lite"": false, ""loss_weights"": [1, 10, 1, 10], ""n_cover"": 15, ""regularization"": 10.0, ""threshold"": 0.5}",0.1.0,2026-06-20T03:03:49+00:00
blobs,shapediscover,embedding,global_corr,0.2739457937764401,2,900,10,1.342,5,"{""knn"": 15, ""label_mode"": ""components"", ""lite"": false, ""loss_weights"": [1, 10, 1, 10], ""n_cover"": 15, ""regularization"": 10.0, ""threshold"": 0.5}",0.1.0,2026-06-20T03:03:49+00:00
blobs,shapediscover,cost,clustering_s,0.0003,2,900,10,1.342,5,"{""knn"": 15, ""label_mode"": ""components"", ""lite"": false, ""loss_weights"": [1, 10, 1, 10], ""n_cover"": 15, ""regularization"": 10.0, ""threshold"": 0.5}",0.1.0,2026-06-20T03:03:49+00:00
blobs,shapediscover,cost,embedding_s,0.002,2,900,10,1.342,5,"{""knn"": 15, ""label_mode"": ""components"", ""lite"": false, ""loss_weights"": [1, 10, 1, 10], ""n_cover"": 15, ""regularization"": 10.0, ""threshold"": 0.5}",0.1.0,2026-06-20T03:03:49+00:00
blobs,shapediscover,cost,fit_s,1.342,2,900,10,1.342,5,"{""knn"": 15, ""label_mode"": ""components"", ""lite"": false, ""loss_weights"": [1, 10, 1, 10], ""n_cover"": 15, ""regularization"": 10.0, ""threshold"": 0.5}",0.1.0,2026-06-20T03:03:49+00:00
moons,shapediscover,clustering,ari,1.0,0,800,2,1.339,12,"{""knn"": 15, ""label_mode"": ""components"", ""lite"": false, ""loss_weights"": [1, 10, 1, 10], ""n_cover"": 15, ""regularization"": 10.0, ""threshold"": 0.5}",0.1.0,2026-06-20T03:03:49+00:00
moons,shapediscover,clustering,ami,1.0,0,800,2,1.339,12,"{""knn"": 15, ""label_mode"": ""components"", ""lite"": false, ""loss_weights"": [1, 10, 1, 10], ""n_cover"": 15, ""regularization"": 10.0, ""threshold"": 0.5}",0.1.0,2026-06-20T03:03:49+00:00
moons,shapediscover,clustering,nmi,1.0,0,800,2,1.339,12,"{""knn"": 15, ""label_mode"": ""components"", ""lite"": false, ""loss_weights"": [1, 10, 1, 10], ""n_cover"": 15, ""regularization"": 10.0, ""threshold"": 0.5}",0.1.0,2026-06-20T03:03:49+00:00
moons,shapediscover,clustering,homogeneity,1.0,0,800,2,1.339,12,"{""knn"": 15, ""label_mode"": ""components"", ""lite"": false, ""loss_weights"": [1, 10, 1, 10], ""n_cover"": 15, ""regularization"": 10.0, ""threshold"": 0.5}",0.1.0,2026-06-20T03:03:49+00:00
moons,shapediscover,clustering,completeness,1.0,0,800,2,1.339,12,"{""knn"": 15, ""label_mode"": ""components"", ""lite"": false, ""loss_weights"": [1, 10, 1, 10], ""n_cover"": 15, ""regularization"": 10.0, ""threshold"": 0.5}",0.1.0,2026-06-20T03:03:49+00:00
moons,shapediscover,clustering,n_clusters_pred,2.0,0,800,2,1.339,12,"{""knn"": 15, ""label_mode"": ""components"", ""lite"": false, ""loss_weights"": [1, 10, 1, 10], ""n_cover"": 15, ""regularization"": 10.0, ""threshold"": 0.5}",0.1.0,2026-06-20T03:03:49+00:00
moons,shapediscover,clustering,n_clusters_true,2.0,0,800,2,1.339,12,"{""knn"": 15, ""label_mode"": ""components"", ""lite"": false, ""loss_weights"": [1, 10, 1, 10], ""n_cover"": 15, ""regularization"": 10.0, ""threshold"": 0.5}",0.1.0,2026-06-20T03:03:49+00:00
moons,shapediscover,embedding,trustworthiness,0.9940796868296868,0,800,2,1.339,12,"{""knn"": 15, ""label_mode"": ""components"", ""lite"": false, ""loss_weights"": [1, 10, 1, 10], ""n_cover"": 15, ""regularization"": 10.0, ""threshold"": 0.5}",0.1.0,2026-06-20T03:03:49+00:00
moons,shapediscover,embedding,continuity,0.9958702273702273,0,800,2,1.339,12,"{""knn"": 15, ""label_mode"": ""components"", ""lite"": false, ""loss_weights"": [1, 10, 1, 10], ""n_cover"": 15, ""regularization"": 10.0, ""threshold"": 0.5}",0.1.0,2026-06-20T03:03:49+00:00
moons,shapediscover,embedding,knn_recall,0.6689166666666666,0,800,2,1.339,12,"{""knn"": 15, ""label_mode"": ""components"", ""lite"": false, ""loss_weights"": [1, 10, 1, 10], ""n_cover"": 15, ""regularization"": 10.0, ""threshold"": 0.5}",0.1.0,2026-06-20T03:03:49+00:00
moons,shapediscover,embedding,global_corr,0.6843599535112201,0,800,2,1.339,12,"{""knn"": 15, ""label_mode"": ""components"", ""lite"": false, ""loss_weights"": [1, 10, 1, 10], ""n_cover"": 15, ""regularization"": 10.0, ""threshold"": 0.5}",0.1.0,2026-06-20T03:03:49+00:00
moons,shapediscover,cost,clustering_s,0.0006,0,800,2,1.339,12,"{""knn"": 15, ""label_mode"": ""components"", ""lite"": false, ""loss_weights"": [1, 10, 1, 10], ""n_cover"": 15, ""regularization"": 10.0, ""threshold"": 0.5}",0.1.0,2026-06-20T03:03:49+00:00
moons,shapediscover,cost,embedding_s,0.0025,0,800,2,1.339,12,"{""knn"": 15, ""label_mode"": ""components"", ""lite"": false, ""loss_weights"": [1, 10, 1, 10], ""n_cover"": 15, ""regularization"": 10.0, ""threshold"": 0.5}",0.1.0,2026-06-20T03:03:49+00:00
moons,shapediscover,cost,fit_s,1.339,0,800,2,1.339,12,"{""knn"": 15, ""label_mode"": ""components"", ""lite"": false, ""loss_weights"": [1, 10, 1, 10], ""n_cover"": 15, ""regularization"": 10.0, ""threshold"": 0.5}",0.1.0,2026-06-20T03:03:49+00:00
moons,shapediscover,clustering,ari,1.0,1,800,2,1.601,12,"{""knn"": 15, ""label_mode"": ""components"", ""lite"": false, ""loss_weights"": [1, 10, 1, 10], ""n_cover"": 15, ""regularization"": 10.0, ""threshold"": 0.5}",0.1.0,2026-06-20T03:03:49+00:00
moons,shapediscover,clustering,ami,1.0,1,800,2,1.601,12,"{""knn"": 15, ""label_mode"": ""components"", ""lite"": false, ""loss_weights"": [1, 10, 1, 10], ""n_cover"": 15, ""regularization"": 10.0, ""threshold"": 0.5}",0.1.0,2026-06-20T03:03:49+00:00
moons,shapediscover,clustering,nmi,1.0,1,800,2,1.601,12,"{""knn"": 15, ""label_mode"": ""components"", ""lite"": false, ""loss_weights"": [1, 10, 1, 10], ""n_cover"": 15, ""regularization"": 10.0, ""threshold"": 0.5}",0.1.0,2026-06-20T03:03:49+00:00
moons,shapediscover,clustering,homogeneity,1.0,1,800,2,1.601,12,"{""knn"": 15, ""label_mode"": ""components"", ""lite"": false, ""loss_weights"": [1, 10, 1, 10], ""n_cover"": 15, ""regularization"": 10.0, ""threshold"": 0.5}",0.1.0,2026-06-20T03:03:49+00:00
moons,shapediscover,clustering,completeness,1.0,1,800,2,1.601,12,"{""knn"": 15, ""label_mode"": ""components"", ""lite"": false, ""loss_weights"": [1, 10, 1, 10], ""n_cover"": 15, ""regularization"": 10.0, ""threshold"": 0.5}",0.1.0,2026-06-20T03:03:49+00:00
moons,shapediscover,clustering,n_clusters_pred,2.0,1,800,2,1.601,12,"{""knn"": 15, ""label_mode"": ""components"", ""lite"": false, ""loss_weights"": [1, 10, 1, 10], ""n_cover"": 15, ""regularization"": 10.0, ""threshold"": 0.5}",0.1.0,2026-06-20T03:03:49+00:00
moons,shapediscover,clustering,n_clusters_true,2.0,1,800,2,1.601,12,"{""knn"": 15, ""label_mode"": ""components"", ""lite"": false, ""loss_weights"": [1, 10, 1, 10], ""n_cover"": 15, ""regularization"": 10.0, ""threshold"": 0.5}",0.1.0,2026-06-20T03:03:49+00:00
moons,shapediscover,embedding,trustworthiness,0.9938477048477048,1,800,2,1.601,12,"{""knn"": 15, ""label_mode"": ""components"", ""lite"": false, ""loss_weights"": [1, 10, 1, 10], ""n_cover"": 15, ""regularization"": 10.0, ""threshold"": 0.5}",0.1.0,2026-06-20T03:03:49+00:00
moons,shapediscover,embedding,continuity,0.9955860145860146,1,800,2,1.601,12,"{""knn"": 15, ""label_mode"": ""components"", ""lite"": false, ""loss_weights"": [1, 10, 1, 10], ""n_cover"": 15, ""regularization"": 10.0, ""threshold"": 0.5}",0.1.0,2026-06-20T03:03:49+00:00
moons,shapediscover,embedding,knn_recall,0.6705833333333333,1,800,2,1.601,12,"{""knn"": 15, ""label_mode"": ""components"", ""lite"": false, ""loss_weights"": [1, 10, 1, 10], ""n_cover"": 15, ""regularization"": 10.0, ""threshold"": 0.5}",0.1.0,2026-06-20T03:03:49+00:00
moons,shapediscover,embedding,global_corr,0.5376031841911527,1,800,2,1.601,12,"{""knn"": 15, ""label_mode"": ""components"", ""lite"": false, ""loss_weights"": [1, 10, 1, 10], ""n_cover"": 15, ""regularization"": 10.0, ""threshold"": 0.5}",0.1.0,2026-06-20T03:03:49+00:00
moons,shapediscover,cost,clustering_s,0.0006,1,800,2,1.601,12,"{""knn"": 15, ""label_mode"": ""components"", ""lite"": false, ""loss_weights"": [1, 10, 1, 10], ""n_cover"": 15, ""regularization"": 10.0, ""threshold"": 0.5}",0.1.0,2026-06-20T03:03:49+00:00
moons,shapediscover,cost,embedding_s,0.0025,1,800,2,1.601,12,"{""knn"": 15, ""label_mode"": ""components"", ""lite"": false, ""loss_weights"": [1, 10, 1, 10], ""n_cover"": 15, ""regularization"": 10.0, ""threshold"": 0.5}",0.1.0,2026-06-20T03:03:49+00:00
moons,shapediscover,cost,fit_s,1.601,1,800,2,1.601,12,"{""knn"": 15, ""label_mode"": ""components"", ""lite"": false, ""loss_weights"": [1, 10, 1, 10], ""n_cover"": 15, ""regularization"": 10.0, ""threshold"": 0.5}",0.1.0,2026-06-20T03:03:49+00:00
moons,shapediscover,clustering,ari,1.0,2,800,2,1.681,13,"{""knn"": 15, ""label_mode"": ""components"", ""lite"": false, ""loss_weights"": [1, 10, 1, 10], ""n_cover"": 15, ""regularization"": 10.0, ""threshold"": 0.5}",0.1.0,2026-06-20T03:03:49+00:00
moons,shapediscover,clustering,ami,1.0,2,800,2,1.681,13,"{""knn"": 15, ""label_mode"": ""components"", ""lite"": false, ""loss_weights"": [1, 10, 1, 10], ""n_cover"": 15, ""regularization"": 10.0, ""threshold"": 0.5}",0.1.0,2026-06-20T03:03:49+00:00
moons,shapediscover,clustering,nmi,1.0,2,800,2,1.681,13,"{""knn"": 15, ""label_mode"": ""components"", ""lite"": false, ""loss_weights"": [1, 10, 1, 10], ""n_cover"": 15, ""regularization"": 10.0, ""threshold"": 0.5}",0.1.0,2026-06-20T03:03:49+00:00
moons,shapediscover,clustering,homogeneity,1.0,2,800,2,1.681,13,"{""knn"": 15, ""label_mode"": ""components"", ""lite"": false, ""loss_weights"": [1, 10, 1, 10], ""n_cover"": 15, ""regularization"": 10.0, ""threshold"": 0.5}",0.1.0,2026-06-20T03:03:49+00:00
moons,shapediscover,clustering,completeness,1.0,2,800,2,1.681,13,"{""knn"": 15, ""label_mode"": ""components"", ""lite"": false, ""loss_weights"": [1, 10, 1, 10], ""n_cover"": 15, ""regularization"": 10.0, ""threshold"": 0.5}",0.1.0,2026-06-20T03:03:49+00:00
moons,shapediscover,clustering,n_clusters_pred,2.0,2,800,2,1.681,13,"{""knn"": 15, ""label_mode"": ""components"", ""lite"": false, ""loss_weights"": [1, 10, 1, 10], ""n_cover"": 15, ""regularization"": 10.0, ""threshold"": 0.5}",0.1.0,2026-06-20T03:03:49+00:00
moons,shapediscover,clustering,n_clusters_true,2.0,2,800,2,1.681,13,"{""knn"": 15, ""label_mode"": ""components"", ""lite"": false, ""loss_weights"": [1, 10, 1, 10], ""n_cover"": 15, ""regularization"": 10.0, ""threshold"": 0.5}",0.1.0,2026-06-20T03:03:49+00:00
moons,shapediscover,embedding,trustworthiness,0.9939154869154869,2,800,2,1.681,13,"{""knn"": 15, ""label_mode"": ""components"", ""lite"": false, ""loss_weights"": [1, 10, 1, 10], ""n_cover"": 15, ""regularization"": 10.0, ""threshold"": 0.5}",0.1.0,2026-06-20T03:03:49+00:00
moons,shapediscover,embedding,continuity,0.9955793650793651,2,800,2,1.681,13,"{""knn"": 15, ""label_mode"": ""components"", ""lite"": false, ""loss_weights"": [1, 10, 1, 10], ""n_cover"": 15, ""regularization"": 10.0, ""threshold"": 0.5}",0.1.0,2026-06-20T03:03:49+00:00
moons,shapediscover,embedding,knn_recall,0.6718333333333334,2,800,2,1.681,13,"{""knn"": 15, ""label_mode"": ""components"", ""lite"": false, ""loss_weights"": [1, 10, 1, 10], ""n_cover"": 15, ""regularization"": 10.0, ""threshold"": 0.5}",0.1.0,2026-06-20T03:03:49+00:00
moons,shapediscover,embedding,global_corr,0.4846039814745255,2,800,2,1.681,13,"{""knn"": 15, ""label_mode"": ""components"", ""lite"": false, ""loss_weights"": [1, 10, 1, 10], ""n_cover"": 15, ""regularization"": 10.0, ""threshold"": 0.5}",0.1.0,2026-06-20T03:03:49+00:00
moons,shapediscover,cost,clustering_s,0.0009,2,800,2,1.681,13,"{""knn"": 15, ""label_mode"": ""components"", ""lite"": false, ""loss_weights"": [1, 10, 1, 10], ""n_cover"": 15, ""regularization"": 10.0, ""threshold"": 0.5}",0.1.0,2026-06-20T03:03:49+00:00
moons,shapediscover,cost,embedding_s,0.0029,2,800,2,1.681,13,"{""knn"": 15, ""label_mode"": ""components"", ""lite"": false, ""loss_weights"": [1, 10, 1, 10], ""n_cover"": 15, ""regularization"": 10.0, ""threshold"": 0.5}",0.1.0,2026-06-20T03:03:49+00:00
moons,shapediscover,cost,fit_s,1.681,2,800,2,1.681,13,"{""knn"": 15, ""label_mode"": ""components"", ""lite"": false, ""loss_weights"": [1, 10, 1, 10], ""n_cover"": 15, ""regularization"": 10.0, ""threshold"": 0.5}",0.1.0,2026-06-20T03:03:49+00:00
nested_circles,shapediscover,clustering,ari,1.0,0,800,2,1.578,15,"{""knn"": 15, ""label_mode"": ""components"", ""lite"": false, ""loss_weights"": [1, 10, 1, 10], ""n_cover"": 15, ""regularization"": 10.0, ""threshold"": 0.5}",0.1.0,2026-06-20T03:03:49+00:00
nested_circles,shapediscover,clustering,ami,1.0,0,800,2,1.578,15,"{""knn"": 15, ""label_mode"": ""components"", ""lite"": false, ""loss_weights"": [1, 10, 1, 10], ""n_cover"": 15, ""regularization"": 10.0, ""threshold"": 0.5}",0.1.0,2026-06-20T03:03:49+00:00
nested_circles,shapediscover,clustering,nmi,1.0,0,800,2,1.578,15,"{""knn"": 15, ""label_mode"": ""components"", ""lite"": false, ""loss_weights"": [1, 10, 1, 10], ""n_cover"": 15, ""regularization"": 10.0, ""threshold"": 0.5}",0.1.0,2026-06-20T03:03:49+00:00
nested_circles,shapediscover,clustering,homogeneity,1.0,0,800,2,1.578,15,"{""knn"": 15, ""label_mode"": ""components"", ""lite"": false, ""loss_weights"": [1, 10, 1, 10], ""n_cover"": 15, ""regularization"": 10.0, ""threshold"": 0.5}",0.1.0,2026-06-20T03:03:49+00:00
nested_circles,shapediscover,clustering,completeness,1.0,0,800,2,1.578,15,"{""knn"": 15, ""label_mode"": ""components"", ""lite"": false, ""loss_weights"": [1, 10, 1, 10], ""n_cover"": 15, ""regularization"": 10.0, ""threshold"": 0.5}",0.1.0,2026-06-20T03:03:49+00:00
nested_circles,shapediscover,clustering,n_clusters_pred,2.0,0,800,2,1.578,15,"{""knn"": 15, ""label_mode"": ""components"", ""lite"": false, ""loss_weights"": [1, 10, 1, 10], ""n_cover"": 15, ""regularization"": 10.0, ""threshold"": 0.5}",0.1.0,2026-06-20T03:03:49+00:00
nested_circles,shapediscover,clustering,n_clusters_true,2.0,0,800,2,1.578,15,"{""knn"": 15, ""label_mode"": ""components"", ""lite"": false, ""loss_weights"": [1, 10, 1, 10], ""n_cover"": 15, ""regularization"": 10.0, ""threshold"": 0.5}",0.1.0,2026-06-20T03:03:49+00:00
nested_circles,shapediscover,embedding,trustworthiness,0.9982703775203775,0,800,2,1.578,15,"{""knn"": 15, ""label_mode"": ""components"", ""lite"": false, ""loss_weights"": [1, 10, 1, 10], ""n_cover"": 15, ""regularization"": 10.0, ""threshold"": 0.5}",0.1.0,2026-06-20T03:03:49+00:00
nested_circles,shapediscover,embedding,continuity,0.998535178035178,0,800,2,1.578,15,"{""knn"": 15, ""label_mode"": ""components"", ""lite"": false, ""loss_weights"": [1, 10, 1, 10], ""n_cover"": 15, ""regularization"": 10.0, ""threshold"": 0.5}",0.1.0,2026-06-20T03:03:49+00:00
nested_circles,shapediscover,embedding,knn_recall,0.8145833333333333,0,800,2,1.578,15,"{""knn"": 15, ""label_mode"": ""components"", ""lite"": false, ""loss_weights"": [1, 10, 1, 10], ""n_cover"": 15, ""regularization"": 10.0, ""threshold"": 0.5}",0.1.0,2026-06-20T03:03:49+00:00
nested_circles,shapediscover,embedding,global_corr,0.28635325877951806,0,800,2,1.578,15,"{""knn"": 15, ""label_mode"": ""components"", ""lite"": false, ""loss_weights"": [1, 10, 1, 10], ""n_cover"": 15, ""regularization"": 10.0, ""threshold"": 0.5}",0.1.0,2026-06-20T03:03:49+00:00
nested_circles,shapediscover,cost,clustering_s,0.0007,0,800,2,1.578,15,"{""knn"": 15, ""label_mode"": ""components"", ""lite"": false, ""loss_weights"": [1, 10, 1, 10], ""n_cover"": 15, ""regularization"": 10.0, ""threshold"": 0.5}",0.1.0,2026-06-20T03:03:49+00:00
nested_circles,shapediscover,cost,embedding_s,0.0029,0,800,2,1.578,15,"{""knn"": 15, ""label_mode"": ""components"", ""lite"": false, ""loss_weights"": [1, 10, 1, 10], ""n_cover"": 15, ""regularization"": 10.0, ""threshold"": 0.5}",0.1.0,2026-06-20T03:03:49+00:00
nested_circles,shapediscover,cost,fit_s,1.578,0,800,2,1.578,15,"{""knn"": 15, ""label_mode"": ""components"", ""lite"": false, ""loss_weights"": [1, 10, 1, 10], ""n_cover"": 15, ""regularization"": 10.0, ""threshold"": 0.5}",0.1.0,2026-06-20T03:03:49+00:00
nested_circles,shapediscover,clustering,ari,1.0,1,800,2,1.558,15,"{""knn"": 15, ""label_mode"": ""components"", ""lite"": false, ""loss_weights"": [1, 10, 1, 10], ""n_cover"": 15, ""regularization"": 10.0, ""threshold"": 0.5}",0.1.0,2026-06-20T03:03:49+00:00
nested_circles,shapediscover,clustering,ami,1.0,1,800,2,1.558,15,"{""knn"": 15, ""label_mode"": ""components"", ""lite"": false, ""loss_weights"": [1, 10, 1, 10], ""n_cover"": 15, ""regularization"": 10.0, ""threshold"": 0.5}",0.1.0,2026-06-20T03:03:49+00:00
nested_circles,shapediscover,clustering,nmi,1.0,1,800,2,1.558,15,"{""knn"": 15, ""label_mode"": ""components"", ""lite"": false, ""loss_weights"": [1, 10, 1, 10], ""n_cover"": 15, ""regularization"": 10.0, ""threshold"": 0.5}",0.1.0,2026-06-20T03:03:49+00:00
nested_circles,shapediscover,clustering,homogeneity,1.0,1,800,2,1.558,15,"{""knn"": 15, ""label_mode"": ""components"", ""lite"": false, ""loss_weights"": [1, 10, 1, 10], ""n_cover"": 15, ""regularization"": 10.0, ""threshold"": 0.5}",0.1.0,2026-06-20T03:03:49+00:00
nested_circles,shapediscover,clustering,completeness,1.0,1,800,2,1.558,15,"{""knn"": 15, ""label_mode"": ""components"", ""lite"": false, ""loss_weights"": [1, 10, 1, 10], ""n_cover"": 15, ""regularization"": 10.0, ""threshold"": 0.5}",0.1.0,2026-06-20T03:03:49+00:00
nested_circles,shapediscover,clustering,n_clusters_pred,2.0,1,800,2,1.558,15,"{""knn"": 15, ""label_mode"": ""components"", ""lite"": false, ""loss_weights"": [1, 10, 1, 10], ""n_cover"": 15, ""regularization"": 10.0, ""threshold"": 0.5}",0.1.0,2026-06-20T03:03:49+00:00
nested_circles,shapediscover,clustering,n_clusters_true,2.0,1,800,2,1.558,15,"{""knn"": 15, ""label_mode"": ""components"", ""lite"": false, ""loss_weights"": [1, 10, 1, 10], ""n_cover"": 15, ""regularization"": 10.0, ""threshold"": 0.5}",0.1.0,2026-06-20T03:03:49+00:00
nested_circles,shapediscover,embedding,trustworthiness,0.9823902831402831,1,800,2,1.558,15,"{""knn"": 15, ""label_mode"": ""components"", ""lite"": false, ""loss_weights"": [1, 10, 1, 10], ""n_cover"": 15, ""regularization"": 10.0, ""threshold"": 0.5}",0.1.0,2026-06-20T03:03:49+00:00
nested_circles,shapediscover,embedding,continuity,0.9964719004719005,1,800,2,1.558,15,"{""knn"": 15, ""label_mode"": ""components"", ""lite"": false, ""loss_weights"": [1, 10, 1, 10], ""n_cover"": 15, ""regularization"": 10.0, ""threshold"": 0.5}",0.1.0,2026-06-20T03:03:49+00:00
nested_circles,shapediscover,embedding,knn_recall,0.7703333333333333,1,800,2,1.558,15,"{""knn"": 15, ""label_mode"": ""components"", ""lite"": false, ""loss_weights"": [1, 10, 1, 10], ""n_cover"": 15, ""regularization"": 10.0, ""threshold"": 0.5}",0.1.0,2026-06-20T03:03:49+00:00
nested_circles,shapediscover,embedding,global_corr,0.3867327163336373,1,800,2,1.558,15,"{""knn"": 15, ""label_mode"": ""components"", ""lite"": false, ""loss_weights"": [1, 10, 1, 10], ""n_cover"": 15, ""regularization"": 10.0, ""threshold"": 0.5}",0.1.0,2026-06-20T03:03:49+00:00
nested_circles,shapediscover,cost,clustering_s,0.0007,1,800,2,1.558,15,"{""knn"": 15, ""label_mode"": ""components"", ""lite"": false, ""loss_weights"": [1, 10, 1, 10], ""n_cover"": 15, ""regularization"": 10.0, ""threshold"": 0.5}",0.1.0,2026-06-20T03:03:49+00:00
nested_circles,shapediscover,cost,embedding_s,0.0029,1,800,2,1.558,15,"{""knn"": 15, ""label_mode"": ""components"", ""lite"": false, ""loss_weights"": [1, 10, 1, 10], ""n_cover"": 15, ""regularization"": 10.0, ""threshold"": 0.5}",0.1.0,2026-06-20T03:03:49+00:00
nested_circles,shapediscover,cost,fit_s,1.558,1,800,2,1.558,15,"{""knn"": 15, ""label_mode"": ""components"", ""lite"": false, ""loss_weights"": [1, 10, 1, 10], ""n_cover"": 15, ""regularization"": 10.0, ""threshold"": 0.5}",0.1.0,2026-06-20T03:03:49+00:00
nested_circles,shapediscover,clustering,ari,1.0,2,800,2,0.792,15,"{""knn"": 15, ""label_mode"": ""components"", ""lite"": false, ""loss_weights"": [1, 10, 1, 10], ""n_cover"": 15, ""regularization"": 10.0, ""threshold"": 0.5}",0.1.0,2026-06-20T03:03:49+00:00
nested_circles,shapediscover,clustering,ami,1.0,2,800,2,0.792,15,"{""knn"": 15, ""label_mode"": ""components"", ""lite"": false, ""loss_weights"": [1, 10, 1, 10], ""n_cover"": 15, ""regularization"": 10.0, ""threshold"": 0.5}",0.1.0,2026-06-20T03:03:49+00:00
nested_circles,shapediscover,clustering,nmi,1.0,2,800,2,0.792,15,"{""knn"": 15, ""label_mode"": ""components"", ""lite"": false, ""loss_weights"": [1, 10, 1, 10], ""n_cover"": 15, ""regularization"": 10.0, ""threshold"": 0.5}",0.1.0,2026-06-20T03:03:49+00:00
nested_circles,shapediscover,clustering,homogeneity,1.0,2,800,2,0.792,15,"{""knn"": 15, ""label_mode"": ""components"", ""lite"": false, ""loss_weights"": [1, 10, 1, 10], ""n_cover"": 15, ""regularization"": 10.0, ""threshold"": 0.5}",0.1.0,2026-06-20T03:03:49+00:00
nested_circles,shapediscover,clustering,completeness,1.0,2,800,2,0.792,15,"{""knn"": 15, ""label_mode"": ""components"", ""lite"": false, ""loss_weights"": [1, 10, 1, 10], ""n_cover"": 15, ""regularization"": 10.0, ""threshold"": 0.5}",0.1.0,2026-06-20T03:03:49+00:00
nested_circles,shapediscover,clustering,n_clusters_pred,2.0,2,800,2,0.792,15,"{""knn"": 15, ""label_mode"": ""components"", ""lite"": false, ""loss_weights"": [1, 10, 1, 10], ""n_cover"": 15, ""regularization"": 10.0, ""threshold"": 0.5}",0.1.0,2026-06-20T03:03:49+00:00
nested_circles,shapediscover,clustering,n_clusters_true,2.0,2,800,2,0.792,15,"{""knn"": 15, ""label_mode"": ""components"", ""lite"": false, ""loss_weights"": [1, 10, 1, 10], ""n_cover"": 15, ""regularization"": 10.0, ""threshold"": 0.5}",0.1.0,2026-06-20T03:03:49+00:00
nested_circles,shapediscover,embedding,trustworthiness,0.9979569927069927,2,800,2,0.792,15,"{""knn"": 15, ""label_mode"": ""components"", ""lite"": false, ""loss_weights"": [1, 10, 1, 10], ""n_cover"": 15, ""regularization"": 10.0, ""threshold"": 0.5}",0.1.0,2026-06-20T03:03:49+00:00
nested_circles,shapediscover,embedding,continuity,0.9976395323895324,2,800,2,0.792,15,"{""knn"": 15, ""label_mode"": ""components"", ""lite"": false, ""loss_weights"": [1, 10, 1, 10], ""n_cover"": 15, ""regularization"": 10.0, ""threshold"": 0.5}",0.1.0,2026-06-20T03:03:49+00:00
nested_circles,shapediscover,embedding,knn_recall,0.8063333333333333,2,800,2,0.792,15,"{""knn"": 15, ""label_mode"": ""components"", ""lite"": false, ""loss_weights"": [1, 10, 1, 10], ""n_cover"": 15, ""regularization"": 10.0, ""threshold"": 0.5}",0.1.0,2026-06-20T03:03:49+00:00
nested_circles,shapediscover,embedding,global_corr,0.4013391765470003,2,800,2,0.792,15,"{""knn"": 15, ""label_mode"": ""components"", ""lite"": false, ""loss_weights"": [1, 10, 1, 10], ""n_cover"": 15, ""regularization"": 10.0, ""threshold"": 0.5}",0.1.0,2026-06-20T03:03:49+00:00
nested_circles,shapediscover,cost,clustering_s,0.0007,2,800,2,0.792,15,"{""knn"": 15, ""label_mode"": ""components"", ""lite"": false, ""loss_weights"": [1, 10, 1, 10], ""n_cover"": 15, ""regularization"": 10.0, ""threshold"": 0.5}",0.1.0,2026-06-20T03:03:49+00:00
nested_circles,shapediscover,cost,embedding_s,0.003,2,800,2,0.792,15,"{""knn"": 15, ""label_mode"": ""components"", ""lite"": false, ""loss_weights"": [1, 10, 1, 10], ""n_cover"": 15, ""regularization"": 10.0, ""threshold"": 0.5}",0.1.0,2026-06-20T03:03:49+00:00
nested_circles,shapediscover,cost,fit_s,0.792,2,800,2,0.792,15,"{""knn"": 15, ""label_mode"": ""components"", ""lite"": false, ""loss_weights"": [1, 10, 1, 10], ""n_cover"": 15, ""regularization"": 10.0, ""threshold"": 0.5}",0.1.0,2026-06-20T03:03:49+00:00
iris,shapediscover,clustering,ari,0.5681159420289855,0,150,4,0.635,3,"{""knn"": 15, ""label_mode"": ""components"", ""lite"": false, ""loss_weights"": [1, 10, 1, 10], ""n_cover"": 15, ""regularization"": 10.0, ""threshold"": 0.5}",0.1.0,2026-06-20T03:03:49+00:00
iris,shapediscover,clustering,ami,0.7315847607219574,0,150,4,0.635,3,"{""knn"": 15, ""label_mode"": ""components"", ""lite"": false, ""loss_weights"": [1, 10, 1, 10], ""n_cover"": 15, ""regularization"": 10.0, ""threshold"": 0.5}",0.1.0,2026-06-20T03:03:49+00:00
iris,shapediscover,clustering,nmi,0.7336804366512104,0,150,4,0.635,3,"{""knn"": 15, ""label_mode"": ""components"", ""lite"": false, ""loss_weights"": [1, 10, 1, 10], ""n_cover"": 15, ""regularization"": 10.0, ""threshold"": 0.5}",0.1.0,2026-06-20T03:03:49+00:00
iris,shapediscover,clustering,homogeneity,0.5793801642856945,0,150,4,0.635,3,"{""knn"": 15, ""label_mode"": ""components"", ""lite"": false, ""loss_weights"": [1, 10, 1, 10], ""n_cover"": 15, ""regularization"": 10.0, ""threshold"": 0.5}",0.1.0,2026-06-20T03:03:49+00:00
iris,shapediscover,clustering,completeness,0.9999999999999997,0,150,4,0.635,3,"{""knn"": 15, ""label_mode"": ""components"", ""lite"": false, ""loss_weights"": [1, 10, 1, 10], ""n_cover"": 15, ""regularization"": 10.0, ""threshold"": 0.5}",0.1.0,2026-06-20T03:03:49+00:00
iris,shapediscover,clustering,n_clusters_pred,2.0,0,150,4,0.635,3,"{""knn"": 15, ""label_mode"": ""components"", ""lite"": false, ""loss_weights"": [1, 10, 1, 10], ""n_cover"": 15, ""regularization"": 10.0, ""threshold"": 0.5}",0.1.0,2026-06-20T03:03:49+00:00
iris,shapediscover,clustering,n_clusters_true,3.0,0,150,4,0.635,3,"{""knn"": 15, ""label_mode"": ""components"", ""lite"": false, ""loss_weights"": [1, 10, 1, 10], ""n_cover"": 15, ""regularization"": 10.0, ""threshold"": 0.5}",0.1.0,2026-06-20T03:03:49+00:00
iris,shapediscover,embedding,trustworthiness,0.960174978127734,0,150,4,0.635,3,"{""knn"": 15, ""label_mode"": ""components"", ""lite"": false, ""loss_weights"": [1, 10, 1, 10], ""n_cover"": 15, ""regularization"": 10.0, ""threshold"": 0.5}",0.1.0,2026-06-20T03:03:49+00:00
iris,shapediscover,embedding,continuity,0.9573088363954506,0,150,4,0.635,3,"{""knn"": 15, ""label_mode"": ""components"", ""lite"": false, ""loss_weights"": [1, 10, 1, 10], ""n_cover"": 15, ""regularization"": 10.0, ""threshold"": 0.5}",0.1.0,2026-06-20T03:03:49+00:00
iris,shapediscover,embedding,knn_recall,0.6551111111111111,0,150,4,0.635,3,"{""knn"": 15, ""label_mode"": ""components"", ""lite"": false, ""loss_weights"": [1, 10, 1, 10], ""n_cover"": 15, ""regularization"": 10.0, ""threshold"": 0.5}",0.1.0,2026-06-20T03:03:49+00:00
iris,shapediscover,embedding,global_corr,0.765398962818122,0,150,4,0.635,3,"{""knn"": 15, ""label_mode"": ""components"", ""lite"": false, ""loss_weights"": [1, 10, 1, 10], ""n_cover"": 15, ""regularization"": 10.0, ""threshold"": 0.5}",0.1.0,2026-06-20T03:03:49+00:00
iris,shapediscover,cost,clustering_s,0.0003,0,150,4,0.635,3,"{""knn"": 15, ""label_mode"": ""components"", ""lite"": false, ""loss_weights"": [1, 10, 1, 10], ""n_cover"": 15, ""regularization"": 10.0, ""threshold"": 0.5}",0.1.0,2026-06-20T03:03:49+00:00
iris,shapediscover,cost,embedding_s,0.0018,0,150,4,0.635,3,"{""knn"": 15, ""label_mode"": ""components"", ""lite"": false, ""loss_weights"": [1, 10, 1, 10], ""n_cover"": 15, ""regularization"": 10.0, ""threshold"": 0.5}",0.1.0,2026-06-20T03:03:49+00:00
iris,shapediscover,cost,fit_s,0.635,0,150,4,0.635,3,"{""knn"": 15, ""label_mode"": ""components"", ""lite"": false, ""loss_weights"": [1, 10, 1, 10], ""n_cover"": 15, ""regularization"": 10.0, ""threshold"": 0.5}",0.1.0,2026-06-20T03:03:49+00:00
iris,shapediscover,clustering,ari,0.5681159420289855,1,150,4,0.631,3,"{""knn"": 15, ""label_mode"": ""components"", ""lite"": false, ""loss_weights"": [1, 10, 1, 10], ""n_cover"": 15, ""regularization"": 10.0, ""threshold"": 0.5}",0.1.0,2026-06-20T03:03:49+00:00
iris,shapediscover,clustering,ami,0.7315847607219574,1,150,4,0.631,3,"{""knn"": 15, ""label_mode"": ""components"", ""lite"": false, ""loss_weights"": [1, 10, 1, 10], ""n_cover"": 15, ""regularization"": 10.0, ""threshold"": 0.5}",0.1.0,2026-06-20T03:03:49+00:00
iris,shapediscover,clustering,nmi,0.7336804366512104,1,150,4,0.631,3,"{""knn"": 15, ""label_mode"": ""components"", ""lite"": false, ""loss_weights"": [1, 10, 1, 10], ""n_cover"": 15, ""regularization"": 10.0, ""threshold"": 0.5}",0.1.0,2026-06-20T03:03:49+00:00
iris,shapediscover,clustering,homogeneity,0.5793801642856945,1,150,4,0.631,3,"{""knn"": 15, ""label_mode"": ""components"", ""lite"": false, ""loss_weights"": [1, 10, 1, 10], ""n_cover"": 15, ""regularization"": 10.0, ""threshold"": 0.5}",0.1.0,2026-06-20T03:03:49+00:00
iris,shapediscover,clustering,completeness,0.9999999999999997,1,150,4,0.631,3,"{""knn"": 15, ""label_mode"": ""components"", ""lite"": false, ""loss_weights"": [1, 10, 1, 10], ""n_cover"": 15, ""regularization"": 10.0, ""threshold"": 0.5}",0.1.0,2026-06-20T03:03:49+00:00
iris,shapediscover,clustering,n_clusters_pred,2.0,1,150,4,0.631,3,"{""knn"": 15, ""label_mode"": ""components"", ""lite"": false, ""loss_weights"": [1, 10, 1, 10], ""n_cover"": 15, ""regularization"": 10.0, ""threshold"": 0.5}",0.1.0,2026-06-20T03:03:49+00:00
iris,shapediscover,clustering,n_clusters_true,3.0,1,150,4,0.631,3,"{""knn"": 15, ""label_mode"": ""components"", ""lite"": false, ""loss_weights"": [1, 10, 1, 10], ""n_cover"": 15, ""regularization"": 10.0, ""threshold"": 0.5}",0.1.0,2026-06-20T03:03:49+00:00
iris,shapediscover,embedding,trustworthiness,0.9610148731408574,1,150,4,0.631,3,"{""knn"": 15, ""label_mode"": ""components"", ""lite"": false, ""loss_weights"": [1, 10, 1, 10], ""n_cover"": 15, ""regularization"": 10.0, ""threshold"": 0.5}",0.1.0,2026-06-20T03:03:49+00:00
iris,shapediscover,embedding,continuity,0.9615608048993876,1,150,4,0.631,3,"{""knn"": 15, ""label_mode"": ""components"", ""lite"": false, ""loss_weights"": [1, 10, 1, 10], ""n_cover"": 15, ""regularization"": 10.0, ""threshold"": 0.5}",0.1.0,2026-06-20T03:03:49+00:00
iris,shapediscover,embedding,knn_recall,0.6515555555555556,1,150,4,0.631,3,"{""knn"": 15, ""label_mode"": ""components"", ""lite"": false, ""loss_weights"": [1, 10, 1, 10], ""n_cover"": 15, ""regularization"": 10.0, ""threshold"": 0.5}",0.1.0,2026-06-20T03:03:49+00:00
iris,shapediscover,embedding,global_corr,0.8266209575425536,1,150,4,0.631,3,"{""knn"": 15, ""label_mode"": ""components"", ""lite"": false, ""loss_weights"": [1, 10, 1, 10], ""n_cover"": 15, ""regularization"": 10.0, ""threshold"": 0.5}",0.1.0,2026-06-20T03:03:49+00:00
iris,shapediscover,cost,clustering_s,0.0003,1,150,4,0.631,3,"{""knn"": 15, ""label_mode"": ""components"", ""lite"": false, ""loss_weights"": [1, 10, 1, 10], ""n_cover"": 15, ""regularization"": 10.0, ""threshold"": 0.5}",0.1.0,2026-06-20T03:03:49+00:00
iris,shapediscover,cost,embedding_s,0.0018,1,150,4,0.631,3,"{""knn"": 15, ""label_mode"": ""components"", ""lite"": false, ""loss_weights"": [1, 10, 1, 10], ""n_cover"": 15, ""regularization"": 10.0, ""threshold"": 0.5}",0.1.0,2026-06-20T03:03:49+00:00
iris,shapediscover,cost,fit_s,0.631,1,150,4,0.631,3,"{""knn"": 15, ""label_mode"": ""components"", ""lite"": false, ""loss_weights"": [1, 10, 1, 10], ""n_cover"": 15, ""regularization"": 10.0, ""threshold"": 0.5}",0.1.0,2026-06-20T03:03:49+00:00
iris,shapediscover,clustering,ari,0.5681159420289855,2,150,4,0.634,3,"{""knn"": 15, ""label_mode"": ""components"", ""lite"": false, ""loss_weights"": [1, 10, 1, 10], ""n_cover"": 15, ""regularization"": 10.0, ""threshold"": 0.5}",0.1.0,2026-06-20T03:03:49+00:00
iris,shapediscover,clustering,ami,0.7315847607219574,2,150,4,0.634,3,"{""knn"": 15, ""label_mode"": ""components"", ""lite"": false, ""loss_weights"": [1, 10, 1, 10], ""n_cover"": 15, ""regularization"": 10.0, ""threshold"": 0.5}",0.1.0,2026-06-20T03:03:49+00:00
iris,shapediscover,clustering,nmi,0.7336804366512104,2,150,4,0.634,3,"{""knn"": 15, ""label_mode"": ""components"", ""lite"": false, ""loss_weights"": [1, 10, 1, 10], ""n_cover"": 15, ""regularization"": 10.0, ""threshold"": 0.5}",0.1.0,2026-06-20T03:03:49+00:00
iris,shapediscover,clustering,homogeneity,0.5793801642856945,2,150,4,0.634,3,"{""knn"": 15, ""label_mode"": ""components"", ""lite"": false, ""loss_weights"": [1, 10, 1, 10], ""n_cover"": 15, ""regularization"": 10.0, ""threshold"": 0.5}",0.1.0,2026-06-20T03:03:49+00:00
iris,shapediscover,clustering,completeness,0.9999999999999997,2,150,4,0.634,3,"{""knn"": 15, ""label_mode"": ""components"", ""lite"": false, ""loss_weights"": [1, 10, 1, 10], ""n_cover"": 15, ""regularization"": 10.0, ""threshold"": 0.5}",0.1.0,2026-06-20T03:03:49+00:00
iris,shapediscover,clustering,n_clusters_pred,2.0,2,150,4,0.634,3,"{""knn"": 15, ""label_mode"": ""components"", ""lite"": false, ""loss_weights"": [1, 10, 1, 10], ""n_cover"": 15, ""regularization"": 10.0, ""threshold"": 0.5}",0.1.0,2026-06-20T03:03:49+00:00
iris,shapediscover,clustering,n_clusters_true,3.0,2,150,4,0.634,3,"{""knn"": 15, ""label_mode"": ""components"", ""lite"": false, ""loss_weights"": [1, 10, 1, 10], ""n_cover"": 15, ""regularization"": 10.0, ""threshold"": 0.5}",0.1.0,2026-06-20T03:03:49+00:00
iris,shapediscover,embedding,trustworthiness,0.9598425196850394,2,150,4,0.634,3,"{""knn"": 15, ""label_mode"": ""components"", ""lite"": false, ""loss_weights"": [1, 10, 1, 10], ""n_cover"": 15, ""regularization"": 10.0, ""threshold"": 0.5}",0.1.0,2026-06-20T03:03:49+00:00
iris,shapediscover,embedding,continuity,0.9606544181977252,2,150,4,0.634,3,"{""knn"": 15, ""label_mode"": ""components"", ""lite"": false, ""loss_weights"": [1, 10, 1, 10], ""n_cover"": 15, ""regularization"": 10.0, ""threshold"": 0.5}",0.1.0,2026-06-20T03:03:49+00:00
iris,shapediscover,embedding,knn_recall,0.6502222222222223,2,150,4,0.634,3,"{""knn"": 15, ""label_mode"": ""components"", ""lite"": false, ""loss_weights"": [1, 10, 1, 10], ""n_cover"": 15, ""regularization"": 10.0, ""threshold"": 0.5}",0.1.0,2026-06-20T03:03:49+00:00
iris,shapediscover,embedding,global_corr,0.8206862264233357,2,150,4,0.634,3,"{""knn"": 15, ""label_mode"": ""components"", ""lite"": false, ""loss_weights"": [1, 10, 1, 10], ""n_cover"": 15, ""regularization"": 10.0, ""threshold"": 0.5}",0.1.0,2026-06-20T03:03:49+00:00
iris,shapediscover,cost,clustering_s,0.0003,2,150,4,0.634,3,"{""knn"": 15, ""label_mode"": ""components"", ""lite"": false, ""loss_weights"": [1, 10, 1, 10], ""n_cover"": 15, ""regularization"": 10.0, ""threshold"": 0.5}",0.1.0,2026-06-20T03:03:49+00:00
iris,shapediscover,cost,embedding_s,0.0018,2,150,4,0.634,3,"{""knn"": 15, ""label_mode"": ""components"", ""lite"": false, ""loss_weights"": [1, 10, 1, 10], ""n_cover"": 15, ""regularization"": 10.0, ""threshold"": 0.5}",0.1.0,2026-06-20T03:03:49+00:00
iris,shapediscover,cost,fit_s,0.634,2,150,4,0.634,3,"{""knn"": 15, ""label_mode"": ""components"", ""lite"": false, ""loss_weights"": [1, 10, 1, 10], ""n_cover"": 15, ""regularization"": 10.0, ""threshold"": 0.5}",0.1.0,2026-06-20T03:03:49+00:00
wine,shapediscover,clustering,ari,0.177927240939515,0,178,13,0.494,7,"{""knn"": 15, ""label_mode"": ""components"", ""lite"": false, ""loss_weights"": [1, 10, 1, 10], ""n_cover"": 15, ""regularization"": 10.0, ""threshold"": 0.5}",0.1.0,2026-06-20T03:03:49+00:00
wine,shapediscover,clustering,ami,0.24408512419699444,0,178,13,0.494,7,"{""knn"": 15, ""label_mode"": ""components"", ""lite"": false, ""loss_weights"": [1, 10, 1, 10], ""n_cover"": 15, ""regularization"": 10.0, ""threshold"": 0.5}",0.1.0,2026-06-20T03:03:49+00:00
wine,shapediscover,clustering,nmi,0.24911382548390149,0,178,13,0.494,7,"{""knn"": 15, ""label_mode"": ""components"", ""lite"": false, ""loss_weights"": [1, 10, 1, 10], ""n_cover"": 15, ""regularization"": 10.0, ""threshold"": 0.5}",0.1.0,2026-06-20T03:03:49+00:00
wine,shapediscover,clustering,homogeneity,0.19647150162743482,0,178,13,0.494,7,"{""knn"": 15, ""label_mode"": ""components"", ""lite"": false, ""loss_weights"": [1, 10, 1, 10], ""n_cover"": 15, ""regularization"": 10.0, ""threshold"": 0.5}",0.1.0,2026-06-20T03:03:49+00:00
wine,shapediscover,clustering,completeness,0.34029094880118366,0,178,13,0.494,7,"{""knn"": 15, ""label_mode"": ""components"", ""lite"": false, ""loss_weights"": [1, 10, 1, 10], ""n_cover"": 15, ""regularization"": 10.0, ""threshold"": 0.5}",0.1.0,2026-06-20T03:03:49+00:00
wine,shapediscover,clustering,n_clusters_pred,2.0,0,178,13,0.494,7,"{""knn"": 15, ""label_mode"": ""components"", ""lite"": false, ""loss_weights"": [1, 10, 1, 10], ""n_cover"": 15, ""regularization"": 10.0, ""threshold"": 0.5}",0.1.0,2026-06-20T03:03:49+00:00
wine,shapediscover,clustering,n_clusters_true,3.0,0,178,13,0.494,7,"{""knn"": 15, ""label_mode"": ""components"", ""lite"": false, ""loss_weights"": [1, 10, 1, 10], ""n_cover"": 15, ""regularization"": 10.0, ""threshold"": 0.5}",0.1.0,2026-06-20T03:03:49+00:00
wine,shapediscover,embedding,trustworthiness,0.9673915669928718,0,178,13,0.494,7,"{""knn"": 15, ""label_mode"": ""components"", ""lite"": false, ""loss_weights"": [1, 10, 1, 10], ""n_cover"": 15, ""regularization"": 10.0, ""threshold"": 0.5}",0.1.0,2026-06-20T03:03:49+00:00
wine,shapediscover,embedding,continuity,0.9635471789295639,0,178,13,0.494,7,"{""knn"": 15, ""label_mode"": ""components"", ""lite"": false, ""loss_weights"": [1, 10, 1, 10], ""n_cover"": 15, ""regularization"": 10.0, ""threshold"": 0.5}",0.1.0,2026-06-20T03:03:49+00:00
wine,shapediscover,embedding,knn_recall,0.699625468164794,0,178,13,0.494,7,"{""knn"": 15, ""label_mode"": ""components"", ""lite"": false, ""loss_weights"": [1, 10, 1, 10], ""n_cover"": 15, ""regularization"": 10.0, ""threshold"": 0.5}",0.1.0,2026-06-20T03:03:49+00:00
wine,shapediscover,embedding,global_corr,0.7844694344157098,0,178,13,0.494,7,"{""knn"": 15, ""label_mode"": ""components"", ""lite"": false, ""loss_weights"": [1, 10, 1, 10], ""n_cover"": 15, ""regularization"": 10.0, ""threshold"": 0.5}",0.1.0,2026-06-20T03:03:49+00:00
wine,shapediscover,cost,clustering_s,0.0003,0,178,13,0.494,7,"{""knn"": 15, ""label_mode"": ""components"", ""lite"": false, ""loss_weights"": [1, 10, 1, 10], ""n_cover"": 15, ""regularization"": 10.0, ""threshold"": 0.5}",0.1.0,2026-06-20T03:03:49+00:00
wine,shapediscover,cost,embedding_s,0.002,0,178,13,0.494,7,"{""knn"": 15, ""label_mode"": ""components"", ""lite"": false, ""loss_weights"": [1, 10, 1, 10], ""n_cover"": 15, ""regularization"": 10.0, ""threshold"": 0.5}",0.1.0,2026-06-20T03:03:49+00:00
wine,shapediscover,cost,fit_s,0.494,0,178,13,0.494,7,"{""knn"": 15, ""label_mode"": ""components"", ""lite"": false, ""loss_weights"": [1, 10, 1, 10], ""n_cover"": 15, ""regularization"": 10.0, ""threshold"": 0.5}",0.1.0,2026-06-20T03:03:49+00:00
wine,shapediscover,clustering,ari,0.177927240939515,1,178,13,0.508,7,"{""knn"": 15, ""label_mode"": ""components"", ""lite"": false, ""loss_weights"": [1, 10, 1, 10], ""n_cover"": 15, ""regularization"": 10.0, ""threshold"": 0.5}",0.1.0,2026-06-20T03:03:49+00:00
wine,shapediscover,clustering,ami,0.24408512419699444,1,178,13,0.508,7,"{""knn"": 15, ""label_mode"": ""components"", ""lite"": false, ""loss_weights"": [1, 10, 1, 10], ""n_cover"": 15, ""regularization"": 10.0, ""threshold"": 0.5}",0.1.0,2026-06-20T03:03:49+00:00
wine,shapediscover,clustering,nmi,0.24911382548390149,1,178,13,0.508,7,"{""knn"": 15, ""label_mode"": ""components"", ""lite"": false, ""loss_weights"": [1, 10, 1, 10], ""n_cover"": 15, ""regularization"": 10.0, ""threshold"": 0.5}",0.1.0,2026-06-20T03:03:49+00:00
wine,shapediscover,clustering,homogeneity,0.19647150162743482,1,178,13,0.508,7,"{""knn"": 15, ""label_mode"": ""components"", ""lite"": false, ""loss_weights"": [1, 10, 1, 10], ""n_cover"": 15, ""regularization"": 10.0, ""threshold"": 0.5}",0.1.0,2026-06-20T03:03:49+00:00
wine,shapediscover,clustering,completeness,0.34029094880118366,1,178,13,0.508,7,"{""knn"": 15, ""label_mode"": ""components"", ""lite"": false, ""loss_weights"": [1, 10, 1, 10], ""n_cover"": 15, ""regularization"": 10.0, ""threshold"": 0.5}",0.1.0,2026-06-20T03:03:49+00:00
wine,shapediscover,clustering,n_clusters_pred,2.0,1,178,13,0.508,7,"{""knn"": 15, ""label_mode"": ""components"", ""lite"": false, ""loss_weights"": [1, 10, 1, 10], ""n_cover"": 15, ""regularization"": 10.0, ""threshold"": 0.5}",0.1.0,2026-06-20T03:03:49+00:00
wine,shapediscover,clustering,n_clusters_true,3.0,1,178,13,0.508,7,"{""knn"": 15, ""label_mode"": ""components"", ""lite"": false, ""loss_weights"": [1, 10, 1, 10], ""n_cover"": 15, ""regularization"": 10.0, ""threshold"": 0.5}",0.1.0,2026-06-20T03:03:49+00:00
wine,shapediscover,embedding,trustworthiness,0.9591180379364505,1,178,13,0.508,7,"{""knn"": 15, ""label_mode"": ""components"", ""lite"": false, ""loss_weights"": [1, 10, 1, 10], ""n_cover"": 15, ""regularization"": 10.0, ""threshold"": 0.5}",0.1.0,2026-06-20T03:03:49+00:00
wine,shapediscover,embedding,continuity,0.9617760057992026,1,178,13,0.508,7,"{""knn"": 15, ""label_mode"": ""components"", ""lite"": false, ""loss_weights"": [1, 10, 1, 10], ""n_cover"": 15, ""regularization"": 10.0, ""threshold"": 0.5}",0.1.0,2026-06-20T03:03:49+00:00
wine,shapediscover,embedding,knn_recall,0.6711610486891385,1,178,13,0.508,7,"{""knn"": 15, ""label_mode"": ""components"", ""lite"": false, ""loss_weights"": [1, 10, 1, 10], ""n_cover"": 15, ""regularization"": 10.0, ""threshold"": 0.5}",0.1.0,2026-06-20T03:03:49+00:00
wine,shapediscover,embedding,global_corr,0.779452363414802,1,178,13,0.508,7,"{""knn"": 15, ""label_mode"": ""components"", ""lite"": false, ""loss_weights"": [1, 10, 1, 10], ""n_cover"": 15, ""regularization"": 10.0, ""threshold"": 0.5}",0.1.0,2026-06-20T03:03:49+00:00
wine,shapediscover,cost,clustering_s,0.0003,1,178,13,0.508,7,"{""knn"": 15, ""label_mode"": ""components"", ""lite"": false, ""loss_weights"": [1, 10, 1, 10], ""n_cover"": 15, ""regularization"": 10.0, ""threshold"": 0.5}",0.1.0,2026-06-20T03:03:49+00:00
wine,shapediscover,cost,embedding_s,0.002,1,178,13,0.508,7,"{""knn"": 15, ""label_mode"": ""components"", ""lite"": false, ""loss_weights"": [1, 10, 1, 10], ""n_cover"": 15, ""regularization"": 10.0, ""threshold"": 0.5}",0.1.0,2026-06-20T03:03:49+00:00
wine,shapediscover,cost,fit_s,0.508,1,178,13,0.508,7,"{""knn"": 15, ""label_mode"": ""components"", ""lite"": false, ""loss_weights"": [1, 10, 1, 10], ""n_cover"": 15, ""regularization"": 10.0, ""threshold"": 0.5}",0.1.0,2026-06-20T03:03:49+00:00
wine,shapediscover,clustering,ari,0.177927240939515,2,178,13,0.484,7,"{""knn"": 15, ""label_mode"": ""components"", ""lite"": false, ""loss_weights"": [1, 10, 1, 10], ""n_cover"": 15, ""regularization"": 10.0, ""threshold"": 0.5}",0.1.0,2026-06-20T03:03:49+00:00
wine,shapediscover,clustering,ami,0.24408512419699444,2,178,13,0.484,7,"{""knn"": 15, ""label_mode"": ""components"", ""lite"": false, ""loss_weights"": [1, 10, 1, 10], ""n_cover"": 15, ""regularization"": 10.0, ""threshold"": 0.5}",0.1.0,2026-06-20T03:03:49+00:00
wine,shapediscover,clustering,nmi,0.24911382548390149,2,178,13,0.484,7,"{""knn"": 15, ""label_mode"": ""components"", ""lite"": false, ""loss_weights"": [1, 10, 1, 10], ""n_cover"": 15, ""regularization"": 10.0, ""threshold"": 0.5}",0.1.0,2026-06-20T03:03:49+00:00
wine,shapediscover,clustering,homogeneity,0.19647150162743482,2,178,13,0.484,7,"{""knn"": 15, ""label_mode"": ""components"", ""lite"": false, ""loss_weights"": [1, 10, 1, 10], ""n_cover"": 15, ""regularization"": 10.0, ""threshold"": 0.5}",0.1.0,2026-06-20T03:03:49+00:00
wine,shapediscover,clustering,completeness,0.34029094880118366,2,178,13,0.484,7,"{""knn"": 15, ""label_mode"": ""components"", ""lite"": false, ""loss_weights"": [1, 10, 1, 10], ""n_cover"": 15, ""regularization"": 10.0, ""threshold"": 0.5}",0.1.0,2026-06-20T03:03:49+00:00
wine,shapediscover,clustering,n_clusters_pred,2.0,2,178,13,0.484,7,"{""knn"": 15, ""label_mode"": ""components"", ""lite"": false, ""loss_weights"": [1, 10, 1, 10], ""n_cover"": 15, ""regularization"": 10.0, ""threshold"": 0.5}",0.1.0,2026-06-20T03:03:49+00:00
wine,shapediscover,clustering,n_clusters_true,3.0,2,178,13,0.484,7,"{""knn"": 15, ""label_mode"": ""components"", ""lite"": false, ""loss_weights"": [1, 10, 1, 10], ""n_cover"": 15, ""regularization"": 10.0, ""threshold"": 0.5}",0.1.0,2026-06-20T03:03:49+00:00
wine,shapediscover,embedding,trustworthiness,0.9607659780113568,2,178,13,0.484,7,"{""knn"": 15, ""label_mode"": ""components"", ""lite"": false, ""loss_weights"": [1, 10, 1, 10], ""n_cover"": 15, ""regularization"": 10.0, ""threshold"": 0.5}",0.1.0,2026-06-20T03:03:49+00:00
wine,shapediscover,embedding,continuity,0.9588280778059683,2,178,13,0.484,7,"{""knn"": 15, ""label_mode"": ""components"", ""lite"": false, ""loss_weights"": [1, 10, 1, 10], ""n_cover"": 15, ""regularization"": 10.0, ""threshold"": 0.5}",0.1.0,2026-06-20T03:03:49+00:00
wine,shapediscover,embedding,knn_recall,0.6846441947565544,2,178,13,0.484,7,"{""knn"": 15, ""label_mode"": ""components"", ""lite"": false, ""loss_weights"": [1, 10, 1, 10], ""n_cover"": 15, ""regularization"": 10.0, ""threshold"": 0.5}",0.1.0,2026-06-20T03:03:49+00:00
wine,shapediscover,embedding,global_corr,0.4245988858479833,2,178,13,0.484,7,"{""knn"": 15, ""label_mode"": ""components"", ""lite"": false, ""loss_weights"": [1, 10, 1, 10], ""n_cover"": 15, ""regularization"": 10.0, ""threshold"": 0.5}",0.1.0,2026-06-20T03:03:49+00:00
wine,shapediscover,cost,clustering_s,0.0003,2,178,13,0.484,7,"{""knn"": 15, ""label_mode"": ""components"", ""lite"": false, ""loss_weights"": [1, 10, 1, 10], ""n_cover"": 15, ""regularization"": 10.0, ""threshold"": 0.5}",0.1.0,2026-06-20T03:03:49+00:00
wine,shapediscover,cost,embedding_s,0.002,2,178,13,0.484,7,"{""knn"": 15, ""label_mode"": ""components"", ""lite"": false, ""loss_weights"": [1, 10, 1, 10], ""n_cover"": 15, ""regularization"": 10.0, ""threshold"": 0.5}",0.1.0,2026-06-20T03:03:49+00:00
wine,shapediscover,cost,fit_s,0.484,2,178,13,0.484,7,"{""knn"": 15, ""label_mode"": ""components"", ""lite"": false, ""loss_weights"": [1, 10, 1, 10], ""n_cover"": 15, ""regularization"": 10.0, ""threshold"": 0.5}",0.1.0,2026-06-20T03:03:49+00:00
digits,shapediscover,clustering,ari,0.10734799723819198,0,1797,64,1.271,12,"{""knn"": 15, ""label_mode"": ""components"", ""lite"": false, ""loss_weights"": [1, 10, 1, 10], ""n_cover"": 15, ""regularization"": 10.0, ""threshold"": 0.5}",0.1.0,2026-06-20T03:03:49+00:00
digits,shapediscover,clustering,ami,0.43234444745190753,0,1797,64,1.271,12,"{""knn"": 15, ""label_mode"": ""components"", ""lite"": false, ""loss_weights"": [1, 10, 1, 10], ""n_cover"": 15, ""regularization"": 10.0, ""threshold"": 0.5}",0.1.0,2026-06-20T03:03:49+00:00
digits,shapediscover,clustering,nmi,0.4353062465509114,0,1797,64,1.271,12,"{""knn"": 15, ""label_mode"": ""components"", ""lite"": false, ""loss_weights"": [1, 10, 1, 10], ""n_cover"": 15, ""regularization"": 10.0, ""threshold"": 0.5}",0.1.0,2026-06-20T03:03:49+00:00
digits,shapediscover,clustering,homogeneity,0.2846344620517252,0,1797,64,1.271,12,"{""knn"": 15, ""label_mode"": ""components"", ""lite"": false, ""loss_weights"": [1, 10, 1, 10], ""n_cover"": 15, ""regularization"": 10.0, ""threshold"": 0.5}",0.1.0,2026-06-20T03:03:49+00:00
digits,shapediscover,clustering,completeness,0.9249080533358294,0,1797,64,1.271,12,"{""knn"": 15, ""label_mode"": ""components"", ""lite"": false, ""loss_weights"": [1, 10, 1, 10], ""n_cover"": 15, ""regularization"": 10.0, ""threshold"": 0.5}",0.1.0,2026-06-20T03:03:49+00:00
digits,shapediscover,clustering,n_clusters_pred,4.0,0,1797,64,1.271,12,"{""knn"": 15, ""label_mode"": ""components"", ""lite"": false, ""loss_weights"": [1, 10, 1, 10], ""n_cover"": 15, ""regularization"": 10.0, ""threshold"": 0.5}",0.1.0,2026-06-20T03:03:49+00:00
digits,shapediscover,clustering,n_clusters_true,10.0,0,1797,64,1.271,12,"{""knn"": 15, ""label_mode"": ""components"", ""lite"": false, ""loss_weights"": [1, 10, 1, 10], ""n_cover"": 15, ""regularization"": 10.0, ""threshold"": 0.5}",0.1.0,2026-06-20T03:03:49+00:00
digits,shapediscover,embedding,trustworthiness,0.7994650987271157,0,1797,64,1.271,12,"{""knn"": 15, ""label_mode"": ""components"", ""lite"": false, ""loss_weights"": [1, 10, 1, 10], ""n_cover"": 15, ""regularization"": 10.0, ""threshold"": 0.5}",0.1.0,2026-06-20T03:03:49+00:00
digits,shapediscover,embedding,continuity,0.8680113647176377,0,1797,64,1.271,12,"{""knn"": 15, ""label_mode"": ""components"", ""lite"": false, ""loss_weights"": [1, 10, 1, 10], ""n_cover"": 15, ""regularization"": 10.0, ""threshold"": 0.5}",0.1.0,2026-06-20T03:03:49+00:00
digits,shapediscover,embedding,knn_recall,0.1843813763680208,0,1797,64,1.271,12,"{""knn"": 15, ""label_mode"": ""components"", ""lite"": false, ""loss_weights"": [1, 10, 1, 10], ""n_cover"": 15, ""regularization"": 10.0, ""threshold"": 0.5}",0.1.0,2026-06-20T03:03:49+00:00
digits,shapediscover,embedding,global_corr,0.20925917422329776,0,1797,64,1.271,12,"{""knn"": 15, ""label_mode"": ""components"", ""lite"": false, ""loss_weights"": [1, 10, 1, 10], ""n_cover"": 15, ""regularization"": 10.0, ""threshold"": 0.5}",0.1.0,2026-06-20T03:03:49+00:00
digits,shapediscover,cost,clustering_s,0.0007,0,1797,64,1.271,12,"{""knn"": 15, ""label_mode"": ""components"", ""lite"": false, ""loss_weights"": [1, 10, 1, 10], ""n_cover"": 15, ""regularization"": 10.0, ""threshold"": 0.5}",0.1.0,2026-06-20T03:03:49+00:00
digits,shapediscover,cost,embedding_s,0.0026,0,1797,64,1.271,12,"{""knn"": 15, ""label_mode"": ""components"", ""lite"": false, ""loss_weights"": [1, 10, 1, 10], ""n_cover"": 15, ""regularization"": 10.0, ""threshold"": 0.5}",0.1.0,2026-06-20T03:03:49+00:00
digits,shapediscover,cost,fit_s,1.271,0,1797,64,1.271,12,"{""knn"": 15, ""label_mode"": ""components"", ""lite"": false, ""loss_weights"": [1, 10, 1, 10], ""n_cover"": 15, ""regularization"": 10.0, ""threshold"": 0.5}",0.1.0,2026-06-20T03:03:49+00:00
digits,shapediscover,clustering,ari,0.10734799723819198,1,1797,64,1.855,11,"{""knn"": 15, ""label_mode"": ""components"", ""lite"": false, ""loss_weights"": [1, 10, 1, 10], ""n_cover"": 15, ""regularization"": 10.0, ""threshold"": 0.5}",0.1.0,2026-06-20T03:03:49+00:00
digits,shapediscover,clustering,ami,0.43234444745190753,1,1797,64,1.855,11,"{""knn"": 15, ""label_mode"": ""components"", ""lite"": false, ""loss_weights"": [1, 10, 1, 10], ""n_cover"": 15, ""regularization"": 10.0, ""threshold"": 0.5}",0.1.0,2026-06-20T03:03:49+00:00
digits,shapediscover,clustering,nmi,0.4353062465509114,1,1797,64,1.855,11,"{""knn"": 15, ""label_mode"": ""components"", ""lite"": false, ""loss_weights"": [1, 10, 1, 10], ""n_cover"": 15, ""regularization"": 10.0, ""threshold"": 0.5}",0.1.0,2026-06-20T03:03:49+00:00
digits,shapediscover,clustering,homogeneity,0.2846344620517252,1,1797,64,1.855,11,"{""knn"": 15, ""label_mode"": ""components"", ""lite"": false, ""loss_weights"": [1, 10, 1, 10], ""n_cover"": 15, ""regularization"": 10.0, ""threshold"": 0.5}",0.1.0,2026-06-20T03:03:49+00:00
digits,shapediscover,clustering,completeness,0.9249080533358294,1,1797,64,1.855,11,"{""knn"": 15, ""label_mode"": ""components"", ""lite"": false, ""loss_weights"": [1, 10, 1, 10], ""n_cover"": 15, ""regularization"": 10.0, ""threshold"": 0.5}",0.1.0,2026-06-20T03:03:49+00:00
digits,shapediscover,clustering,n_clusters_pred,4.0,1,1797,64,1.855,11,"{""knn"": 15, ""label_mode"": ""components"", ""lite"": false, ""loss_weights"": [1, 10, 1, 10], ""n_cover"": 15, ""regularization"": 10.0, ""threshold"": 0.5}",0.1.0,2026-06-20T03:03:49+00:00
digits,shapediscover,clustering,n_clusters_true,10.0,1,1797,64,1.855,11,"{""knn"": 15, ""label_mode"": ""components"", ""lite"": false, ""loss_weights"": [1, 10, 1, 10], ""n_cover"": 15, ""regularization"": 10.0, ""threshold"": 0.5}",0.1.0,2026-06-20T03:03:49+00:00
digits,shapediscover,embedding,trustworthiness,0.7595073379010531,1,1797,64,1.855,11,"{""knn"": 15, ""label_mode"": ""components"", ""lite"": false, ""loss_weights"": [1, 10, 1, 10], ""n_cover"": 15, ""regularization"": 10.0, ""threshold"": 0.5}",0.1.0,2026-06-20T03:03:49+00:00
digits,shapediscover,embedding,continuity,0.8744116305580075,1,1797,64,1.855,11,"{""knn"": 15, ""label_mode"": ""components"", ""lite"": false, ""loss_weights"": [1, 10, 1, 10], ""n_cover"": 15, ""regularization"": 10.0, ""threshold"": 0.5}",0.1.0,2026-06-20T03:03:49+00:00
digits,shapediscover,embedding,knn_recall,0.1784826562789835,1,1797,64,1.855,11,"{""knn"": 15, ""label_mode"": ""components"", ""lite"": false, ""loss_weights"": [1, 10, 1, 10], ""n_cover"": 15, ""regularization"": 10.0, ""threshold"": 0.5}",0.1.0,2026-06-20T03:03:49+00:00
digits,shapediscover,embedding,global_corr,0.1709678464831667,1,1797,64,1.855,11,"{""knn"": 15, ""label_mode"": ""components"", ""lite"": false, ""loss_weights"": [1, 10, 1, 10], ""n_cover"": 15, ""regularization"": 10.0, ""threshold"": 0.5}",0.1.0,2026-06-20T03:03:49+00:00
digits,shapediscover,cost,clustering_s,0.0006,1,1797,64,1.855,11,"{""knn"": 15, ""label_mode"": ""components"", ""lite"": false, ""loss_weights"": [1, 10, 1, 10], ""n_cover"": 15, ""regularization"": 10.0, ""threshold"": 0.5}",0.1.0,2026-06-20T03:03:49+00:00
digits,shapediscover,cost,embedding_s,0.0025,1,1797,64,1.855,11,"{""knn"": 15, ""label_mode"": ""components"", ""lite"": false, ""loss_weights"": [1, 10, 1, 10], ""n_cover"": 15, ""regularization"": 10.0, ""threshold"": 0.5}",0.1.0,2026-06-20T03:03:49+00:00
digits,shapediscover,cost,fit_s,1.855,1,1797,64,1.855,11,"{""knn"": 15, ""label_mode"": ""components"", ""lite"": false, ""loss_weights"": [1, 10, 1, 10], ""n_cover"": 15, ""regularization"": 10.0, ""threshold"": 0.5}",0.1.0,2026-06-20T03:03:49+00:00
digits,shapediscover,clustering,ari,0.10734799723819198,2,1797,64,2.939,12,"{""knn"": 15, ""label_mode"": ""components"", ""lite"": false, ""loss_weights"": [1, 10, 1, 10], ""n_cover"": 15, ""regularization"": 10.0, ""threshold"": 0.5}",0.1.0,2026-06-20T03:03:49+00:00
digits,shapediscover,clustering,ami,0.43234444745190753,2,1797,64,2.939,12,"{""knn"": 15, ""label_mode"": ""components"", ""lite"": false, ""loss_weights"": [1, 10, 1, 10], ""n_cover"": 15, ""regularization"": 10.0, ""threshold"": 0.5}",0.1.0,2026-06-20T03:03:49+00:00
digits,shapediscover,clustering,nmi,0.4353062465509114,2,1797,64,2.939,12,"{""knn"": 15, ""label_mode"": ""components"", ""lite"": false, ""loss_weights"": [1, 10, 1, 10], ""n_cover"": 15, ""regularization"": 10.0, ""threshold"": 0.5}",0.1.0,2026-06-20T03:03:49+00:00
digits,shapediscover,clustering,homogeneity,0.2846344620517252,2,1797,64,2.939,12,"{""knn"": 15, ""label_mode"": ""components"", ""lite"": false, ""loss_weights"": [1, 10, 1, 10], ""n_cover"": 15, ""regularization"": 10.0, ""threshold"": 0.5}",0.1.0,2026-06-20T03:03:49+00:00
digits,shapediscover,clustering,completeness,0.9249080533358294,2,1797,64,2.939,12,"{""knn"": 15, ""label_mode"": ""components"", ""lite"": false, ""loss_weights"": [1, 10, 1, 10], ""n_cover"": 15, ""regularization"": 10.0, ""threshold"": 0.5}",0.1.0,2026-06-20T03:03:49+00:00
digits,shapediscover,clustering,n_clusters_pred,4.0,2,1797,64,2.939,12,"{""knn"": 15, ""label_mode"": ""components"", ""lite"": false, ""loss_weights"": [1, 10, 1, 10], ""n_cover"": 15, ""regularization"": 10.0, ""threshold"": 0.5}",0.1.0,2026-06-20T03:03:49+00:00
digits,shapediscover,clustering,n_clusters_true,10.0,2,1797,64,2.939,12,"{""knn"": 15, ""label_mode"": ""components"", ""lite"": false, ""loss_weights"": [1, 10, 1, 10], ""n_cover"": 15, ""regularization"": 10.0, ""threshold"": 0.5}",0.1.0,2026-06-20T03:03:49+00:00
digits,shapediscover,embedding,trustworthiness,0.7715642610329922,2,1797,64,2.939,12,"{""knn"": 15, ""label_mode"": ""components"", ""lite"": false, ""loss_weights"": [1, 10, 1, 10], ""n_cover"": 15, ""regularization"": 10.0, ""threshold"": 0.5}",0.1.0,2026-06-20T03:03:49+00:00
digits,shapediscover,embedding,continuity,0.8463146122070334,2,1797,64,2.939,12,"{""knn"": 15, ""label_mode"": ""components"", ""lite"": false, ""loss_weights"": [1, 10, 1, 10], ""n_cover"": 15, ""regularization"": 10.0, ""threshold"": 0.5}",0.1.0,2026-06-20T03:03:49+00:00
digits,shapediscover,embedding,knn_recall,0.19892413281394916,2,1797,64,2.939,12,"{""knn"": 15, ""label_mode"": ""components"", ""lite"": false, ""loss_weights"": [1, 10, 1, 10], ""n_cover"": 15, ""regularization"": 10.0, ""threshold"": 0.5}",0.1.0,2026-06-20T03:03:49+00:00
digits,shapediscover,embedding,global_corr,0.1638735842692065,2,1797,64,2.939,12,"{""knn"": 15, ""label_mode"": ""components"", ""lite"": false, ""loss_weights"": [1, 10, 1, 10], ""n_cover"": 15, ""regularization"": 10.0, ""threshold"": 0.5}",0.1.0,2026-06-20T03:03:49+00:00
digits,shapediscover,cost,clustering_s,0.0007,2,1797,64,2.939,12,"{""knn"": 15, ""label_mode"": ""components"", ""lite"": false, ""loss_weights"": [1, 10, 1, 10], ""n_cover"": 15, ""regularization"": 10.0, ""threshold"": 0.5}",0.1.0,2026-06-20T03:03:49+00:00
digits,shapediscover,cost,embedding_s,0.0026,2,1797,64,2.939,12,"{""knn"": 15, ""label_mode"": ""components"", ""lite"": false, ""loss_weights"": [1, 10, 1, 10], ""n_cover"": 15, ""regularization"": 10.0, ""threshold"": 0.5}",0.1.0,2026-06-20T03:03:49+00:00
digits,shapediscover,cost,fit_s,2.939,2,1797,64,2.939,12,"{""knn"": 15, ""label_mode"": ""components"", ""lite"": false, ""loss_weights"": [1, 10, 1, 10], ""n_cover"": 15, ""regularization"": 10.0, ""threshold"": 0.5}",0.1.0,2026-06-20T03:03:49+00:00
diabetes,shapediscover,clustering,ari,0.35207485557807794,0,145,5,0.685,4,"{""knn"": 15, ""label_mode"": ""components"", ""lite"": false, ""loss_weights"": [1, 10, 1, 10], ""n_cover"": 15, ""regularization"": 10.0, ""threshold"": 0.5}",0.1.0,2026-06-20T03:03:49+00:00
diabetes,shapediscover,clustering,ami,0.4678365121618279,0,145,5,0.685,4,"{""knn"": 15, ""label_mode"": ""components"", ""lite"": false, ""loss_weights"": [1, 10, 1, 10], ""n_cover"": 15, ""regularization"": 10.0, ""threshold"": 0.5}",0.1.0,2026-06-20T03:03:49+00:00
diabetes,shapediscover,clustering,nmi,0.4729307160977409,0,145,5,0.685,4,"{""knn"": 15, ""label_mode"": ""components"", ""lite"": false, ""loss_weights"": [1, 10, 1, 10], ""n_cover"": 15, ""regularization"": 10.0, ""threshold"": 0.5}",0.1.0,2026-06-20T03:03:49+00:00
diabetes,shapediscover,clustering,homogeneity,0.34535844215563005,0,145,5,0.685,4,"{""knn"": 15, ""label_mode"": ""components"", ""lite"": false, ""loss_weights"": [1, 10, 1, 10], ""n_cover"": 15, ""regularization"": 10.0, ""threshold"": 0.5}",0.1.0,2026-06-20T03:03:49+00:00
diabetes,shapediscover,clustering,completeness,0.7499586254666633,0,145,5,0.685,4,"{""knn"": 15, ""label_mode"": ""components"", ""lite"": false, ""loss_weights"": [1, 10, 1, 10], ""n_cover"": 15, ""regularization"": 10.0, ""threshold"": 0.5}",0.1.0,2026-06-20T03:03:49+00:00
diabetes,shapediscover,clustering,n_clusters_pred,2.0,0,145,5,0.685,4,"{""knn"": 15, ""label_mode"": ""components"", ""lite"": false, ""loss_weights"": [1, 10, 1, 10], ""n_cover"": 15, ""regularization"": 10.0, ""threshold"": 0.5}",0.1.0,2026-06-20T03:03:49+00:00
diabetes,shapediscover,clustering,n_clusters_true,3.0,0,145,5,0.685,4,"{""knn"": 15, ""label_mode"": ""components"", ""lite"": false, ""loss_weights"": [1, 10, 1, 10], ""n_cover"": 15, ""regularization"": 10.0, ""threshold"": 0.5}",0.1.0,2026-06-20T03:03:49+00:00
diabetes,shapediscover,embedding,trustworthiness,0.9385227058601846,0,145,5,0.685,4,"{""knn"": 15, ""label_mode"": ""components"", ""lite"": false, ""loss_weights"": [1, 10, 1, 10], ""n_cover"": 15, ""regularization"": 10.0, ""threshold"": 0.5}",0.1.0,2026-06-20T03:03:49+00:00
diabetes,shapediscover,embedding,continuity,0.9270246843791219,0,145,5,0.685,4,"{""knn"": 15, ""label_mode"": ""components"", ""lite"": false, ""loss_weights"": [1, 10, 1, 10], ""n_cover"": 15, ""regularization"": 10.0, ""threshold"": 0.5}",0.1.0,2026-06-20T03:03:49+00:00
diabetes,shapediscover,embedding,knn_recall,0.6574712643678161,0,145,5,0.685,4,"{""knn"": 15, ""label_mode"": ""components"", ""lite"": false, ""loss_weights"": [1, 10, 1, 10], ""n_cover"": 15, ""regularization"": 10.0, ""threshold"": 0.5}",0.1.0,2026-06-20T03:03:49+00:00
diabetes,shapediscover,embedding,global_corr,0.9372920507141486,0,145,5,0.685,4,"{""knn"": 15, ""label_mode"": ""components"", ""lite"": false, ""loss_weights"": [1, 10, 1, 10], ""n_cover"": 15, ""regularization"": 10.0, ""threshold"": 0.5}",0.1.0,2026-06-20T03:03:49+00:00
diabetes,shapediscover,cost,clustering_s,0.0003,0,145,5,0.685,4,"{""knn"": 15, ""label_mode"": ""components"", ""lite"": false, ""loss_weights"": [1, 10, 1, 10], ""n_cover"": 15, ""regularization"": 10.0, ""threshold"": 0.5}",0.1.0,2026-06-20T03:03:49+00:00
diabetes,shapediscover,cost,embedding_s,0.0019,0,145,5,0.685,4,"{""knn"": 15, ""label_mode"": ""components"", ""lite"": false, ""loss_weights"": [1, 10, 1, 10], ""n_cover"": 15, ""regularization"": 10.0, ""threshold"": 0.5}",0.1.0,2026-06-20T03:03:49+00:00
diabetes,shapediscover,cost,fit_s,0.685,0,145,5,0.685,4,"{""knn"": 15, ""label_mode"": ""components"", ""lite"": false, ""loss_weights"": [1, 10, 1, 10], ""n_cover"": 15, ""regularization"": 10.0, ""threshold"": 0.5}",0.1.0,2026-06-20T03:03:49+00:00
diabetes,shapediscover,clustering,ari,0.35207485557807794,1,145,5,0.451,4,"{""knn"": 15, ""label_mode"": ""components"", ""lite"": false, ""loss_weights"": [1, 10, 1, 10], ""n_cover"": 15, ""regularization"": 10.0, ""threshold"": 0.5}",0.1.0,2026-06-20T03:03:49+00:00
diabetes,shapediscover,clustering,ami,0.4678365121618279,1,145,5,0.451,4,"{""knn"": 15, ""label_mode"": ""components"", ""lite"": false, ""loss_weights"": [1, 10, 1, 10], ""n_cover"": 15, ""regularization"": 10.0, ""threshold"": 0.5}",0.1.0,2026-06-20T03:03:49+00:00
diabetes,shapediscover,clustering,nmi,0.4729307160977409,1,145,5,0.451,4,"{""knn"": 15, ""label_mode"": ""components"", ""lite"": false, ""loss_weights"": [1, 10, 1, 10], ""n_cover"": 15, ""regularization"": 10.0, ""threshold"": 0.5}",0.1.0,2026-06-20T03:03:49+00:00
diabetes,shapediscover,clustering,homogeneity,0.34535844215563005,1,145,5,0.451,4,"{""knn"": 15, ""label_mode"": ""components"", ""lite"": false, ""loss_weights"": [1, 10, 1, 10], ""n_cover"": 15, ""regularization"": 10.0, ""threshold"": 0.5}",0.1.0,2026-06-20T03:03:49+00:00
diabetes,shapediscover,clustering,completeness,0.7499586254666633,1,145,5,0.451,4,"{""knn"": 15, ""label_mode"": ""components"", ""lite"": false, ""loss_weights"": [1, 10, 1, 10], ""n_cover"": 15, ""regularization"": 10.0, ""threshold"": 0.5}",0.1.0,2026-06-20T03:03:49+00:00
diabetes,shapediscover,clustering,n_clusters_pred,2.0,1,145,5,0.451,4,"{""knn"": 15, ""label_mode"": ""components"", ""lite"": false, ""loss_weights"": [1, 10, 1, 10], ""n_cover"": 15, ""regularization"": 10.0, ""threshold"": 0.5}",0.1.0,2026-06-20T03:03:49+00:00
diabetes,shapediscover,clustering,n_clusters_true,3.0,1,145,5,0.451,4,"{""knn"": 15, ""label_mode"": ""components"", ""lite"": false, ""loss_weights"": [1, 10, 1, 10], ""n_cover"": 15, ""regularization"": 10.0, ""threshold"": 0.5}",0.1.0,2026-06-20T03:03:49+00:00
diabetes,shapediscover,embedding,trustworthiness,0.9324627850009422,1,145,5,0.451,4,"{""knn"": 15, ""label_mode"": ""components"", ""lite"": false, ""loss_weights"": [1, 10, 1, 10], ""n_cover"": 15, ""regularization"": 10.0, ""threshold"": 0.5}",0.1.0,2026-06-20T03:03:49+00:00
diabetes,shapediscover,embedding,continuity,0.9359336725080083,1,145,5,0.451,4,"{""knn"": 15, ""label_mode"": ""components"", ""lite"": false, ""loss_weights"": [1, 10, 1, 10], ""n_cover"": 15, ""regularization"": 10.0, ""threshold"": 0.5}",0.1.0,2026-06-20T03:03:49+00:00
diabetes,shapediscover,embedding,knn_recall,0.6372413793103447,1,145,5,0.451,4,"{""knn"": 15, ""label_mode"": ""components"", ""lite"": false, ""loss_weights"": [1, 10, 1, 10], ""n_cover"": 15, ""regularization"": 10.0, ""threshold"": 0.5}",0.1.0,2026-06-20T03:03:49+00:00
diabetes,shapediscover,embedding,global_corr,0.9433355222718628,1,145,5,0.451,4,"{""knn"": 15, ""label_mode"": ""components"", ""lite"": false, ""loss_weights"": [1, 10, 1, 10], ""n_cover"": 15, ""regularization"": 10.0, ""threshold"": 0.5}",0.1.0,2026-06-20T03:03:49+00:00
diabetes,shapediscover,cost,clustering_s,0.0002,1,145,5,0.451,4,"{""knn"": 15, ""label_mode"": ""components"", ""lite"": false, ""loss_weights"": [1, 10, 1, 10], ""n_cover"": 15, ""regularization"": 10.0, ""threshold"": 0.5}",0.1.0,2026-06-20T03:03:49+00:00
diabetes,shapediscover,cost,embedding_s,0.0018,1,145,5,0.451,4,"{""knn"": 15, ""label_mode"": ""components"", ""lite"": false, ""loss_weights"": [1, 10, 1, 10], ""n_cover"": 15, ""regularization"": 10.0, ""threshold"": 0.5}",0.1.0,2026-06-20T03:03:49+00:00
diabetes,shapediscover,cost,fit_s,0.451,1,145,5,0.451,4,"{""knn"": 15, ""label_mode"": ""components"", ""lite"": false, ""loss_weights"": [1, 10, 1, 10], ""n_cover"": 15, ""regularization"": 10.0, ""threshold"": 0.5}",0.1.0,2026-06-20T03:03:49+00:00
diabetes,shapediscover,clustering,ari,0.35207485557807794,2,145,5,0.482,4,"{""knn"": 15, ""label_mode"": ""components"", ""lite"": false, ""loss_weights"": [1, 10, 1, 10], ""n_cover"": 15, ""regularization"": 10.0, ""threshold"": 0.5}",0.1.0,2026-06-20T03:03:49+00:00
diabetes,shapediscover,clustering,ami,0.4678365121618279,2,145,5,0.482,4,"{""knn"": 15, ""label_mode"": ""components"", ""lite"": false, ""loss_weights"": [1, 10, 1, 10], ""n_cover"": 15, ""regularization"": 10.0, ""threshold"": 0.5}",0.1.0,2026-06-20T03:03:49+00:00
diabetes,shapediscover,clustering,nmi,0.4729307160977409,2,145,5,0.482,4,"{""knn"": 15, ""label_mode"": ""components"", ""lite"": false, ""loss_weights"": [1, 10, 1, 10], ""n_cover"": 15, ""regularization"": 10.0, ""threshold"": 0.5}",0.1.0,2026-06-20T03:03:49+00:00
diabetes,shapediscover,clustering,homogeneity,0.34535844215563005,2,145,5,0.482,4,"{""knn"": 15, ""label_mode"": ""components"", ""lite"": false, ""loss_weights"": [1, 10, 1, 10], ""n_cover"": 15, ""regularization"": 10.0, ""threshold"": 0.5}",0.1.0,2026-06-20T03:03:49+00:00
diabetes,shapediscover,clustering,completeness,0.7499586254666633,2,145,5,0.482,4,"{""knn"": 15, ""label_mode"": ""components"", ""lite"": false, ""loss_weights"": [1, 10, 1, 10], ""n_cover"": 15, ""regularization"": 10.0, ""threshold"": 0.5}",0.1.0,2026-06-20T03:03:49+00:00
diabetes,shapediscover,clustering,n_clusters_pred,2.0,2,145,5,0.482,4,"{""knn"": 15, ""label_mode"": ""components"", ""lite"": false, ""loss_weights"": [1, 10, 1, 10], ""n_cover"": 15, ""regularization"": 10.0, ""threshold"": 0.5}",0.1.0,2026-06-20T03:03:49+00:00
diabetes,shapediscover,clustering,n_clusters_true,3.0,2,145,5,0.482,4,"{""knn"": 15, ""label_mode"": ""components"", ""lite"": false, ""loss_weights"": [1, 10, 1, 10], ""n_cover"": 15, ""regularization"": 10.0, ""threshold"": 0.5}",0.1.0,2026-06-20T03:03:49+00:00
diabetes,shapediscover,embedding,trustworthiness,0.9108347465611457,2,145,5,0.482,4,"{""knn"": 15, ""label_mode"": ""components"", ""lite"": false, ""loss_weights"": [1, 10, 1, 10], ""n_cover"": 15, ""regularization"": 10.0, ""threshold"": 0.5}",0.1.0,2026-06-20T03:03:49+00:00
diabetes,shapediscover,embedding,continuity,0.9325645374034295,2,145,5,0.482,4,"{""knn"": 15, ""label_mode"": ""components"", ""lite"": false, ""loss_weights"": [1, 10, 1, 10], ""n_cover"": 15, ""regularization"": 10.0, ""threshold"": 0.5}",0.1.0,2026-06-20T03:03:49+00:00
diabetes,shapediscover,embedding,knn_recall,0.6055172413793103,2,145,5,0.482,4,"{""knn"": 15, ""label_mode"": ""components"", ""lite"": false, ""loss_weights"": [1, 10, 1, 10], ""n_cover"": 15, ""regularization"": 10.0, ""threshold"": 0.5}",0.1.0,2026-06-20T03:03:49+00:00
diabetes,shapediscover,embedding,global_corr,0.9271762563920858,2,145,5,0.482,4,"{""knn"": 15, ""label_mode"": ""components"", ""lite"": false, ""loss_weights"": [1, 10, 1, 10], ""n_cover"": 15, ""regularization"": 10.0, ""threshold"": 0.5}",0.1.0,2026-06-20T03:03:49+00:00
diabetes,shapediscover,cost,clustering_s,0.0003,2,145,5,0.482,4,"{""knn"": 15, ""label_mode"": ""components"", ""lite"": false, ""loss_weights"": [1, 10, 1, 10], ""n_cover"": 15, ""regularization"": 10.0, ""threshold"": 0.5}",0.1.0,2026-06-20T03:03:49+00:00
diabetes,shapediscover,cost,embedding_s,0.0022,2,145,5,0.482,4,"{""knn"": 15, ""label_mode"": ""components"", ""lite"": false, ""loss_weights"": [1, 10, 1, 10], ""n_cover"": 15, ""regularization"": 10.0, ""threshold"": 0.5}",0.1.0,2026-06-20T03:03:49+00:00
diabetes,shapediscover,cost,fit_s,0.482,2,145,5,0.482,4,"{""knn"": 15, ""label_mode"": ""components"", ""lite"": false, ""loss_weights"": [1, 10, 1, 10], ""n_cover"": 15, ""regularization"": 10.0, ""threshold"": 0.5}",0.1.0,2026-06-20T03:03:49+00:00
mice_protein,shapediscover,clustering,ari,0.07063145261820761,0,1080,77,1.854,10,"{""knn"": 15, ""label_mode"": ""components"", ""lite"": false, ""loss_weights"": [1, 10, 1, 10], ""n_cover"": 15, ""regularization"": 10.0, ""threshold"": 0.5}",0.1.0,2026-06-20T03:03:49+00:00
mice_protein,shapediscover,clustering,ami,0.16254089541273567,0,1080,77,1.854,10,"{""knn"": 15, ""label_mode"": ""components"", ""lite"": false, ""loss_weights"": [1, 10, 1, 10], ""n_cover"": 15, ""regularization"": 10.0, ""threshold"": 0.5}",0.1.0,2026-06-20T03:03:49+00:00
mice_protein,shapediscover,clustering,nmi,0.16455447859322092,0,1080,77,1.854,10,"{""knn"": 15, ""label_mode"": ""components"", ""lite"": false, ""loss_weights"": [1, 10, 1, 10], ""n_cover"": 15, ""regularization"": 10.0, ""threshold"": 0.5}",0.1.0,2026-06-20T03:03:49+00:00
mice_protein,shapediscover,clustering,homogeneity,0.10744381476965409,0,1080,77,1.854,10,"{""knn"": 15, ""label_mode"": ""components"", ""lite"": false, ""loss_weights"": [1, 10, 1, 10], ""n_cover"": 15, ""regularization"": 10.0, ""threshold"": 0.5}",0.1.0,2026-06-20T03:03:49+00:00
mice_protein,shapediscover,clustering,completeness,0.3512667215375566,0,1080,77,1.854,10,"{""knn"": 15, ""label_mode"": ""components"", ""lite"": false, ""loss_weights"": [1, 10, 1, 10], ""n_cover"": 15, ""regularization"": 10.0, ""threshold"": 0.5}",0.1.0,2026-06-20T03:03:49+00:00
mice_protein,shapediscover,clustering,n_clusters_pred,2.0,0,1080,77,1.854,10,"{""knn"": 15, ""label_mode"": ""components"", ""lite"": false, ""loss_weights"": [1, 10, 1, 10], ""n_cover"": 15, ""regularization"": 10.0, ""threshold"": 0.5}",0.1.0,2026-06-20T03:03:49+00:00
mice_protein,shapediscover,clustering,n_clusters_true,8.0,0,1080,77,1.854,10,"{""knn"": 15, ""label_mode"": ""components"", ""lite"": false, ""loss_weights"": [1, 10, 1, 10], ""n_cover"": 15, ""regularization"": 10.0, ""threshold"": 0.5}",0.1.0,2026-06-20T03:03:49+00:00
mice_protein,shapediscover,embedding,trustworthiness,0.8756079400119136,0,1080,77,1.854,10,"{""knn"": 15, ""label_mode"": ""components"", ""lite"": false, ""loss_weights"": [1, 10, 1, 10], ""n_cover"": 15, ""regularization"": 10.0, ""threshold"": 0.5}",0.1.0,2026-06-20T03:03:49+00:00
mice_protein,shapediscover,embedding,continuity,0.9485928612308303,0,1080,77,1.854,10,"{""knn"": 15, ""label_mode"": ""components"", ""lite"": false, ""loss_weights"": [1, 10, 1, 10], ""n_cover"": 15, ""regularization"": 10.0, ""threshold"": 0.5}",0.1.0,2026-06-20T03:03:49+00:00
mice_protein,shapediscover,embedding,knn_recall,0.4364814814814815,0,1080,77,1.854,10,"{""knn"": 15, ""label_mode"": ""components"", ""lite"": false, ""loss_weights"": [1, 10, 1, 10], ""n_cover"": 15, ""regularization"": 10.0, ""threshold"": 0.5}",0.1.0,2026-06-20T03:03:49+00:00
mice_protein,shapediscover,embedding,global_corr,0.26923229147116173,0,1080,77,1.854,10,"{""knn"": 15, ""label_mode"": ""components"", ""lite"": false, ""loss_weights"": [1, 10, 1, 10], ""n_cover"": 15, ""regularization"": 10.0, ""threshold"": 0.5}",0.1.0,2026-06-20T03:03:49+00:00
mice_protein,shapediscover,cost,clustering_s,0.0005,0,1080,77,1.854,10,"{""knn"": 15, ""label_mode"": ""components"", ""lite"": false, ""loss_weights"": [1, 10, 1, 10], ""n_cover"": 15, ""regularization"": 10.0, ""threshold"": 0.5}",0.1.0,2026-06-20T03:03:49+00:00
mice_protein,shapediscover,cost,embedding_s,0.0023,0,1080,77,1.854,10,"{""knn"": 15, ""label_mode"": ""components"", ""lite"": false, ""loss_weights"": [1, 10, 1, 10], ""n_cover"": 15, ""regularization"": 10.0, ""threshold"": 0.5}",0.1.0,2026-06-20T03:03:49+00:00
mice_protein,shapediscover,cost,fit_s,1.854,0,1080,77,1.854,10,"{""knn"": 15, ""label_mode"": ""components"", ""lite"": false, ""loss_weights"": [1, 10, 1, 10], ""n_cover"": 15, ""regularization"": 10.0, ""threshold"": 0.5}",0.1.0,2026-06-20T03:03:49+00:00
mice_protein,shapediscover,clustering,ari,0.0015504714398868811,1,1080,77,1.826,8,"{""knn"": 15, ""label_mode"": ""components"", ""lite"": false, ""loss_weights"": [1, 10, 1, 10], ""n_cover"": 15, ""regularization"": 10.0, ""threshold"": 0.5}",0.1.0,2026-06-20T03:03:49+00:00
mice_protein,shapediscover,clustering,ami,0.04662167692913855,1,1080,77,1.826,8,"{""knn"": 15, ""label_mode"": ""components"", ""lite"": false, ""loss_weights"": [1, 10, 1, 10], ""n_cover"": 15, ""regularization"": 10.0, ""threshold"": 0.5}",0.1.0,2026-06-20T03:03:49+00:00
mice_protein,shapediscover,clustering,nmi,0.053113115324405526,1,1080,77,1.826,8,"{""knn"": 15, ""label_mode"": ""components"", ""lite"": false, ""loss_weights"": [1, 10, 1, 10], ""n_cover"": 15, ""regularization"": 10.0, ""threshold"": 0.5}",0.1.0,2026-06-20T03:03:49+00:00
mice_protein,shapediscover,clustering,homogeneity,0.02842783190107188,1,1080,77,1.826,8,"{""knn"": 15, ""label_mode"": ""components"", ""lite"": false, ""loss_weights"": [1, 10, 1, 10], ""n_cover"": 15, ""regularization"": 10.0, ""threshold"": 0.5}",0.1.0,2026-06-20T03:03:49+00:00
mice_protein,shapediscover,clustering,completeness,0.4034391867375168,1,1080,77,1.826,8,"{""knn"": 15, ""label_mode"": ""components"", ""lite"": false, ""loss_weights"": [1, 10, 1, 10], ""n_cover"": 15, ""regularization"": 10.0, ""threshold"": 0.5}",0.1.0,2026-06-20T03:03:49+00:00
mice_protein,shapediscover,clustering,n_clusters_pred,3.0,1,1080,77,1.826,8,"{""knn"": 15, ""label_mode"": ""components"", ""lite"": false, ""loss_weights"": [1, 10, 1, 10], ""n_cover"": 15, ""regularization"": 10.0, ""threshold"": 0.5}",0.1.0,2026-06-20T03:03:49+00:00
mice_protein,shapediscover,clustering,n_clusters_true,8.0,1,1080,77,1.826,8,"{""knn"": 15, ""label_mode"": ""components"", ""lite"": false, ""loss_weights"": [1, 10, 1, 10], ""n_cover"": 15, ""regularization"": 10.0, ""threshold"": 0.5}",0.1.0,2026-06-20T03:03:49+00:00
mice_protein,shapediscover,embedding,trustworthiness,0.8420188747561816,1,1080,77,1.826,8,"{""knn"": 15, ""label_mode"": ""components"", ""lite"": false, ""loss_weights"": [1, 10, 1, 10], ""n_cover"": 15, ""regularization"": 10.0, ""threshold"": 0.5}",0.1.0,2026-06-20T03:03:49+00:00
mice_protein,shapediscover,embedding,continuity,0.9083417428781667,1,1080,77,1.826,8,"{""knn"": 15, ""label_mode"": ""components"", ""lite"": false, ""loss_weights"": [1, 10, 1, 10], ""n_cover"": 15, ""regularization"": 10.0, ""threshold"": 0.5}",0.1.0,2026-06-20T03:03:49+00:00
mice_protein,shapediscover,embedding,knn_recall,0.3495061728395062,1,1080,77,1.826,8,"{""knn"": 15, ""label_mode"": ""components"", ""lite"": false, ""loss_weights"": [1, 10, 1, 10], ""n_cover"": 15, ""regularization"": 10.0, ""threshold"": 0.5}",0.1.0,2026-06-20T03:03:49+00:00
mice_protein,shapediscover,embedding,global_corr,0.14273023302313131,1,1080,77,1.826,8,"{""knn"": 15, ""label_mode"": ""components"", ""lite"": false, ""loss_weights"": [1, 10, 1, 10], ""n_cover"": 15, ""regularization"": 10.0, ""threshold"": 0.5}",0.1.0,2026-06-20T03:03:49+00:00
mice_protein,shapediscover,cost,clustering_s,0.0004,1,1080,77,1.826,8,"{""knn"": 15, ""label_mode"": ""components"", ""lite"": false, ""loss_weights"": [1, 10, 1, 10], ""n_cover"": 15, ""regularization"": 10.0, ""threshold"": 0.5}",0.1.0,2026-06-20T03:03:49+00:00
mice_protein,shapediscover,cost,embedding_s,0.0022,1,1080,77,1.826,8,"{""knn"": 15, ""label_mode"": ""components"", ""lite"": false, ""loss_weights"": [1, 10, 1, 10], ""n_cover"": 15, ""regularization"": 10.0, ""threshold"": 0.5}",0.1.0,2026-06-20T03:03:49+00:00
mice_protein,shapediscover,cost,fit_s,1.826,1,1080,77,1.826,8,"{""knn"": 15, ""label_mode"": ""components"", ""lite"": false, ""loss_weights"": [1, 10, 1, 10], ""n_cover"": 15, ""regularization"": 10.0, ""threshold"": 0.5}",0.1.0,2026-06-20T03:03:49+00:00
mice_protein,shapediscover,clustering,ari,0.07063145261820761,2,1080,77,1.86,9,"{""knn"": 15, ""label_mode"": ""components"", ""lite"": false, ""loss_weights"": [1, 10, 1, 10], ""n_cover"": 15, ""regularization"": 10.0, ""threshold"": 0.5}",0.1.0,2026-06-20T03:03:49+00:00
mice_protein,shapediscover,clustering,ami,0.16254089541273567,2,1080,77,1.86,9,"{""knn"": 15, ""label_mode"": ""components"", ""lite"": false, ""loss_weights"": [1, 10, 1, 10], ""n_cover"": 15, ""regularization"": 10.0, ""threshold"": 0.5}",0.1.0,2026-06-20T03:03:49+00:00
mice_protein,shapediscover,clustering,nmi,0.16455447859322092,2,1080,77,1.86,9,"{""knn"": 15, ""label_mode"": ""components"", ""lite"": false, ""loss_weights"": [1, 10, 1, 10], ""n_cover"": 15, ""regularization"": 10.0, ""threshold"": 0.5}",0.1.0,2026-06-20T03:03:49+00:00
mice_protein,shapediscover,clustering,homogeneity,0.10744381476965409,2,1080,77,1.86,9,"{""knn"": 15, ""label_mode"": ""components"", ""lite"": false, ""loss_weights"": [1, 10, 1, 10], ""n_cover"": 15, ""regularization"": 10.0, ""threshold"": 0.5}",0.1.0,2026-06-20T03:03:49+00:00
mice_protein,shapediscover,clustering,completeness,0.3512667215375566,2,1080,77,1.86,9,"{""knn"": 15, ""label_mode"": ""components"", ""lite"": false, ""loss_weights"": [1, 10, 1, 10], ""n_cover"": 15, ""regularization"": 10.0, ""threshold"": 0.5}",0.1.0,2026-06-20T03:03:49+00:00
mice_protein,shapediscover,clustering,n_clusters_pred,2.0,2,1080,77,1.86,9,"{""knn"": 15, ""label_mode"": ""components"", ""lite"": false, ""loss_weights"": [1, 10, 1, 10], ""n_cover"": 15, ""regularization"": 10.0, ""threshold"": 0.5}",0.1.0,2026-06-20T03:03:49+00:00
mice_protein,shapediscover,clustering,n_clusters_true,8.0,2,1080,77,1.86,9,"{""knn"": 15, ""label_mode"": ""components"", ""lite"": false, ""loss_weights"": [1, 10, 1, 10], ""n_cover"": 15, ""regularization"": 10.0, ""threshold"": 0.5}",0.1.0,2026-06-20T03:03:49+00:00
mice_protein,shapediscover,embedding,trustworthiness,0.9028859338682739,2,1080,77,1.86,9,"{""knn"": 15, ""label_mode"": ""components"", ""lite"": false, ""loss_weights"": [1, 10, 1, 10], ""n_cover"": 15, ""regularization"": 10.0, ""threshold"": 0.5}",0.1.0,2026-06-20T03:03:49+00:00
mice_protein,shapediscover,embedding,continuity,0.9540032937383931,2,1080,77,1.86,9,"{""knn"": 15, ""label_mode"": ""components"", ""lite"": false, ""loss_weights"": [1, 10, 1, 10], ""n_cover"": 15, ""regularization"": 10.0, ""threshold"": 0.5}",0.1.0,2026-06-20T03:03:49+00:00
mice_protein,shapediscover,embedding,knn_recall,0.42604938271604936,2,1080,77,1.86,9,"{""knn"": 15, ""label_mode"": ""components"", ""lite"": false, ""loss_weights"": [1, 10, 1, 10], ""n_cover"": 15, ""regularization"": 10.0, ""threshold"": 0.5}",0.1.0,2026-06-20T03:03:49+00:00
mice_protein,shapediscover,embedding,global_corr,0.2641298977195131,2,1080,77,1.86,9,"{""knn"": 15, ""label_mode"": ""components"", ""lite"": false, ""loss_weights"": [1, 10, 1, 10], ""n_cover"": 15, ""regularization"": 10.0, ""threshold"": 0.5}",0.1.0,2026-06-20T03:03:49+00:00
mice_protein,shapediscover,cost,clustering_s,0.0004,2,1080,77,1.86,9,"{""knn"": 15, ""label_mode"": ""components"", ""lite"": false, ""loss_weights"": [1, 10, 1, 10], ""n_cover"": 15, ""regularization"": 10.0, ""threshold"": 0.5}",0.1.0,2026-06-20T03:03:49+00:00
mice_protein,shapediscover,cost,embedding_s,0.0022,2,1080,77,1.86,9,"{""knn"": 15, ""label_mode"": ""components"", ""lite"": false, ""loss_weights"": [1, 10, 1, 10], ""n_cover"": 15, ""regularization"": 10.0, ""threshold"": 0.5}",0.1.0,2026-06-20T03:03:49+00:00
mice_protein,shapediscover,cost,fit_s,1.86,2,1080,77,1.86,9,"{""knn"": 15, ""label_mode"": ""components"", ""lite"": false, ""loss_weights"": [1, 10, 1, 10], ""n_cover"": 15, ""regularization"": 10.0, ""threshold"": 0.5}",0.1.0,2026-06-20T03:03:49+00:00
dynamical_system,shapediscover,topology,recovery_quotient,0.0,0,2022,10,2.778,15,"{""knn"": 15, ""label_mode"": ""components"", ""lite"": false, ""loss_weights"": [1, 10, 1, 10], ""n_cover"": 15, ""regularization"": 10.0, ""threshold"": 0.5}",0.1.0,2026-06-20T03:03:49+00:00
dynamical_system,shapediscover,topology,complex_size,1940.0,0,2022,10,2.778,15,"{""knn"": 15, ""label_mode"": ""components"", ""lite"": false, ""loss_weights"": [1, 10, 1, 10], ""n_cover"": 15, ""regularization"": 10.0, ""threshold"": 0.5}",0.1.0,2026-06-20T03:03:49+00:00
dynamical_system,shapediscover,topology,bar_dominance_min,1.019,0,2022,10,2.778,15,"{""knn"": 15, ""label_mode"": ""components"", ""lite"": false, ""loss_weights"": [1, 10, 1, 10], ""n_cover"": 15, ""regularization"": 10.0, ""threshold"": 0.5}",0.1.0,2026-06-20T03:03:49+00:00
dynamical_system,shapediscover,topology,bar_dominance_h0,1000.0,0,2022,10,2.778,15,"{""knn"": 15, ""label_mode"": ""components"", ""lite"": false, ""loss_weights"": [1, 10, 1, 10], ""n_cover"": 15, ""regularization"": 10.0, ""threshold"": 0.5}",0.1.0,2026-06-20T03:03:49+00:00
dynamical_system,shapediscover,topology,bar_dominance_h1,1.019,0,2022,10,2.778,15,"{""knn"": 15, ""label_mode"": ""components"", ""lite"": false, ""loss_weights"": [1, 10, 1, 10], ""n_cover"": 15, ""regularization"": 10.0, ""threshold"": 0.5}",0.1.0,2026-06-20T03:03:49+00:00
dynamical_system,shapediscover,topology,bar_dominance_h2,1.313,0,2022,10,2.778,15,"{""knn"": 15, ""label_mode"": ""components"", ""lite"": false, ""loss_weights"": [1, 10, 1, 10], ""n_cover"": 15, ""regularization"": 10.0, ""threshold"": 0.5}",0.1.0,2026-06-20T03:03:49+00:00
dynamical_system,shapediscover,embedding,trustworthiness,0.9724976236882041,0,2022,10,2.778,15,"{""knn"": 15, ""label_mode"": ""components"", ""lite"": false, ""loss_weights"": [1, 10, 1, 10], ""n_cover"": 15, ""regularization"": 10.0, ""threshold"": 0.5}",0.1.0,2026-06-20T03:03:49+00:00
dynamical_system,shapediscover,embedding,continuity,0.9900226242366155,0,2022,10,2.778,15,"{""knn"": 15, ""label_mode"": ""components"", ""lite"": false, ""loss_weights"": [1, 10, 1, 10], ""n_cover"": 15, ""regularization"": 10.0, ""threshold"": 0.5}",0.1.0,2026-06-20T03:03:49+00:00
dynamical_system,shapediscover,embedding,knn_recall,0.4817342565117046,0,2022,10,2.778,15,"{""knn"": 15, ""label_mode"": ""components"", ""lite"": false, ""loss_weights"": [1, 10, 1, 10], ""n_cover"": 15, ""regularization"": 10.0, ""threshold"": 0.5}",0.1.0,2026-06-20T03:03:49+00:00
dynamical_system,shapediscover,embedding,global_corr,0.8260507711232931,0,2022,10,2.778,15,"{""knn"": 15, ""label_mode"": ""components"", ""lite"": false, ""loss_weights"": [1, 10, 1, 10], ""n_cover"": 15, ""regularization"": 10.0, ""threshold"": 0.5}",0.1.0,2026-06-20T03:03:49+00:00
dynamical_system,shapediscover,cost,persistence_s,0.2835,0,2022,10,2.778,15,"{""knn"": 15, ""label_mode"": ""components"", ""lite"": false, ""loss_weights"": [1, 10, 1, 10], ""n_cover"": 15, ""regularization"": 10.0, ""threshold"": 0.5}",0.1.0,2026-06-20T03:03:49+00:00
dynamical_system,shapediscover,cost,complex_size,1940.0,0,2022,10,2.778,15,"{""knn"": 15, ""label_mode"": ""components"", ""lite"": false, ""loss_weights"": [1, 10, 1, 10], ""n_cover"": 15, ""regularization"": 10.0, ""threshold"": 0.5}",0.1.0,2026-06-20T03:03:49+00:00
dynamical_system,shapediscover,cost,embedding_s,0.0032,0,2022,10,2.778,15,"{""knn"": 15, ""label_mode"": ""components"", ""lite"": false, ""loss_weights"": [1, 10, 1, 10], ""n_cover"": 15, ""regularization"": 10.0, ""threshold"": 0.5}",0.1.0,2026-06-20T03:03:49+00:00
dynamical_system,shapediscover,cost,fit_s,2.778,0,2022,10,2.778,15,"{""knn"": 15, ""label_mode"": ""components"", ""lite"": false, ""loss_weights"": [1, 10, 1, 10], ""n_cover"": 15, ""regularization"": 10.0, ""threshold"": 0.5}",0.1.0,2026-06-20T03:03:49+00:00
dynamical_system,shapediscover,topology,recovery_quotient,0.013,1,2022,10,2.816,15,"{""knn"": 15, ""label_mode"": ""components"", ""lite"": false, ""loss_weights"": [1, 10, 1, 10], ""n_cover"": 15, ""regularization"": 10.0, ""threshold"": 0.5}",0.1.0,2026-06-20T03:03:49+00:00
dynamical_system,shapediscover,topology,complex_size,1940.0,1,2022,10,2.816,15,"{""knn"": 15, ""label_mode"": ""components"", ""lite"": false, ""loss_weights"": [1, 10, 1, 10], ""n_cover"": 15, ""regularization"": 10.0, ""threshold"": 0.5}",0.1.0,2026-06-20T03:03:49+00:00
dynamical_system,shapediscover,topology,bar_dominance_min,1.047,1,2022,10,2.816,15,"{""knn"": 15, ""label_mode"": ""components"", ""lite"": false, ""loss_weights"": [1, 10, 1, 10], ""n_cover"": 15, ""regularization"": 10.0, ""threshold"": 0.5}",0.1.0,2026-06-20T03:03:49+00:00
dynamical_system,shapediscover,topology,bar_dominance_h0,1000.0,1,2022,10,2.816,15,"{""knn"": 15, ""label_mode"": ""components"", ""lite"": false, ""loss_weights"": [1, 10, 1, 10], ""n_cover"": 15, ""regularization"": 10.0, ""threshold"": 0.5}",0.1.0,2026-06-20T03:03:49+00:00
dynamical_system,shapediscover,topology,bar_dominance_h1,1.047,1,2022,10,2.816,15,"{""knn"": 15, ""label_mode"": ""components"", ""lite"": false, ""loss_weights"": [1, 10, 1, 10], ""n_cover"": 15, ""regularization"": 10.0, ""threshold"": 0.5}",0.1.0,2026-06-20T03:03:49+00:00
dynamical_system,shapediscover,topology,bar_dominance_h2,1.28,1,2022,10,2.816,15,"{""knn"": 15, ""label_mode"": ""components"", ""lite"": false, ""loss_weights"": [1, 10, 1, 10], ""n_cover"": 15, ""regularization"": 10.0, ""threshold"": 0.5}",0.1.0,2026-06-20T03:03:49+00:00
dynamical_system,shapediscover,embedding,trustworthiness,0.965589388825636,1,2022,10,2.816,15,"{""knn"": 15, ""label_mode"": ""components"", ""lite"": false, ""loss_weights"": [1, 10, 1, 10], ""n_cover"": 15, ""regularization"": 10.0, ""threshold"": 0.5}",0.1.0,2026-06-20T03:03:49+00:00
dynamical_system,shapediscover,embedding,continuity,0.9871511258431722,1,2022,10,2.816,15,"{""knn"": 15, ""label_mode"": ""components"", ""lite"": false, ""loss_weights"": [1, 10, 1, 10], ""n_cover"": 15, ""regularization"": 10.0, ""threshold"": 0.5}",0.1.0,2026-06-20T03:03:49+00:00
dynamical_system,shapediscover,embedding,knn_recall,0.4346191889218595,1,2022,10,2.816,15,"{""knn"": 15, ""label_mode"": ""components"", ""lite"": false, ""loss_weights"": [1, 10, 1, 10], ""n_cover"": 15, ""regularization"": 10.0, ""threshold"": 0.5}",0.1.0,2026-06-20T03:03:49+00:00
dynamical_system,shapediscover,embedding,global_corr,0.7991394038233083,1,2022,10,2.816,15,"{""knn"": 15, ""label_mode"": ""components"", ""lite"": false, ""loss_weights"": [1, 10, 1, 10], ""n_cover"": 15, ""regularization"": 10.0, ""threshold"": 0.5}",0.1.0,2026-06-20T03:03:49+00:00
dynamical_system,shapediscover,cost,persistence_s,0.2797,1,2022,10,2.816,15,"{""knn"": 15, ""label_mode"": ""components"", ""lite"": false, ""loss_weights"": [1, 10, 1, 10], ""n_cover"": 15, ""regularization"": 10.0, ""threshold"": 0.5}",0.1.0,2026-06-20T03:03:49+00:00
dynamical_system,shapediscover,cost,complex_size,1940.0,1,2022,10,2.816,15,"{""knn"": 15, ""label_mode"": ""components"", ""lite"": false, ""loss_weights"": [1, 10, 1, 10], ""n_cover"": 15, ""regularization"": 10.0, ""threshold"": 0.5}",0.1.0,2026-06-20T03:03:49+00:00
dynamical_system,shapediscover,cost,embedding_s,0.0032,1,2022,10,2.816,15,"{""knn"": 15, ""label_mode"": ""components"", ""lite"": false, ""loss_weights"": [1, 10, 1, 10], ""n_cover"": 15, ""regularization"": 10.0, ""threshold"": 0.5}",0.1.0,2026-06-20T03:03:49+00:00
dynamical_system,shapediscover,cost,fit_s,2.816,1,2022,10,2.816,15,"{""knn"": 15, ""label_mode"": ""components"", ""lite"": false, ""loss_weights"": [1, 10, 1, 10], ""n_cover"": 15, ""regularization"": 10.0, ""threshold"": 0.5}",0.1.0,2026-06-20T03:03:49+00:00
dynamical_system,shapediscover,topology,recovery_quotient,0.013,2,2022,10,2.863,15,"{""knn"": 15, ""label_mode"": ""components"", ""lite"": false, ""loss_weights"": [1, 10, 1, 10], ""n_cover"": 15, ""regularization"": 10.0, ""threshold"": 0.5}",0.1.0,2026-06-20T03:03:49+00:00
dynamical_system,shapediscover,topology,complex_size,1940.0,2,2022,10,2.863,15,"{""knn"": 15, ""label_mode"": ""components"", ""lite"": false, ""loss_weights"": [1, 10, 1, 10], ""n_cover"": 15, ""regularization"": 10.0, ""threshold"": 0.5}",0.1.0,2026-06-20T03:03:49+00:00
dynamical_system,shapediscover,topology,bar_dominance_min,1.129,2,2022,10,2.863,15,"{""knn"": 15, ""label_mode"": ""components"", ""lite"": false, ""loss_weights"": [1, 10, 1, 10], ""n_cover"": 15, ""regularization"": 10.0, ""threshold"": 0.5}",0.1.0,2026-06-20T03:03:49+00:00
dynamical_system,shapediscover,topology,bar_dominance_h0,1000.0,2,2022,10,2.863,15,"{""knn"": 15, ""label_mode"": ""components"", ""lite"": false, ""loss_weights"": [1, 10, 1, 10], ""n_cover"": 15, ""regularization"": 10.0, ""threshold"": 0.5}",0.1.0,2026-06-20T03:03:49+00:00
dynamical_system,shapediscover,topology,bar_dominance_h1,1.129,2,2022,10,2.863,15,"{""knn"": 15, ""label_mode"": ""components"", ""lite"": false, ""loss_weights"": [1, 10, 1, 10], ""n_cover"": 15, ""regularization"": 10.0, ""threshold"": 0.5}",0.1.0,2026-06-20T03:03:49+00:00
dynamical_system,shapediscover,topology,bar_dominance_h2,1.347,2,2022,10,2.863,15,"{""knn"": 15, ""label_mode"": ""components"", ""lite"": false, ""loss_weights"": [1, 10, 1, 10], ""n_cover"": 15, ""regularization"": 10.0, ""threshold"": 0.5}",0.1.0,2026-06-20T03:03:49+00:00
dynamical_system,shapediscover,embedding,trustworthiness,0.9696630709024147,2,2022,10,2.863,15,"{""knn"": 15, ""label_mode"": ""components"", ""lite"": false, ""loss_weights"": [1, 10, 1, 10], ""n_cover"": 15, ""regularization"": 10.0, ""threshold"": 0.5}",0.1.0,2026-06-20T03:03:49+00:00
dynamical_system,shapediscover,embedding,continuity,0.9886367186230768,2,2022,10,2.863,15,"{""knn"": 15, ""label_mode"": ""components"", ""lite"": false, ""loss_weights"": [1, 10, 1, 10], ""n_cover"": 15, ""regularization"": 10.0, ""threshold"": 0.5}",0.1.0,2026-06-20T03:03:49+00:00
dynamical_system,shapediscover,embedding,knn_recall,0.472106824925816,2,2022,10,2.863,15,"{""knn"": 15, ""label_mode"": ""components"", ""lite"": false, ""loss_weights"": [1, 10, 1, 10], ""n_cover"": 15, ""regularization"": 10.0, ""threshold"": 0.5}",0.1.0,2026-06-20T03:03:49+00:00
dynamical_system,shapediscover,embedding,global_corr,0.8398220516089617,2,2022,10,2.863,15,"{""knn"": 15, ""label_mode"": ""components"", ""lite"": false, ""loss_weights"": [1, 10, 1, 10], ""n_cover"": 15, ""regularization"": 10.0, ""threshold"": 0.5}",0.1.0,2026-06-20T03:03:49+00:00
dynamical_system,shapediscover,cost,persistence_s,0.2758,2,2022,10,2.863,15,"{""knn"": 15, ""label_mode"": ""components"", ""lite"": false, ""loss_weights"": [1, 10, 1, 10], ""n_cover"": 15, ""regularization"": 10.0, ""threshold"": 0.5}",0.1.0,2026-06-20T03:03:49+00:00
dynamical_system,shapediscover,cost,complex_size,1940.0,2,2022,10,2.863,15,"{""knn"": 15, ""label_mode"": ""components"", ""lite"": false, ""loss_weights"": [1, 10, 1, 10], ""n_cover"": 15, ""regularization"": 10.0, ""threshold"": 0.5}",0.1.0,2026-06-20T03:03:49+00:00
dynamical_system,shapediscover,cost,embedding_s,0.0033,2,2022,10,2.863,15,"{""knn"": 15, ""label_mode"": ""components"", ""lite"": false, ""loss_weights"": [1, 10, 1, 10], ""n_cover"": 15, ""regularization"": 10.0, ""threshold"": 0.5}",0.1.0,2026-06-20T03:03:49+00:00
dynamical_system,shapediscover,cost,fit_s,2.863,2,2022,10,2.863,15,"{""knn"": 15, ""label_mode"": ""components"", ""lite"": false, ""loss_weights"": [1, 10, 1, 10], ""n_cover"": 15, ""regularization"": 10.0, ""threshold"": 0.5}",0.1.0,2026-06-20T03:03:49+00:00
