dataset,method,axis,metric,value,seed,n_points,n_features,fit_runtime_s,n_active_cover,params,sd_version,timestamp,label
circle,shapediscover,topology,recovery_quotient,0.005,0,400,2,13.916,17,"{""knn"": 15, ""label_mode"": ""components"", ""lite"": false, ""loss_weights"": [1, 10, 1, 10], ""n_cover"": 52, ""regularization"": 10.0, ""threshold"": 0.5}",0.1.0,2026-06-20T16:50:00+00:00,shapediscover
circle,shapediscover,topology,complex_size,23478.0,0,400,2,13.916,17,"{""knn"": 15, ""label_mode"": ""components"", ""lite"": false, ""loss_weights"": [1, 10, 1, 10], ""n_cover"": 52, ""regularization"": 10.0, ""threshold"": 0.5}",0.1.0,2026-06-20T16:50:00+00:00,shapediscover
circle,shapediscover,topology,bar_dominance_min,1.032,0,400,2,13.916,17,"{""knn"": 15, ""label_mode"": ""components"", ""lite"": false, ""loss_weights"": [1, 10, 1, 10], ""n_cover"": 52, ""regularization"": 10.0, ""threshold"": 0.5}",0.1.0,2026-06-20T16:50:00+00:00,shapediscover
circle,shapediscover,topology,bar_dominance_h0,1000.0,0,400,2,13.916,17,"{""knn"": 15, ""label_mode"": ""components"", ""lite"": false, ""loss_weights"": [1, 10, 1, 10], ""n_cover"": 52, ""regularization"": 10.0, ""threshold"": 0.5}",0.1.0,2026-06-20T16:50:00+00:00,shapediscover
circle,shapediscover,topology,bar_dominance_h1,1.032,0,400,2,13.916,17,"{""knn"": 15, ""label_mode"": ""components"", ""lite"": false, ""loss_weights"": [1, 10, 1, 10], ""n_cover"": 52, ""regularization"": 10.0, ""threshold"": 0.5}",0.1.0,2026-06-20T16:50:00+00:00,shapediscover
circle,shapediscover,cost,persistence_s,0.2602,0,400,2,13.916,17,"{""knn"": 15, ""label_mode"": ""components"", ""lite"": false, ""loss_weights"": [1, 10, 1, 10], ""n_cover"": 52, ""regularization"": 10.0, ""threshold"": 0.5}",0.1.0,2026-06-20T16:50:00+00:00,shapediscover
circle,shapediscover,cost,complex_size,23478.0,0,400,2,13.916,17,"{""knn"": 15, ""label_mode"": ""components"", ""lite"": false, ""loss_weights"": [1, 10, 1, 10], ""n_cover"": 52, ""regularization"": 10.0, ""threshold"": 0.5}",0.1.0,2026-06-20T16:50:00+00:00,shapediscover
circle,shapediscover,cost,fit_s,13.916,0,400,2,13.916,17,"{""knn"": 15, ""label_mode"": ""components"", ""lite"": false, ""loss_weights"": [1, 10, 1, 10], ""n_cover"": 52, ""regularization"": 10.0, ""threshold"": 0.5}",0.1.0,2026-06-20T16:50:00+00:00,shapediscover
circle,shapediscover,topology,recovery_quotient,0.012,1,400,2,1.29,19,"{""knn"": 15, ""label_mode"": ""components"", ""lite"": false, ""loss_weights"": [1, 10, 1, 10], ""n_cover"": 52, ""regularization"": 10.0, ""threshold"": 0.5}",0.1.0,2026-06-20T16:50:00+00:00,shapediscover
circle,shapediscover,topology,complex_size,23478.0,1,400,2,1.29,19,"{""knn"": 15, ""label_mode"": ""components"", ""lite"": false, ""loss_weights"": [1, 10, 1, 10], ""n_cover"": 52, ""regularization"": 10.0, ""threshold"": 0.5}",0.1.0,2026-06-20T16:50:00+00:00,shapediscover
circle,shapediscover,topology,bar_dominance_min,3.833,1,400,2,1.29,19,"{""knn"": 15, ""label_mode"": ""components"", ""lite"": false, ""loss_weights"": [1, 10, 1, 10], ""n_cover"": 52, ""regularization"": 10.0, ""threshold"": 0.5}",0.1.0,2026-06-20T16:50:00+00:00,shapediscover
circle,shapediscover,topology,bar_dominance_h0,1000.0,1,400,2,1.29,19,"{""knn"": 15, ""label_mode"": ""components"", ""lite"": false, ""loss_weights"": [1, 10, 1, 10], ""n_cover"": 52, ""regularization"": 10.0, ""threshold"": 0.5}",0.1.0,2026-06-20T16:50:00+00:00,shapediscover
circle,shapediscover,topology,bar_dominance_h1,3.833,1,400,2,1.29,19,"{""knn"": 15, ""label_mode"": ""components"", ""lite"": false, ""loss_weights"": [1, 10, 1, 10], ""n_cover"": 52, ""regularization"": 10.0, ""threshold"": 0.5}",0.1.0,2026-06-20T16:50:00+00:00,shapediscover
circle,shapediscover,cost,persistence_s,0.0105,1,400,2,1.29,19,"{""knn"": 15, ""label_mode"": ""components"", ""lite"": false, ""loss_weights"": [1, 10, 1, 10], ""n_cover"": 52, ""regularization"": 10.0, ""threshold"": 0.5}",0.1.0,2026-06-20T16:50:00+00:00,shapediscover
circle,shapediscover,cost,complex_size,23478.0,1,400,2,1.29,19,"{""knn"": 15, ""label_mode"": ""components"", ""lite"": false, ""loss_weights"": [1, 10, 1, 10], ""n_cover"": 52, ""regularization"": 10.0, ""threshold"": 0.5}",0.1.0,2026-06-20T16:50:00+00:00,shapediscover
circle,shapediscover,cost,fit_s,1.29,1,400,2,1.29,19,"{""knn"": 15, ""label_mode"": ""components"", ""lite"": false, ""loss_weights"": [1, 10, 1, 10], ""n_cover"": 52, ""regularization"": 10.0, ""threshold"": 0.5}",0.1.0,2026-06-20T16:50:00+00:00,shapediscover
circle,shapediscover,topology,recovery_quotient,0.703,2,400,2,1.874,16,"{""knn"": 15, ""label_mode"": ""components"", ""lite"": false, ""loss_weights"": [1, 10, 1, 10], ""n_cover"": 52, ""regularization"": 10.0, ""threshold"": 0.5}",0.1.0,2026-06-20T16:50:00+00:00,shapediscover
circle,shapediscover,topology,complex_size,23478.0,2,400,2,1.874,16,"{""knn"": 15, ""label_mode"": ""components"", ""lite"": false, ""loss_weights"": [1, 10, 1, 10], ""n_cover"": 52, ""regularization"": 10.0, ""threshold"": 0.5}",0.1.0,2026-06-20T16:50:00+00:00,shapediscover
circle,shapediscover,topology,bar_dominance_min,45.132,2,400,2,1.874,16,"{""knn"": 15, ""label_mode"": ""components"", ""lite"": false, ""loss_weights"": [1, 10, 1, 10], ""n_cover"": 52, ""regularization"": 10.0, ""threshold"": 0.5}",0.1.0,2026-06-20T16:50:00+00:00,shapediscover
circle,shapediscover,topology,bar_dominance_h0,1000.0,2,400,2,1.874,16,"{""knn"": 15, ""label_mode"": ""components"", ""lite"": false, ""loss_weights"": [1, 10, 1, 10], ""n_cover"": 52, ""regularization"": 10.0, ""threshold"": 0.5}",0.1.0,2026-06-20T16:50:00+00:00,shapediscover
circle,shapediscover,topology,bar_dominance_h1,45.132,2,400,2,1.874,16,"{""knn"": 15, ""label_mode"": ""components"", ""lite"": false, ""loss_weights"": [1, 10, 1, 10], ""n_cover"": 52, ""regularization"": 10.0, ""threshold"": 0.5}",0.1.0,2026-06-20T16:50:00+00:00,shapediscover
circle,shapediscover,cost,persistence_s,0.0103,2,400,2,1.874,16,"{""knn"": 15, ""label_mode"": ""components"", ""lite"": false, ""loss_weights"": [1, 10, 1, 10], ""n_cover"": 52, ""regularization"": 10.0, ""threshold"": 0.5}",0.1.0,2026-06-20T16:50:00+00:00,shapediscover
circle,shapediscover,cost,complex_size,23478.0,2,400,2,1.874,16,"{""knn"": 15, ""label_mode"": ""components"", ""lite"": false, ""loss_weights"": [1, 10, 1, 10], ""n_cover"": 52, ""regularization"": 10.0, ""threshold"": 0.5}",0.1.0,2026-06-20T16:50:00+00:00,shapediscover
circle,shapediscover,cost,fit_s,1.874,2,400,2,1.874,16,"{""knn"": 15, ""label_mode"": ""components"", ""lite"": false, ""loss_weights"": [1, 10, 1, 10], ""n_cover"": 52, ""regularization"": 10.0, ""threshold"": 0.5}",0.1.0,2026-06-20T16:50:00+00:00,shapediscover
sphere2,shapediscover,topology,recovery_quotient,0.598,0,600,3,2.435,16,"{""knn"": 15, ""label_mode"": ""components"", ""lite"": false, ""loss_weights"": [1, 10, 1, 10], ""n_cover"": 52, ""regularization"": 10.0, ""threshold"": 0.5}",0.1.0,2026-06-20T16:50:00+00:00,shapediscover
sphere2,shapediscover,topology,complex_size,294203.0,0,600,3,2.435,16,"{""knn"": 15, ""label_mode"": ""components"", ""lite"": false, ""loss_weights"": [1, 10, 1, 10], ""n_cover"": 52, ""regularization"": 10.0, ""threshold"": 0.5}",0.1.0,2026-06-20T16:50:00+00:00,shapediscover
sphere2,shapediscover,topology,bar_dominance_min,1.933,0,600,3,2.435,16,"{""knn"": 15, ""label_mode"": ""components"", ""lite"": false, ""loss_weights"": [1, 10, 1, 10], ""n_cover"": 52, ""regularization"": 10.0, ""threshold"": 0.5}",0.1.0,2026-06-20T16:50:00+00:00,shapediscover
sphere2,shapediscover,topology,bar_dominance_h0,1000.0,0,600,3,2.435,16,"{""knn"": 15, ""label_mode"": ""components"", ""lite"": false, ""loss_weights"": [1, 10, 1, 10], ""n_cover"": 52, ""regularization"": 10.0, ""threshold"": 0.5}",0.1.0,2026-06-20T16:50:00+00:00,shapediscover
sphere2,shapediscover,topology,bar_dominance_h1,1.933,0,600,3,2.435,16,"{""knn"": 15, ""label_mode"": ""components"", ""lite"": false, ""loss_weights"": [1, 10, 1, 10], ""n_cover"": 52, ""regularization"": 10.0, ""threshold"": 0.5}",0.1.0,2026-06-20T16:50:00+00:00,shapediscover
sphere2,shapediscover,topology,bar_dominance_h2,4.87,0,600,3,2.435,16,"{""knn"": 15, ""label_mode"": ""components"", ""lite"": false, ""loss_weights"": [1, 10, 1, 10], ""n_cover"": 52, ""regularization"": 10.0, ""threshold"": 0.5}",0.1.0,2026-06-20T16:50:00+00:00,shapediscover
sphere2,shapediscover,cost,persistence_s,0.1943,0,600,3,2.435,16,"{""knn"": 15, ""label_mode"": ""components"", ""lite"": false, ""loss_weights"": [1, 10, 1, 10], ""n_cover"": 52, ""regularization"": 10.0, ""threshold"": 0.5}",0.1.0,2026-06-20T16:50:00+00:00,shapediscover
sphere2,shapediscover,cost,complex_size,294203.0,0,600,3,2.435,16,"{""knn"": 15, ""label_mode"": ""components"", ""lite"": false, ""loss_weights"": [1, 10, 1, 10], ""n_cover"": 52, ""regularization"": 10.0, ""threshold"": 0.5}",0.1.0,2026-06-20T16:50:00+00:00,shapediscover
sphere2,shapediscover,cost,fit_s,2.435,0,600,3,2.435,16,"{""knn"": 15, ""label_mode"": ""components"", ""lite"": false, ""loss_weights"": [1, 10, 1, 10], ""n_cover"": 52, ""regularization"": 10.0, ""threshold"": 0.5}",0.1.0,2026-06-20T16:50:00+00:00,shapediscover
sphere2,shapediscover,topology,recovery_quotient,0.62,1,600,3,2.464,14,"{""knn"": 15, ""label_mode"": ""components"", ""lite"": false, ""loss_weights"": [1, 10, 1, 10], ""n_cover"": 52, ""regularization"": 10.0, ""threshold"": 0.5}",0.1.0,2026-06-20T16:50:00+00:00,shapediscover
sphere2,shapediscover,topology,complex_size,294203.0,1,600,3,2.464,14,"{""knn"": 15, ""label_mode"": ""components"", ""lite"": false, ""loss_weights"": [1, 10, 1, 10], ""n_cover"": 52, ""regularization"": 10.0, ""threshold"": 0.5}",0.1.0,2026-06-20T16:50:00+00:00,shapediscover
sphere2,shapediscover,topology,bar_dominance_min,3.272,1,600,3,2.464,14,"{""knn"": 15, ""label_mode"": ""components"", ""lite"": false, ""loss_weights"": [1, 10, 1, 10], ""n_cover"": 52, ""regularization"": 10.0, ""threshold"": 0.5}",0.1.0,2026-06-20T16:50:00+00:00,shapediscover
sphere2,shapediscover,topology,bar_dominance_h0,1000.0,1,600,3,2.464,14,"{""knn"": 15, ""label_mode"": ""components"", ""lite"": false, ""loss_weights"": [1, 10, 1, 10], ""n_cover"": 52, ""regularization"": 10.0, ""threshold"": 0.5}",0.1.0,2026-06-20T16:50:00+00:00,shapediscover
sphere2,shapediscover,topology,bar_dominance_h1,3.272,1,600,3,2.464,14,"{""knn"": 15, ""label_mode"": ""components"", ""lite"": false, ""loss_weights"": [1, 10, 1, 10], ""n_cover"": 52, ""regularization"": 10.0, ""threshold"": 0.5}",0.1.0,2026-06-20T16:50:00+00:00,shapediscover
sphere2,shapediscover,topology,bar_dominance_h2,5.757,1,600,3,2.464,14,"{""knn"": 15, ""label_mode"": ""components"", ""lite"": false, ""loss_weights"": [1, 10, 1, 10], ""n_cover"": 52, ""regularization"": 10.0, ""threshold"": 0.5}",0.1.0,2026-06-20T16:50:00+00:00,shapediscover
sphere2,shapediscover,cost,persistence_s,0.197,1,600,3,2.464,14,"{""knn"": 15, ""label_mode"": ""components"", ""lite"": false, ""loss_weights"": [1, 10, 1, 10], ""n_cover"": 52, ""regularization"": 10.0, ""threshold"": 0.5}",0.1.0,2026-06-20T16:50:00+00:00,shapediscover
sphere2,shapediscover,cost,complex_size,294203.0,1,600,3,2.464,14,"{""knn"": 15, ""label_mode"": ""components"", ""lite"": false, ""loss_weights"": [1, 10, 1, 10], ""n_cover"": 52, ""regularization"": 10.0, ""threshold"": 0.5}",0.1.0,2026-06-20T16:50:00+00:00,shapediscover
sphere2,shapediscover,cost,fit_s,2.464,1,600,3,2.464,14,"{""knn"": 15, ""label_mode"": ""components"", ""lite"": false, ""loss_weights"": [1, 10, 1, 10], ""n_cover"": 52, ""regularization"": 10.0, ""threshold"": 0.5}",0.1.0,2026-06-20T16:50:00+00:00,shapediscover
sphere2,shapediscover,topology,recovery_quotient,0.355,2,600,3,2.466,14,"{""knn"": 15, ""label_mode"": ""components"", ""lite"": false, ""loss_weights"": [1, 10, 1, 10], ""n_cover"": 52, ""regularization"": 10.0, ""threshold"": 0.5}",0.1.0,2026-06-20T16:50:00+00:00,shapediscover
sphere2,shapediscover,topology,complex_size,294203.0,2,600,3,2.466,14,"{""knn"": 15, ""label_mode"": ""components"", ""lite"": false, ""loss_weights"": [1, 10, 1, 10], ""n_cover"": 52, ""regularization"": 10.0, ""threshold"": 0.5}",0.1.0,2026-06-20T16:50:00+00:00,shapediscover
sphere2,shapediscover,topology,bar_dominance_min,2.118,2,600,3,2.466,14,"{""knn"": 15, ""label_mode"": ""components"", ""lite"": false, ""loss_weights"": [1, 10, 1, 10], ""n_cover"": 52, ""regularization"": 10.0, ""threshold"": 0.5}",0.1.0,2026-06-20T16:50:00+00:00,shapediscover
sphere2,shapediscover,topology,bar_dominance_h0,1000.0,2,600,3,2.466,14,"{""knn"": 15, ""label_mode"": ""components"", ""lite"": false, ""loss_weights"": [1, 10, 1, 10], ""n_cover"": 52, ""regularization"": 10.0, ""threshold"": 0.5}",0.1.0,2026-06-20T16:50:00+00:00,shapediscover
sphere2,shapediscover,topology,bar_dominance_h1,3.522,2,600,3,2.466,14,"{""knn"": 15, ""label_mode"": ""components"", ""lite"": false, ""loss_weights"": [1, 10, 1, 10], ""n_cover"": 52, ""regularization"": 10.0, ""threshold"": 0.5}",0.1.0,2026-06-20T16:50:00+00:00,shapediscover
sphere2,shapediscover,topology,bar_dominance_h2,2.118,2,600,3,2.466,14,"{""knn"": 15, ""label_mode"": ""components"", ""lite"": false, ""loss_weights"": [1, 10, 1, 10], ""n_cover"": 52, ""regularization"": 10.0, ""threshold"": 0.5}",0.1.0,2026-06-20T16:50:00+00:00,shapediscover
sphere2,shapediscover,cost,persistence_s,0.1788,2,600,3,2.466,14,"{""knn"": 15, ""label_mode"": ""components"", ""lite"": false, ""loss_weights"": [1, 10, 1, 10], ""n_cover"": 52, ""regularization"": 10.0, ""threshold"": 0.5}",0.1.0,2026-06-20T16:50:00+00:00,shapediscover
sphere2,shapediscover,cost,complex_size,294203.0,2,600,3,2.466,14,"{""knn"": 15, ""label_mode"": ""components"", ""lite"": false, ""loss_weights"": [1, 10, 1, 10], ""n_cover"": 52, ""regularization"": 10.0, ""threshold"": 0.5}",0.1.0,2026-06-20T16:50:00+00:00,shapediscover
sphere2,shapediscover,cost,fit_s,2.466,2,600,3,2.466,14,"{""knn"": 15, ""label_mode"": ""components"", ""lite"": false, ""loss_weights"": [1, 10, 1, 10], ""n_cover"": 52, ""regularization"": 10.0, ""threshold"": 0.5}",0.1.0,2026-06-20T16:50:00+00:00,shapediscover
torus,shapediscover,topology,recovery_quotient,0.552,0,3000,3,2.042,52,"{""knn"": 15, ""label_mode"": ""components"", ""lite"": false, ""loss_weights"": [1, 10, 1, 10], ""n_cover"": 52, ""regularization"": 10.0, ""threshold"": 0.5}",0.1.0,2026-06-20T16:50:00+00:00,shapediscover
torus,shapediscover,topology,complex_size,294203.0,0,3000,3,2.042,52,"{""knn"": 15, ""label_mode"": ""components"", ""lite"": false, ""loss_weights"": [1, 10, 1, 10], ""n_cover"": 52, ""regularization"": 10.0, ""threshold"": 0.5}",0.1.0,2026-06-20T16:50:00+00:00,shapediscover
torus,shapediscover,topology,bar_dominance_min,2.703,0,3000,3,2.042,52,"{""knn"": 15, ""label_mode"": ""components"", ""lite"": false, ""loss_weights"": [1, 10, 1, 10], ""n_cover"": 52, ""regularization"": 10.0, ""threshold"": 0.5}",0.1.0,2026-06-20T16:50:00+00:00,shapediscover
torus,shapediscover,topology,bar_dominance_h0,1000.0,0,3000,3,2.042,52,"{""knn"": 15, ""label_mode"": ""components"", ""lite"": false, ""loss_weights"": [1, 10, 1, 10], ""n_cover"": 52, ""regularization"": 10.0, ""threshold"": 0.5}",0.1.0,2026-06-20T16:50:00+00:00,shapediscover
torus,shapediscover,topology,bar_dominance_h1,2.703,0,3000,3,2.042,52,"{""knn"": 15, ""label_mode"": ""components"", ""lite"": false, ""loss_weights"": [1, 10, 1, 10], ""n_cover"": 52, ""regularization"": 10.0, ""threshold"": 0.5}",0.1.0,2026-06-20T16:50:00+00:00,shapediscover
torus,shapediscover,topology,bar_dominance_h2,4.151,0,3000,3,2.042,52,"{""knn"": 15, ""label_mode"": ""components"", ""lite"": false, ""loss_weights"": [1, 10, 1, 10], ""n_cover"": 52, ""regularization"": 10.0, ""threshold"": 0.5}",0.1.0,2026-06-20T16:50:00+00:00,shapediscover
torus,shapediscover,cost,persistence_s,0.3511,0,3000,3,2.042,52,"{""knn"": 15, ""label_mode"": ""components"", ""lite"": false, ""loss_weights"": [1, 10, 1, 10], ""n_cover"": 52, ""regularization"": 10.0, ""threshold"": 0.5}",0.1.0,2026-06-20T16:50:00+00:00,shapediscover
torus,shapediscover,cost,complex_size,294203.0,0,3000,3,2.042,52,"{""knn"": 15, ""label_mode"": ""components"", ""lite"": false, ""loss_weights"": [1, 10, 1, 10], ""n_cover"": 52, ""regularization"": 10.0, ""threshold"": 0.5}",0.1.0,2026-06-20T16:50:00+00:00,shapediscover
torus,shapediscover,cost,fit_s,2.042,0,3000,3,2.042,52,"{""knn"": 15, ""label_mode"": ""components"", ""lite"": false, ""loss_weights"": [1, 10, 1, 10], ""n_cover"": 52, ""regularization"": 10.0, ""threshold"": 0.5}",0.1.0,2026-06-20T16:50:00+00:00,shapediscover
torus,shapediscover,topology,recovery_quotient,0.236,1,3000,3,2.13,52,"{""knn"": 15, ""label_mode"": ""components"", ""lite"": false, ""loss_weights"": [1, 10, 1, 10], ""n_cover"": 52, ""regularization"": 10.0, ""threshold"": 0.5}",0.1.0,2026-06-20T16:50:00+00:00,shapediscover
torus,shapediscover,topology,complex_size,294203.0,1,3000,3,2.13,52,"{""knn"": 15, ""label_mode"": ""components"", ""lite"": false, ""loss_weights"": [1, 10, 1, 10], ""n_cover"": 52, ""regularization"": 10.0, ""threshold"": 0.5}",0.1.0,2026-06-20T16:50:00+00:00,shapediscover
torus,shapediscover,topology,bar_dominance_min,1.722,1,3000,3,2.13,52,"{""knn"": 15, ""label_mode"": ""components"", ""lite"": false, ""loss_weights"": [1, 10, 1, 10], ""n_cover"": 52, ""regularization"": 10.0, ""threshold"": 0.5}",0.1.0,2026-06-20T16:50:00+00:00,shapediscover
torus,shapediscover,topology,bar_dominance_h0,1000.0,1,3000,3,2.13,52,"{""knn"": 15, ""label_mode"": ""components"", ""lite"": false, ""loss_weights"": [1, 10, 1, 10], ""n_cover"": 52, ""regularization"": 10.0, ""threshold"": 0.5}",0.1.0,2026-06-20T16:50:00+00:00,shapediscover
torus,shapediscover,topology,bar_dominance_h1,1.722,1,3000,3,2.13,52,"{""knn"": 15, ""label_mode"": ""components"", ""lite"": false, ""loss_weights"": [1, 10, 1, 10], ""n_cover"": 52, ""regularization"": 10.0, ""threshold"": 0.5}",0.1.0,2026-06-20T16:50:00+00:00,shapediscover
torus,shapediscover,topology,bar_dominance_h2,4.228,1,3000,3,2.13,52,"{""knn"": 15, ""label_mode"": ""components"", ""lite"": false, ""loss_weights"": [1, 10, 1, 10], ""n_cover"": 52, ""regularization"": 10.0, ""threshold"": 0.5}",0.1.0,2026-06-20T16:50:00+00:00,shapediscover
torus,shapediscover,cost,persistence_s,0.3649,1,3000,3,2.13,52,"{""knn"": 15, ""label_mode"": ""components"", ""lite"": false, ""loss_weights"": [1, 10, 1, 10], ""n_cover"": 52, ""regularization"": 10.0, ""threshold"": 0.5}",0.1.0,2026-06-20T16:50:00+00:00,shapediscover
torus,shapediscover,cost,complex_size,294203.0,1,3000,3,2.13,52,"{""knn"": 15, ""label_mode"": ""components"", ""lite"": false, ""loss_weights"": [1, 10, 1, 10], ""n_cover"": 52, ""regularization"": 10.0, ""threshold"": 0.5}",0.1.0,2026-06-20T16:50:00+00:00,shapediscover
torus,shapediscover,cost,fit_s,2.13,1,3000,3,2.13,52,"{""knn"": 15, ""label_mode"": ""components"", ""lite"": false, ""loss_weights"": [1, 10, 1, 10], ""n_cover"": 52, ""regularization"": 10.0, ""threshold"": 0.5}",0.1.0,2026-06-20T16:50:00+00:00,shapediscover
torus,shapediscover,topology,recovery_quotient,0.375,2,3000,3,1.929,52,"{""knn"": 15, ""label_mode"": ""components"", ""lite"": false, ""loss_weights"": [1, 10, 1, 10], ""n_cover"": 52, ""regularization"": 10.0, ""threshold"": 0.5}",0.1.0,2026-06-20T16:50:00+00:00,shapediscover
torus,shapediscover,topology,complex_size,294203.0,2,3000,3,1.929,52,"{""knn"": 15, ""label_mode"": ""components"", ""lite"": false, ""loss_weights"": [1, 10, 1, 10], ""n_cover"": 52, ""regularization"": 10.0, ""threshold"": 0.5}",0.1.0,2026-06-20T16:50:00+00:00,shapediscover
torus,shapediscover,topology,bar_dominance_min,2.523,2,3000,3,1.929,52,"{""knn"": 15, ""label_mode"": ""components"", ""lite"": false, ""loss_weights"": [1, 10, 1, 10], ""n_cover"": 52, ""regularization"": 10.0, ""threshold"": 0.5}",0.1.0,2026-06-20T16:50:00+00:00,shapediscover
torus,shapediscover,topology,bar_dominance_h0,1000.0,2,3000,3,1.929,52,"{""knn"": 15, ""label_mode"": ""components"", ""lite"": false, ""loss_weights"": [1, 10, 1, 10], ""n_cover"": 52, ""regularization"": 10.0, ""threshold"": 0.5}",0.1.0,2026-06-20T16:50:00+00:00,shapediscover
torus,shapediscover,topology,bar_dominance_h1,2.523,2,3000,3,1.929,52,"{""knn"": 15, ""label_mode"": ""components"", ""lite"": false, ""loss_weights"": [1, 10, 1, 10], ""n_cover"": 52, ""regularization"": 10.0, ""threshold"": 0.5}",0.1.0,2026-06-20T16:50:00+00:00,shapediscover
torus,shapediscover,topology,bar_dominance_h2,4.119,2,3000,3,1.929,52,"{""knn"": 15, ""label_mode"": ""components"", ""lite"": false, ""loss_weights"": [1, 10, 1, 10], ""n_cover"": 52, ""regularization"": 10.0, ""threshold"": 0.5}",0.1.0,2026-06-20T16:50:00+00:00,shapediscover
torus,shapediscover,cost,persistence_s,0.3651,2,3000,3,1.929,52,"{""knn"": 15, ""label_mode"": ""components"", ""lite"": false, ""loss_weights"": [1, 10, 1, 10], ""n_cover"": 52, ""regularization"": 10.0, ""threshold"": 0.5}",0.1.0,2026-06-20T16:50:00+00:00,shapediscover
torus,shapediscover,cost,complex_size,294203.0,2,3000,3,1.929,52,"{""knn"": 15, ""label_mode"": ""components"", ""lite"": false, ""loss_weights"": [1, 10, 1, 10], ""n_cover"": 52, ""regularization"": 10.0, ""threshold"": 0.5}",0.1.0,2026-06-20T16:50:00+00:00,shapediscover
torus,shapediscover,cost,fit_s,1.929,2,3000,3,1.929,52,"{""knn"": 15, ""label_mode"": ""components"", ""lite"": false, ""loss_weights"": [1, 10, 1, 10], ""n_cover"": 52, ""regularization"": 10.0, ""threshold"": 0.5}",0.1.0,2026-06-20T16:50:00+00:00,shapediscover
two_circles,shapediscover,topology,recovery_quotient,0.013,0,800,2,1.685,40,"{""knn"": 15, ""label_mode"": ""components"", ""lite"": false, ""loss_weights"": [1, 10, 1, 10], ""n_cover"": 52, ""regularization"": 10.0, ""threshold"": 0.5}",0.1.0,2026-06-20T16:50:00+00:00,shapediscover
two_circles,shapediscover,topology,complex_size,23478.0,0,800,2,1.685,40,"{""knn"": 15, ""label_mode"": ""components"", ""lite"": false, ""loss_weights"": [1, 10, 1, 10], ""n_cover"": 52, ""regularization"": 10.0, ""threshold"": 0.5}",0.1.0,2026-06-20T16:50:00+00:00,shapediscover
two_circles,shapediscover,topology,bar_dominance_min,1.624,0,800,2,1.685,40,"{""knn"": 15, ""label_mode"": ""components"", ""lite"": false, ""loss_weights"": [1, 10, 1, 10], ""n_cover"": 52, ""regularization"": 10.0, ""threshold"": 0.5}",0.1.0,2026-06-20T16:50:00+00:00,shapediscover
two_circles,shapediscover,topology,bar_dominance_h0,1.624,0,800,2,1.685,40,"{""knn"": 15, ""label_mode"": ""components"", ""lite"": false, ""loss_weights"": [1, 10, 1, 10], ""n_cover"": 52, ""regularization"": 10.0, ""threshold"": 0.5}",0.1.0,2026-06-20T16:50:00+00:00,shapediscover
two_circles,shapediscover,topology,bar_dominance_h1,1.656,0,800,2,1.685,40,"{""knn"": 15, ""label_mode"": ""components"", ""lite"": false, ""loss_weights"": [1, 10, 1, 10], ""n_cover"": 52, ""regularization"": 10.0, ""threshold"": 0.5}",0.1.0,2026-06-20T16:50:00+00:00,shapediscover
two_circles,shapediscover,cost,persistence_s,0.0125,0,800,2,1.685,40,"{""knn"": 15, ""label_mode"": ""components"", ""lite"": false, ""loss_weights"": [1, 10, 1, 10], ""n_cover"": 52, ""regularization"": 10.0, ""threshold"": 0.5}",0.1.0,2026-06-20T16:50:00+00:00,shapediscover
two_circles,shapediscover,cost,complex_size,23478.0,0,800,2,1.685,40,"{""knn"": 15, ""label_mode"": ""components"", ""lite"": false, ""loss_weights"": [1, 10, 1, 10], ""n_cover"": 52, ""regularization"": 10.0, ""threshold"": 0.5}",0.1.0,2026-06-20T16:50:00+00:00,shapediscover
two_circles,shapediscover,cost,fit_s,1.685,0,800,2,1.685,40,"{""knn"": 15, ""label_mode"": ""components"", ""lite"": false, ""loss_weights"": [1, 10, 1, 10], ""n_cover"": 52, ""regularization"": 10.0, ""threshold"": 0.5}",0.1.0,2026-06-20T16:50:00+00:00,shapediscover
two_circles,shapediscover,topology,recovery_quotient,0.0,1,800,2,1.647,41,"{""knn"": 15, ""label_mode"": ""components"", ""lite"": false, ""loss_weights"": [1, 10, 1, 10], ""n_cover"": 52, ""regularization"": 10.0, ""threshold"": 0.5}",0.1.0,2026-06-20T16:50:00+00:00,shapediscover
two_circles,shapediscover,topology,complex_size,23478.0,1,800,2,1.647,41,"{""knn"": 15, ""label_mode"": ""components"", ""lite"": false, ""loss_weights"": [1, 10, 1, 10], ""n_cover"": 52, ""regularization"": 10.0, ""threshold"": 0.5}",0.1.0,2026-06-20T16:50:00+00:00,shapediscover
two_circles,shapediscover,topology,bar_dominance_min,1.123,1,800,2,1.647,41,"{""knn"": 15, ""label_mode"": ""components"", ""lite"": false, ""loss_weights"": [1, 10, 1, 10], ""n_cover"": 52, ""regularization"": 10.0, ""threshold"": 0.5}",0.1.0,2026-06-20T16:50:00+00:00,shapediscover
two_circles,shapediscover,topology,bar_dominance_h0,1.931,1,800,2,1.647,41,"{""knn"": 15, ""label_mode"": ""components"", ""lite"": false, ""loss_weights"": [1, 10, 1, 10], ""n_cover"": 52, ""regularization"": 10.0, ""threshold"": 0.5}",0.1.0,2026-06-20T16:50:00+00:00,shapediscover
two_circles,shapediscover,topology,bar_dominance_h1,1.123,1,800,2,1.647,41,"{""knn"": 15, ""label_mode"": ""components"", ""lite"": false, ""loss_weights"": [1, 10, 1, 10], ""n_cover"": 52, ""regularization"": 10.0, ""threshold"": 0.5}",0.1.0,2026-06-20T16:50:00+00:00,shapediscover
two_circles,shapediscover,cost,persistence_s,0.014,1,800,2,1.647,41,"{""knn"": 15, ""label_mode"": ""components"", ""lite"": false, ""loss_weights"": [1, 10, 1, 10], ""n_cover"": 52, ""regularization"": 10.0, ""threshold"": 0.5}",0.1.0,2026-06-20T16:50:00+00:00,shapediscover
two_circles,shapediscover,cost,complex_size,23478.0,1,800,2,1.647,41,"{""knn"": 15, ""label_mode"": ""components"", ""lite"": false, ""loss_weights"": [1, 10, 1, 10], ""n_cover"": 52, ""regularization"": 10.0, ""threshold"": 0.5}",0.1.0,2026-06-20T16:50:00+00:00,shapediscover
two_circles,shapediscover,cost,fit_s,1.647,1,800,2,1.647,41,"{""knn"": 15, ""label_mode"": ""components"", ""lite"": false, ""loss_weights"": [1, 10, 1, 10], ""n_cover"": 52, ""regularization"": 10.0, ""threshold"": 0.5}",0.1.0,2026-06-20T16:50:00+00:00,shapediscover
two_circles,shapediscover,topology,recovery_quotient,0.77,2,800,2,1.742,40,"{""knn"": 15, ""label_mode"": ""components"", ""lite"": false, ""loss_weights"": [1, 10, 1, 10], ""n_cover"": 52, ""regularization"": 10.0, ""threshold"": 0.5}",0.1.0,2026-06-20T16:50:00+00:00,shapediscover
two_circles,shapediscover,topology,complex_size,23478.0,2,800,2,1.742,40,"{""knn"": 15, ""label_mode"": ""components"", ""lite"": false, ""loss_weights"": [1, 10, 1, 10], ""n_cover"": 52, ""regularization"": 10.0, ""threshold"": 0.5}",0.1.0,2026-06-20T16:50:00+00:00,shapediscover
two_circles,shapediscover,topology,bar_dominance_min,5.012,2,800,2,1.742,40,"{""knn"": 15, ""label_mode"": ""components"", ""lite"": false, ""loss_weights"": [1, 10, 1, 10], ""n_cover"": 52, ""regularization"": 10.0, ""threshold"": 0.5}",0.1.0,2026-06-20T16:50:00+00:00,shapediscover
two_circles,shapediscover,topology,bar_dominance_h0,5.012,2,800,2,1.742,40,"{""knn"": 15, ""label_mode"": ""components"", ""lite"": false, ""loss_weights"": [1, 10, 1, 10], ""n_cover"": 52, ""regularization"": 10.0, ""threshold"": 0.5}",0.1.0,2026-06-20T16:50:00+00:00,shapediscover
two_circles,shapediscover,topology,bar_dominance_h1,47.152,2,800,2,1.742,40,"{""knn"": 15, ""label_mode"": ""components"", ""lite"": false, ""loss_weights"": [1, 10, 1, 10], ""n_cover"": 52, ""regularization"": 10.0, ""threshold"": 0.5}",0.1.0,2026-06-20T16:50:00+00:00,shapediscover
two_circles,shapediscover,cost,persistence_s,0.0128,2,800,2,1.742,40,"{""knn"": 15, ""label_mode"": ""components"", ""lite"": false, ""loss_weights"": [1, 10, 1, 10], ""n_cover"": 52, ""regularization"": 10.0, ""threshold"": 0.5}",0.1.0,2026-06-20T16:50:00+00:00,shapediscover
two_circles,shapediscover,cost,complex_size,23478.0,2,800,2,1.742,40,"{""knn"": 15, ""label_mode"": ""components"", ""lite"": false, ""loss_weights"": [1, 10, 1, 10], ""n_cover"": 52, ""regularization"": 10.0, ""threshold"": 0.5}",0.1.0,2026-06-20T16:50:00+00:00,shapediscover
two_circles,shapediscover,cost,fit_s,1.742,2,800,2,1.742,40,"{""knn"": 15, ""label_mode"": ""components"", ""lite"": false, ""loss_weights"": [1, 10, 1, 10], ""n_cover"": 52, ""regularization"": 10.0, ""threshold"": 0.5}",0.1.0,2026-06-20T16:50:00+00:00,shapediscover
circle,fuzzy_cover,topology,recovery_quotient,0.049,0,400,2,0.085,52,"{""fuzzifier"": 2.0, ""graph_algorithm"": ""umap"", ""knn"": 15, ""label_mode"": ""components"", ""n_cover"": 52, ""space"": ""spectral"", ""threshold"": 0.5}",0.1.0,2026-06-20T16:50:38+00:00,fuzzy_spectral
circle,fuzzy_cover,topology,complex_size,23478.0,0,400,2,0.085,52,"{""fuzzifier"": 2.0, ""graph_algorithm"": ""umap"", ""knn"": 15, ""label_mode"": ""components"", ""n_cover"": 52, ""space"": ""spectral"", ""threshold"": 0.5}",0.1.0,2026-06-20T16:50:38+00:00,fuzzy_spectral
circle,fuzzy_cover,topology,bar_dominance_min,1.017,0,400,2,0.085,52,"{""fuzzifier"": 2.0, ""graph_algorithm"": ""umap"", ""knn"": 15, ""label_mode"": ""components"", ""n_cover"": 52, ""space"": ""spectral"", ""threshold"": 0.5}",0.1.0,2026-06-20T16:50:38+00:00,fuzzy_spectral
circle,fuzzy_cover,topology,bar_dominance_h0,1000.0,0,400,2,0.085,52,"{""fuzzifier"": 2.0, ""graph_algorithm"": ""umap"", ""knn"": 15, ""label_mode"": ""components"", ""n_cover"": 52, ""space"": ""spectral"", ""threshold"": 0.5}",0.1.0,2026-06-20T16:50:38+00:00,fuzzy_spectral
circle,fuzzy_cover,topology,bar_dominance_h1,1.017,0,400,2,0.085,52,"{""fuzzifier"": 2.0, ""graph_algorithm"": ""umap"", ""knn"": 15, ""label_mode"": ""components"", ""n_cover"": 52, ""space"": ""spectral"", ""threshold"": 0.5}",0.1.0,2026-06-20T16:50:38+00:00,fuzzy_spectral
circle,fuzzy_cover,cost,persistence_s,0.1803,0,400,2,0.085,52,"{""fuzzifier"": 2.0, ""graph_algorithm"": ""umap"", ""knn"": 15, ""label_mode"": ""components"", ""n_cover"": 52, ""space"": ""spectral"", ""threshold"": 0.5}",0.1.0,2026-06-20T16:50:38+00:00,fuzzy_spectral
circle,fuzzy_cover,cost,complex_size,23478.0,0,400,2,0.085,52,"{""fuzzifier"": 2.0, ""graph_algorithm"": ""umap"", ""knn"": 15, ""label_mode"": ""components"", ""n_cover"": 52, ""space"": ""spectral"", ""threshold"": 0.5}",0.1.0,2026-06-20T16:50:38+00:00,fuzzy_spectral
circle,fuzzy_cover,cost,fit_s,0.085,0,400,2,0.085,52,"{""fuzzifier"": 2.0, ""graph_algorithm"": ""umap"", ""knn"": 15, ""label_mode"": ""components"", ""n_cover"": 52, ""space"": ""spectral"", ""threshold"": 0.5}",0.1.0,2026-06-20T16:50:38+00:00,fuzzy_spectral
circle,fuzzy_cover,topology,recovery_quotient,0.0,1,400,2,0.076,52,"{""fuzzifier"": 2.0, ""graph_algorithm"": ""umap"", ""knn"": 15, ""label_mode"": ""components"", ""n_cover"": 52, ""space"": ""spectral"", ""threshold"": 0.5}",0.1.0,2026-06-20T16:50:38+00:00,fuzzy_spectral
circle,fuzzy_cover,topology,complex_size,23478.0,1,400,2,0.076,52,"{""fuzzifier"": 2.0, ""graph_algorithm"": ""umap"", ""knn"": 15, ""label_mode"": ""components"", ""n_cover"": 52, ""space"": ""spectral"", ""threshold"": 0.5}",0.1.0,2026-06-20T16:50:38+00:00,fuzzy_spectral
circle,fuzzy_cover,topology,bar_dominance_min,1.047,1,400,2,0.076,52,"{""fuzzifier"": 2.0, ""graph_algorithm"": ""umap"", ""knn"": 15, ""label_mode"": ""components"", ""n_cover"": 52, ""space"": ""spectral"", ""threshold"": 0.5}",0.1.0,2026-06-20T16:50:38+00:00,fuzzy_spectral
circle,fuzzy_cover,topology,bar_dominance_h0,1000.0,1,400,2,0.076,52,"{""fuzzifier"": 2.0, ""graph_algorithm"": ""umap"", ""knn"": 15, ""label_mode"": ""components"", ""n_cover"": 52, ""space"": ""spectral"", ""threshold"": 0.5}",0.1.0,2026-06-20T16:50:38+00:00,fuzzy_spectral
circle,fuzzy_cover,topology,bar_dominance_h1,1.047,1,400,2,0.076,52,"{""fuzzifier"": 2.0, ""graph_algorithm"": ""umap"", ""knn"": 15, ""label_mode"": ""components"", ""n_cover"": 52, ""space"": ""spectral"", ""threshold"": 0.5}",0.1.0,2026-06-20T16:50:38+00:00,fuzzy_spectral
circle,fuzzy_cover,cost,persistence_s,0.0118,1,400,2,0.076,52,"{""fuzzifier"": 2.0, ""graph_algorithm"": ""umap"", ""knn"": 15, ""label_mode"": ""components"", ""n_cover"": 52, ""space"": ""spectral"", ""threshold"": 0.5}",0.1.0,2026-06-20T16:50:38+00:00,fuzzy_spectral
circle,fuzzy_cover,cost,complex_size,23478.0,1,400,2,0.076,52,"{""fuzzifier"": 2.0, ""graph_algorithm"": ""umap"", ""knn"": 15, ""label_mode"": ""components"", ""n_cover"": 52, ""space"": ""spectral"", ""threshold"": 0.5}",0.1.0,2026-06-20T16:50:38+00:00,fuzzy_spectral
circle,fuzzy_cover,cost,fit_s,0.076,1,400,2,0.076,52,"{""fuzzifier"": 2.0, ""graph_algorithm"": ""umap"", ""knn"": 15, ""label_mode"": ""components"", ""n_cover"": 52, ""space"": ""spectral"", ""threshold"": 0.5}",0.1.0,2026-06-20T16:50:38+00:00,fuzzy_spectral
circle,fuzzy_cover,topology,recovery_quotient,0.109,2,400,2,0.076,52,"{""fuzzifier"": 2.0, ""graph_algorithm"": ""umap"", ""knn"": 15, ""label_mode"": ""components"", ""n_cover"": 52, ""space"": ""spectral"", ""threshold"": 0.5}",0.1.0,2026-06-20T16:50:38+00:00,fuzzy_spectral
circle,fuzzy_cover,topology,complex_size,23478.0,2,400,2,0.076,52,"{""fuzzifier"": 2.0, ""graph_algorithm"": ""umap"", ""knn"": 15, ""label_mode"": ""components"", ""n_cover"": 52, ""space"": ""spectral"", ""threshold"": 0.5}",0.1.0,2026-06-20T16:50:38+00:00,fuzzy_spectral
circle,fuzzy_cover,topology,bar_dominance_min,1.08,2,400,2,0.076,52,"{""fuzzifier"": 2.0, ""graph_algorithm"": ""umap"", ""knn"": 15, ""label_mode"": ""components"", ""n_cover"": 52, ""space"": ""spectral"", ""threshold"": 0.5}",0.1.0,2026-06-20T16:50:38+00:00,fuzzy_spectral
circle,fuzzy_cover,topology,bar_dominance_h0,1000.0,2,400,2,0.076,52,"{""fuzzifier"": 2.0, ""graph_algorithm"": ""umap"", ""knn"": 15, ""label_mode"": ""components"", ""n_cover"": 52, ""space"": ""spectral"", ""threshold"": 0.5}",0.1.0,2026-06-20T16:50:38+00:00,fuzzy_spectral
circle,fuzzy_cover,topology,bar_dominance_h1,1.08,2,400,2,0.076,52,"{""fuzzifier"": 2.0, ""graph_algorithm"": ""umap"", ""knn"": 15, ""label_mode"": ""components"", ""n_cover"": 52, ""space"": ""spectral"", ""threshold"": 0.5}",0.1.0,2026-06-20T16:50:38+00:00,fuzzy_spectral
circle,fuzzy_cover,cost,persistence_s,0.0117,2,400,2,0.076,52,"{""fuzzifier"": 2.0, ""graph_algorithm"": ""umap"", ""knn"": 15, ""label_mode"": ""components"", ""n_cover"": 52, ""space"": ""spectral"", ""threshold"": 0.5}",0.1.0,2026-06-20T16:50:38+00:00,fuzzy_spectral
circle,fuzzy_cover,cost,complex_size,23478.0,2,400,2,0.076,52,"{""fuzzifier"": 2.0, ""graph_algorithm"": ""umap"", ""knn"": 15, ""label_mode"": ""components"", ""n_cover"": 52, ""space"": ""spectral"", ""threshold"": 0.5}",0.1.0,2026-06-20T16:50:38+00:00,fuzzy_spectral
circle,fuzzy_cover,cost,fit_s,0.076,2,400,2,0.076,52,"{""fuzzifier"": 2.0, ""graph_algorithm"": ""umap"", ""knn"": 15, ""label_mode"": ""components"", ""n_cover"": 52, ""space"": ""spectral"", ""threshold"": 0.5}",0.1.0,2026-06-20T16:50:38+00:00,fuzzy_spectral
sphere2,fuzzy_cover,topology,recovery_quotient,0.063,0,600,3,0.085,52,"{""fuzzifier"": 2.0, ""graph_algorithm"": ""umap"", ""knn"": 15, ""label_mode"": ""components"", ""n_cover"": 52, ""space"": ""spectral"", ""threshold"": 0.5}",0.1.0,2026-06-20T16:50:38+00:00,fuzzy_spectral
sphere2,fuzzy_cover,topology,complex_size,294203.0,0,600,3,0.085,52,"{""fuzzifier"": 2.0, ""graph_algorithm"": ""umap"", ""knn"": 15, ""label_mode"": ""components"", ""n_cover"": 52, ""space"": ""spectral"", ""threshold"": 0.5}",0.1.0,2026-06-20T16:50:38+00:00,fuzzy_spectral
sphere2,fuzzy_cover,topology,bar_dominance_min,0.675,0,600,3,0.085,52,"{""fuzzifier"": 2.0, ""graph_algorithm"": ""umap"", ""knn"": 15, ""label_mode"": ""components"", ""n_cover"": 52, ""space"": ""spectral"", ""threshold"": 0.5}",0.1.0,2026-06-20T16:50:38+00:00,fuzzy_spectral
sphere2,fuzzy_cover,topology,bar_dominance_h0,1000.0,0,600,3,0.085,52,"{""fuzzifier"": 2.0, ""graph_algorithm"": ""umap"", ""knn"": 15, ""label_mode"": ""components"", ""n_cover"": 52, ""space"": ""spectral"", ""threshold"": 0.5}",0.1.0,2026-06-20T16:50:38+00:00,fuzzy_spectral
sphere2,fuzzy_cover,topology,bar_dominance_h1,0.675,0,600,3,0.085,52,"{""fuzzifier"": 2.0, ""graph_algorithm"": ""umap"", ""knn"": 15, ""label_mode"": ""components"", ""n_cover"": 52, ""space"": ""spectral"", ""threshold"": 0.5}",0.1.0,2026-06-20T16:50:38+00:00,fuzzy_spectral
sphere2,fuzzy_cover,topology,bar_dominance_h2,1.01,0,600,3,0.085,52,"{""fuzzifier"": 2.0, ""graph_algorithm"": ""umap"", ""knn"": 15, ""label_mode"": ""components"", ""n_cover"": 52, ""space"": ""spectral"", ""threshold"": 0.5}",0.1.0,2026-06-20T16:50:38+00:00,fuzzy_spectral
sphere2,fuzzy_cover,cost,persistence_s,0.2051,0,600,3,0.085,52,"{""fuzzifier"": 2.0, ""graph_algorithm"": ""umap"", ""knn"": 15, ""label_mode"": ""components"", ""n_cover"": 52, ""space"": ""spectral"", ""threshold"": 0.5}",0.1.0,2026-06-20T16:50:38+00:00,fuzzy_spectral
sphere2,fuzzy_cover,cost,complex_size,294203.0,0,600,3,0.085,52,"{""fuzzifier"": 2.0, ""graph_algorithm"": ""umap"", ""knn"": 15, ""label_mode"": ""components"", ""n_cover"": 52, ""space"": ""spectral"", ""threshold"": 0.5}",0.1.0,2026-06-20T16:50:38+00:00,fuzzy_spectral
sphere2,fuzzy_cover,cost,fit_s,0.085,0,600,3,0.085,52,"{""fuzzifier"": 2.0, ""graph_algorithm"": ""umap"", ""knn"": 15, ""label_mode"": ""components"", ""n_cover"": 52, ""space"": ""spectral"", ""threshold"": 0.5}",0.1.0,2026-06-20T16:50:38+00:00,fuzzy_spectral
sphere2,fuzzy_cover,topology,recovery_quotient,0.011,1,600,3,0.086,52,"{""fuzzifier"": 2.0, ""graph_algorithm"": ""umap"", ""knn"": 15, ""label_mode"": ""components"", ""n_cover"": 52, ""space"": ""spectral"", ""threshold"": 0.5}",0.1.0,2026-06-20T16:50:38+00:00,fuzzy_spectral
sphere2,fuzzy_cover,topology,complex_size,294203.0,1,600,3,0.086,52,"{""fuzzifier"": 2.0, ""graph_algorithm"": ""umap"", ""knn"": 15, ""label_mode"": ""components"", ""n_cover"": 52, ""space"": ""spectral"", ""threshold"": 0.5}",0.1.0,2026-06-20T16:50:38+00:00,fuzzy_spectral
sphere2,fuzzy_cover,topology,bar_dominance_min,0.758,1,600,3,0.086,52,"{""fuzzifier"": 2.0, ""graph_algorithm"": ""umap"", ""knn"": 15, ""label_mode"": ""components"", ""n_cover"": 52, ""space"": ""spectral"", ""threshold"": 0.5}",0.1.0,2026-06-20T16:50:38+00:00,fuzzy_spectral
sphere2,fuzzy_cover,topology,bar_dominance_h0,1000.0,1,600,3,0.086,52,"{""fuzzifier"": 2.0, ""graph_algorithm"": ""umap"", ""knn"": 15, ""label_mode"": ""components"", ""n_cover"": 52, ""space"": ""spectral"", ""threshold"": 0.5}",0.1.0,2026-06-20T16:50:38+00:00,fuzzy_spectral
sphere2,fuzzy_cover,topology,bar_dominance_h1,0.758,1,600,3,0.086,52,"{""fuzzifier"": 2.0, ""graph_algorithm"": ""umap"", ""knn"": 15, ""label_mode"": ""components"", ""n_cover"": 52, ""space"": ""spectral"", ""threshold"": 0.5}",0.1.0,2026-06-20T16:50:38+00:00,fuzzy_spectral
sphere2,fuzzy_cover,topology,bar_dominance_h2,1.082,1,600,3,0.086,52,"{""fuzzifier"": 2.0, ""graph_algorithm"": ""umap"", ""knn"": 15, ""label_mode"": ""components"", ""n_cover"": 52, ""space"": ""spectral"", ""threshold"": 0.5}",0.1.0,2026-06-20T16:50:38+00:00,fuzzy_spectral
sphere2,fuzzy_cover,cost,persistence_s,0.2071,1,600,3,0.086,52,"{""fuzzifier"": 2.0, ""graph_algorithm"": ""umap"", ""knn"": 15, ""label_mode"": ""components"", ""n_cover"": 52, ""space"": ""spectral"", ""threshold"": 0.5}",0.1.0,2026-06-20T16:50:38+00:00,fuzzy_spectral
sphere2,fuzzy_cover,cost,complex_size,294203.0,1,600,3,0.086,52,"{""fuzzifier"": 2.0, ""graph_algorithm"": ""umap"", ""knn"": 15, ""label_mode"": ""components"", ""n_cover"": 52, ""space"": ""spectral"", ""threshold"": 0.5}",0.1.0,2026-06-20T16:50:38+00:00,fuzzy_spectral
sphere2,fuzzy_cover,cost,fit_s,0.086,1,600,3,0.086,52,"{""fuzzifier"": 2.0, ""graph_algorithm"": ""umap"", ""knn"": 15, ""label_mode"": ""components"", ""n_cover"": 52, ""space"": ""spectral"", ""threshold"": 0.5}",0.1.0,2026-06-20T16:50:38+00:00,fuzzy_spectral
sphere2,fuzzy_cover,topology,recovery_quotient,0.009,2,600,3,0.087,52,"{""fuzzifier"": 2.0, ""graph_algorithm"": ""umap"", ""knn"": 15, ""label_mode"": ""components"", ""n_cover"": 52, ""space"": ""spectral"", ""threshold"": 0.5}",0.1.0,2026-06-20T16:50:38+00:00,fuzzy_spectral
sphere2,fuzzy_cover,topology,complex_size,294203.0,2,600,3,0.087,52,"{""fuzzifier"": 2.0, ""graph_algorithm"": ""umap"", ""knn"": 15, ""label_mode"": ""components"", ""n_cover"": 52, ""space"": ""spectral"", ""threshold"": 0.5}",0.1.0,2026-06-20T16:50:38+00:00,fuzzy_spectral
sphere2,fuzzy_cover,topology,bar_dominance_min,0.762,2,600,3,0.087,52,"{""fuzzifier"": 2.0, ""graph_algorithm"": ""umap"", ""knn"": 15, ""label_mode"": ""components"", ""n_cover"": 52, ""space"": ""spectral"", ""threshold"": 0.5}",0.1.0,2026-06-20T16:50:38+00:00,fuzzy_spectral
sphere2,fuzzy_cover,topology,bar_dominance_h0,1000.0,2,600,3,0.087,52,"{""fuzzifier"": 2.0, ""graph_algorithm"": ""umap"", ""knn"": 15, ""label_mode"": ""components"", ""n_cover"": 52, ""space"": ""spectral"", ""threshold"": 0.5}",0.1.0,2026-06-20T16:50:38+00:00,fuzzy_spectral
sphere2,fuzzy_cover,topology,bar_dominance_h1,0.762,2,600,3,0.087,52,"{""fuzzifier"": 2.0, ""graph_algorithm"": ""umap"", ""knn"": 15, ""label_mode"": ""components"", ""n_cover"": 52, ""space"": ""spectral"", ""threshold"": 0.5}",0.1.0,2026-06-20T16:50:38+00:00,fuzzy_spectral
sphere2,fuzzy_cover,topology,bar_dominance_h2,1.312,2,600,3,0.087,52,"{""fuzzifier"": 2.0, ""graph_algorithm"": ""umap"", ""knn"": 15, ""label_mode"": ""components"", ""n_cover"": 52, ""space"": ""spectral"", ""threshold"": 0.5}",0.1.0,2026-06-20T16:50:38+00:00,fuzzy_spectral
sphere2,fuzzy_cover,cost,persistence_s,0.2056,2,600,3,0.087,52,"{""fuzzifier"": 2.0, ""graph_algorithm"": ""umap"", ""knn"": 15, ""label_mode"": ""components"", ""n_cover"": 52, ""space"": ""spectral"", ""threshold"": 0.5}",0.1.0,2026-06-20T16:50:38+00:00,fuzzy_spectral
sphere2,fuzzy_cover,cost,complex_size,294203.0,2,600,3,0.087,52,"{""fuzzifier"": 2.0, ""graph_algorithm"": ""umap"", ""knn"": 15, ""label_mode"": ""components"", ""n_cover"": 52, ""space"": ""spectral"", ""threshold"": 0.5}",0.1.0,2026-06-20T16:50:38+00:00,fuzzy_spectral
sphere2,fuzzy_cover,cost,fit_s,0.087,2,600,3,0.087,52,"{""fuzzifier"": 2.0, ""graph_algorithm"": ""umap"", ""knn"": 15, ""label_mode"": ""components"", ""n_cover"": 52, ""space"": ""spectral"", ""threshold"": 0.5}",0.1.0,2026-06-20T16:50:38+00:00,fuzzy_spectral
torus,fuzzy_cover,topology,recovery_quotient,0.0,0,3000,3,0.244,52,"{""fuzzifier"": 2.0, ""graph_algorithm"": ""umap"", ""knn"": 15, ""label_mode"": ""components"", ""n_cover"": 52, ""space"": ""spectral"", ""threshold"": 0.5}",0.1.0,2026-06-20T16:50:38+00:00,fuzzy_spectral
torus,fuzzy_cover,topology,complex_size,294203.0,0,3000,3,0.244,52,"{""fuzzifier"": 2.0, ""graph_algorithm"": ""umap"", ""knn"": 15, ""label_mode"": ""components"", ""n_cover"": 52, ""space"": ""spectral"", ""threshold"": 0.5}",0.1.0,2026-06-20T16:50:38+00:00,fuzzy_spectral
torus,fuzzy_cover,topology,bar_dominance_min,1.006,0,3000,3,0.244,52,"{""fuzzifier"": 2.0, ""graph_algorithm"": ""umap"", ""knn"": 15, ""label_mode"": ""components"", ""n_cover"": 52, ""space"": ""spectral"", ""threshold"": 0.5}",0.1.0,2026-06-20T16:50:38+00:00,fuzzy_spectral
torus,fuzzy_cover,topology,bar_dominance_h0,1000.0,0,3000,3,0.244,52,"{""fuzzifier"": 2.0, ""graph_algorithm"": ""umap"", ""knn"": 15, ""label_mode"": ""components"", ""n_cover"": 52, ""space"": ""spectral"", ""threshold"": 0.5}",0.1.0,2026-06-20T16:50:38+00:00,fuzzy_spectral
torus,fuzzy_cover,topology,bar_dominance_h1,1.006,0,3000,3,0.244,52,"{""fuzzifier"": 2.0, ""graph_algorithm"": ""umap"", ""knn"": 15, ""label_mode"": ""components"", ""n_cover"": 52, ""space"": ""spectral"", ""threshold"": 0.5}",0.1.0,2026-06-20T16:50:38+00:00,fuzzy_spectral
torus,fuzzy_cover,topology,bar_dominance_h2,1.081,0,3000,3,0.244,52,"{""fuzzifier"": 2.0, ""graph_algorithm"": ""umap"", ""knn"": 15, ""label_mode"": ""components"", ""n_cover"": 52, ""space"": ""spectral"", ""threshold"": 0.5}",0.1.0,2026-06-20T16:50:38+00:00,fuzzy_spectral
torus,fuzzy_cover,cost,persistence_s,0.3634,0,3000,3,0.244,52,"{""fuzzifier"": 2.0, ""graph_algorithm"": ""umap"", ""knn"": 15, ""label_mode"": ""components"", ""n_cover"": 52, ""space"": ""spectral"", ""threshold"": 0.5}",0.1.0,2026-06-20T16:50:38+00:00,fuzzy_spectral
torus,fuzzy_cover,cost,complex_size,294203.0,0,3000,3,0.244,52,"{""fuzzifier"": 2.0, ""graph_algorithm"": ""umap"", ""knn"": 15, ""label_mode"": ""components"", ""n_cover"": 52, ""space"": ""spectral"", ""threshold"": 0.5}",0.1.0,2026-06-20T16:50:38+00:00,fuzzy_spectral
torus,fuzzy_cover,cost,fit_s,0.244,0,3000,3,0.244,52,"{""fuzzifier"": 2.0, ""graph_algorithm"": ""umap"", ""knn"": 15, ""label_mode"": ""components"", ""n_cover"": 52, ""space"": ""spectral"", ""threshold"": 0.5}",0.1.0,2026-06-20T16:50:38+00:00,fuzzy_spectral
torus,fuzzy_cover,topology,recovery_quotient,0.0,1,3000,3,0.249,52,"{""fuzzifier"": 2.0, ""graph_algorithm"": ""umap"", ""knn"": 15, ""label_mode"": ""components"", ""n_cover"": 52, ""space"": ""spectral"", ""threshold"": 0.5}",0.1.0,2026-06-20T16:50:38+00:00,fuzzy_spectral
torus,fuzzy_cover,topology,complex_size,294203.0,1,3000,3,0.249,52,"{""fuzzifier"": 2.0, ""graph_algorithm"": ""umap"", ""knn"": 15, ""label_mode"": ""components"", ""n_cover"": 52, ""space"": ""spectral"", ""threshold"": 0.5}",0.1.0,2026-06-20T16:50:38+00:00,fuzzy_spectral
torus,fuzzy_cover,topology,bar_dominance_min,1.065,1,3000,3,0.249,52,"{""fuzzifier"": 2.0, ""graph_algorithm"": ""umap"", ""knn"": 15, ""label_mode"": ""components"", ""n_cover"": 52, ""space"": ""spectral"", ""threshold"": 0.5}",0.1.0,2026-06-20T16:50:38+00:00,fuzzy_spectral
torus,fuzzy_cover,topology,bar_dominance_h0,1000.0,1,3000,3,0.249,52,"{""fuzzifier"": 2.0, ""graph_algorithm"": ""umap"", ""knn"": 15, ""label_mode"": ""components"", ""n_cover"": 52, ""space"": ""spectral"", ""threshold"": 0.5}",0.1.0,2026-06-20T16:50:38+00:00,fuzzy_spectral
torus,fuzzy_cover,topology,bar_dominance_h1,1.065,1,3000,3,0.249,52,"{""fuzzifier"": 2.0, ""graph_algorithm"": ""umap"", ""knn"": 15, ""label_mode"": ""components"", ""n_cover"": 52, ""space"": ""spectral"", ""threshold"": 0.5}",0.1.0,2026-06-20T16:50:38+00:00,fuzzy_spectral
torus,fuzzy_cover,topology,bar_dominance_h2,1.196,1,3000,3,0.249,52,"{""fuzzifier"": 2.0, ""graph_algorithm"": ""umap"", ""knn"": 15, ""label_mode"": ""components"", ""n_cover"": 52, ""space"": ""spectral"", ""threshold"": 0.5}",0.1.0,2026-06-20T16:50:38+00:00,fuzzy_spectral
torus,fuzzy_cover,cost,persistence_s,0.3608,1,3000,3,0.249,52,"{""fuzzifier"": 2.0, ""graph_algorithm"": ""umap"", ""knn"": 15, ""label_mode"": ""components"", ""n_cover"": 52, ""space"": ""spectral"", ""threshold"": 0.5}",0.1.0,2026-06-20T16:50:38+00:00,fuzzy_spectral
torus,fuzzy_cover,cost,complex_size,294203.0,1,3000,3,0.249,52,"{""fuzzifier"": 2.0, ""graph_algorithm"": ""umap"", ""knn"": 15, ""label_mode"": ""components"", ""n_cover"": 52, ""space"": ""spectral"", ""threshold"": 0.5}",0.1.0,2026-06-20T16:50:38+00:00,fuzzy_spectral
torus,fuzzy_cover,cost,fit_s,0.249,1,3000,3,0.249,52,"{""fuzzifier"": 2.0, ""graph_algorithm"": ""umap"", ""knn"": 15, ""label_mode"": ""components"", ""n_cover"": 52, ""space"": ""spectral"", ""threshold"": 0.5}",0.1.0,2026-06-20T16:50:38+00:00,fuzzy_spectral
torus,fuzzy_cover,topology,recovery_quotient,0.0,2,3000,3,0.253,52,"{""fuzzifier"": 2.0, ""graph_algorithm"": ""umap"", ""knn"": 15, ""label_mode"": ""components"", ""n_cover"": 52, ""space"": ""spectral"", ""threshold"": 0.5}",0.1.0,2026-06-20T16:50:38+00:00,fuzzy_spectral
torus,fuzzy_cover,topology,complex_size,294203.0,2,3000,3,0.253,52,"{""fuzzifier"": 2.0, ""graph_algorithm"": ""umap"", ""knn"": 15, ""label_mode"": ""components"", ""n_cover"": 52, ""space"": ""spectral"", ""threshold"": 0.5}",0.1.0,2026-06-20T16:50:38+00:00,fuzzy_spectral
torus,fuzzy_cover,topology,bar_dominance_min,1.075,2,3000,3,0.253,52,"{""fuzzifier"": 2.0, ""graph_algorithm"": ""umap"", ""knn"": 15, ""label_mode"": ""components"", ""n_cover"": 52, ""space"": ""spectral"", ""threshold"": 0.5}",0.1.0,2026-06-20T16:50:38+00:00,fuzzy_spectral
torus,fuzzy_cover,topology,bar_dominance_h0,1000.0,2,3000,3,0.253,52,"{""fuzzifier"": 2.0, ""graph_algorithm"": ""umap"", ""knn"": 15, ""label_mode"": ""components"", ""n_cover"": 52, ""space"": ""spectral"", ""threshold"": 0.5}",0.1.0,2026-06-20T16:50:38+00:00,fuzzy_spectral
torus,fuzzy_cover,topology,bar_dominance_h1,1.075,2,3000,3,0.253,52,"{""fuzzifier"": 2.0, ""graph_algorithm"": ""umap"", ""knn"": 15, ""label_mode"": ""components"", ""n_cover"": 52, ""space"": ""spectral"", ""threshold"": 0.5}",0.1.0,2026-06-20T16:50:38+00:00,fuzzy_spectral
torus,fuzzy_cover,topology,bar_dominance_h2,1.095,2,3000,3,0.253,52,"{""fuzzifier"": 2.0, ""graph_algorithm"": ""umap"", ""knn"": 15, ""label_mode"": ""components"", ""n_cover"": 52, ""space"": ""spectral"", ""threshold"": 0.5}",0.1.0,2026-06-20T16:50:38+00:00,fuzzy_spectral
torus,fuzzy_cover,cost,persistence_s,0.3655,2,3000,3,0.253,52,"{""fuzzifier"": 2.0, ""graph_algorithm"": ""umap"", ""knn"": 15, ""label_mode"": ""components"", ""n_cover"": 52, ""space"": ""spectral"", ""threshold"": 0.5}",0.1.0,2026-06-20T16:50:38+00:00,fuzzy_spectral
torus,fuzzy_cover,cost,complex_size,294203.0,2,3000,3,0.253,52,"{""fuzzifier"": 2.0, ""graph_algorithm"": ""umap"", ""knn"": 15, ""label_mode"": ""components"", ""n_cover"": 52, ""space"": ""spectral"", ""threshold"": 0.5}",0.1.0,2026-06-20T16:50:38+00:00,fuzzy_spectral
torus,fuzzy_cover,cost,fit_s,0.253,2,3000,3,0.253,52,"{""fuzzifier"": 2.0, ""graph_algorithm"": ""umap"", ""knn"": 15, ""label_mode"": ""components"", ""n_cover"": 52, ""space"": ""spectral"", ""threshold"": 0.5}",0.1.0,2026-06-20T16:50:38+00:00,fuzzy_spectral
two_circles,fuzzy_cover,topology,recovery_quotient,0.0,0,800,2,0.105,52,"{""fuzzifier"": 2.0, ""graph_algorithm"": ""umap"", ""knn"": 15, ""label_mode"": ""components"", ""n_cover"": 52, ""space"": ""spectral"", ""threshold"": 0.5}",0.1.0,2026-06-20T16:50:38+00:00,fuzzy_spectral
two_circles,fuzzy_cover,topology,complex_size,23478.0,0,800,2,0.105,52,"{""fuzzifier"": 2.0, ""graph_algorithm"": ""umap"", ""knn"": 15, ""label_mode"": ""components"", ""n_cover"": 52, ""space"": ""spectral"", ""threshold"": 0.5}",0.1.0,2026-06-20T16:50:38+00:00,fuzzy_spectral
two_circles,fuzzy_cover,topology,bar_dominance_min,1.009,0,800,2,0.105,52,"{""fuzzifier"": 2.0, ""graph_algorithm"": ""umap"", ""knn"": 15, ""label_mode"": ""components"", ""n_cover"": 52, ""space"": ""spectral"", ""threshold"": 0.5}",0.1.0,2026-06-20T16:50:38+00:00,fuzzy_spectral
two_circles,fuzzy_cover,topology,bar_dominance_h0,1.147,0,800,2,0.105,52,"{""fuzzifier"": 2.0, ""graph_algorithm"": ""umap"", ""knn"": 15, ""label_mode"": ""components"", ""n_cover"": 52, ""space"": ""spectral"", ""threshold"": 0.5}",0.1.0,2026-06-20T16:50:38+00:00,fuzzy_spectral
two_circles,fuzzy_cover,topology,bar_dominance_h1,1.009,0,800,2,0.105,52,"{""fuzzifier"": 2.0, ""graph_algorithm"": ""umap"", ""knn"": 15, ""label_mode"": ""components"", ""n_cover"": 52, ""space"": ""spectral"", ""threshold"": 0.5}",0.1.0,2026-06-20T16:50:38+00:00,fuzzy_spectral
two_circles,fuzzy_cover,cost,persistence_s,0.0134,0,800,2,0.105,52,"{""fuzzifier"": 2.0, ""graph_algorithm"": ""umap"", ""knn"": 15, ""label_mode"": ""components"", ""n_cover"": 52, ""space"": ""spectral"", ""threshold"": 0.5}",0.1.0,2026-06-20T16:50:38+00:00,fuzzy_spectral
two_circles,fuzzy_cover,cost,complex_size,23478.0,0,800,2,0.105,52,"{""fuzzifier"": 2.0, ""graph_algorithm"": ""umap"", ""knn"": 15, ""label_mode"": ""components"", ""n_cover"": 52, ""space"": ""spectral"", ""threshold"": 0.5}",0.1.0,2026-06-20T16:50:38+00:00,fuzzy_spectral
two_circles,fuzzy_cover,cost,fit_s,0.105,0,800,2,0.105,52,"{""fuzzifier"": 2.0, ""graph_algorithm"": ""umap"", ""knn"": 15, ""label_mode"": ""components"", ""n_cover"": 52, ""space"": ""spectral"", ""threshold"": 0.5}",0.1.0,2026-06-20T16:50:38+00:00,fuzzy_spectral
two_circles,fuzzy_cover,topology,recovery_quotient,0.0,1,800,2,0.102,52,"{""fuzzifier"": 2.0, ""graph_algorithm"": ""umap"", ""knn"": 15, ""label_mode"": ""components"", ""n_cover"": 52, ""space"": ""spectral"", ""threshold"": 0.5}",0.1.0,2026-06-20T16:50:38+00:00,fuzzy_spectral
two_circles,fuzzy_cover,topology,complex_size,23478.0,1,800,2,0.102,52,"{""fuzzifier"": 2.0, ""graph_algorithm"": ""umap"", ""knn"": 15, ""label_mode"": ""components"", ""n_cover"": 52, ""space"": ""spectral"", ""threshold"": 0.5}",0.1.0,2026-06-20T16:50:38+00:00,fuzzy_spectral
two_circles,fuzzy_cover,topology,bar_dominance_min,1.079,1,800,2,0.102,52,"{""fuzzifier"": 2.0, ""graph_algorithm"": ""umap"", ""knn"": 15, ""label_mode"": ""components"", ""n_cover"": 52, ""space"": ""spectral"", ""threshold"": 0.5}",0.1.0,2026-06-20T16:50:38+00:00,fuzzy_spectral
two_circles,fuzzy_cover,topology,bar_dominance_h0,1.131,1,800,2,0.102,52,"{""fuzzifier"": 2.0, ""graph_algorithm"": ""umap"", ""knn"": 15, ""label_mode"": ""components"", ""n_cover"": 52, ""space"": ""spectral"", ""threshold"": 0.5}",0.1.0,2026-06-20T16:50:38+00:00,fuzzy_spectral
two_circles,fuzzy_cover,topology,bar_dominance_h1,1.079,1,800,2,0.102,52,"{""fuzzifier"": 2.0, ""graph_algorithm"": ""umap"", ""knn"": 15, ""label_mode"": ""components"", ""n_cover"": 52, ""space"": ""spectral"", ""threshold"": 0.5}",0.1.0,2026-06-20T16:50:38+00:00,fuzzy_spectral
two_circles,fuzzy_cover,cost,persistence_s,0.0134,1,800,2,0.102,52,"{""fuzzifier"": 2.0, ""graph_algorithm"": ""umap"", ""knn"": 15, ""label_mode"": ""components"", ""n_cover"": 52, ""space"": ""spectral"", ""threshold"": 0.5}",0.1.0,2026-06-20T16:50:38+00:00,fuzzy_spectral
two_circles,fuzzy_cover,cost,complex_size,23478.0,1,800,2,0.102,52,"{""fuzzifier"": 2.0, ""graph_algorithm"": ""umap"", ""knn"": 15, ""label_mode"": ""components"", ""n_cover"": 52, ""space"": ""spectral"", ""threshold"": 0.5}",0.1.0,2026-06-20T16:50:38+00:00,fuzzy_spectral
two_circles,fuzzy_cover,cost,fit_s,0.102,1,800,2,0.102,52,"{""fuzzifier"": 2.0, ""graph_algorithm"": ""umap"", ""knn"": 15, ""label_mode"": ""components"", ""n_cover"": 52, ""space"": ""spectral"", ""threshold"": 0.5}",0.1.0,2026-06-20T16:50:38+00:00,fuzzy_spectral
two_circles,fuzzy_cover,topology,recovery_quotient,0.0,2,800,2,0.102,52,"{""fuzzifier"": 2.0, ""graph_algorithm"": ""umap"", ""knn"": 15, ""label_mode"": ""components"", ""n_cover"": 52, ""space"": ""spectral"", ""threshold"": 0.5}",0.1.0,2026-06-20T16:50:38+00:00,fuzzy_spectral
two_circles,fuzzy_cover,topology,complex_size,23478.0,2,800,2,0.102,52,"{""fuzzifier"": 2.0, ""graph_algorithm"": ""umap"", ""knn"": 15, ""label_mode"": ""components"", ""n_cover"": 52, ""space"": ""spectral"", ""threshold"": 0.5}",0.1.0,2026-06-20T16:50:38+00:00,fuzzy_spectral
two_circles,fuzzy_cover,topology,bar_dominance_min,1.008,2,800,2,0.102,52,"{""fuzzifier"": 2.0, ""graph_algorithm"": ""umap"", ""knn"": 15, ""label_mode"": ""components"", ""n_cover"": 52, ""space"": ""spectral"", ""threshold"": 0.5}",0.1.0,2026-06-20T16:50:38+00:00,fuzzy_spectral
two_circles,fuzzy_cover,topology,bar_dominance_h0,1.082,2,800,2,0.102,52,"{""fuzzifier"": 2.0, ""graph_algorithm"": ""umap"", ""knn"": 15, ""label_mode"": ""components"", ""n_cover"": 52, ""space"": ""spectral"", ""threshold"": 0.5}",0.1.0,2026-06-20T16:50:38+00:00,fuzzy_spectral
two_circles,fuzzy_cover,topology,bar_dominance_h1,1.008,2,800,2,0.102,52,"{""fuzzifier"": 2.0, ""graph_algorithm"": ""umap"", ""knn"": 15, ""label_mode"": ""components"", ""n_cover"": 52, ""space"": ""spectral"", ""threshold"": 0.5}",0.1.0,2026-06-20T16:50:38+00:00,fuzzy_spectral
two_circles,fuzzy_cover,cost,persistence_s,0.0141,2,800,2,0.102,52,"{""fuzzifier"": 2.0, ""graph_algorithm"": ""umap"", ""knn"": 15, ""label_mode"": ""components"", ""n_cover"": 52, ""space"": ""spectral"", ""threshold"": 0.5}",0.1.0,2026-06-20T16:50:38+00:00,fuzzy_spectral
two_circles,fuzzy_cover,cost,complex_size,23478.0,2,800,2,0.102,52,"{""fuzzifier"": 2.0, ""graph_algorithm"": ""umap"", ""knn"": 15, ""label_mode"": ""components"", ""n_cover"": 52, ""space"": ""spectral"", ""threshold"": 0.5}",0.1.0,2026-06-20T16:50:38+00:00,fuzzy_spectral
two_circles,fuzzy_cover,cost,fit_s,0.102,2,800,2,0.102,52,"{""fuzzifier"": 2.0, ""graph_algorithm"": ""umap"", ""knn"": 15, ""label_mode"": ""components"", ""n_cover"": 52, ""space"": ""spectral"", ""threshold"": 0.5}",0.1.0,2026-06-20T16:50:38+00:00,fuzzy_spectral
circle,fuzzy_cover,topology,recovery_quotient,0.559,0,400,2,0.016,52,"{""fuzzifier"": 2.0, ""graph_algorithm"": ""umap"", ""knn"": 15, ""label_mode"": ""components"", ""n_cover"": 52, ""space"": ""euclidean"", ""threshold"": 0.5}",0.1.0,2026-06-20T16:50:42+00:00,fuzzy_euclidean
circle,fuzzy_cover,topology,complex_size,23478.0,0,400,2,0.016,52,"{""fuzzifier"": 2.0, ""graph_algorithm"": ""umap"", ""knn"": 15, ""label_mode"": ""components"", ""n_cover"": 52, ""space"": ""euclidean"", ""threshold"": 0.5}",0.1.0,2026-06-20T16:50:42+00:00,fuzzy_euclidean
circle,fuzzy_cover,topology,bar_dominance_min,1000.0,0,400,2,0.016,52,"{""fuzzifier"": 2.0, ""graph_algorithm"": ""umap"", ""knn"": 15, ""label_mode"": ""components"", ""n_cover"": 52, ""space"": ""euclidean"", ""threshold"": 0.5}",0.1.0,2026-06-20T16:50:42+00:00,fuzzy_euclidean
circle,fuzzy_cover,topology,bar_dominance_h0,1000.0,0,400,2,0.016,52,"{""fuzzifier"": 2.0, ""graph_algorithm"": ""umap"", ""knn"": 15, ""label_mode"": ""components"", ""n_cover"": 52, ""space"": ""euclidean"", ""threshold"": 0.5}",0.1.0,2026-06-20T16:50:42+00:00,fuzzy_euclidean
circle,fuzzy_cover,topology,bar_dominance_h1,1000.0,0,400,2,0.016,52,"{""fuzzifier"": 2.0, ""graph_algorithm"": ""umap"", ""knn"": 15, ""label_mode"": ""components"", ""n_cover"": 52, ""space"": ""euclidean"", ""threshold"": 0.5}",0.1.0,2026-06-20T16:50:42+00:00,fuzzy_euclidean
circle,fuzzy_cover,cost,persistence_s,0.0101,0,400,2,0.016,52,"{""fuzzifier"": 2.0, ""graph_algorithm"": ""umap"", ""knn"": 15, ""label_mode"": ""components"", ""n_cover"": 52, ""space"": ""euclidean"", ""threshold"": 0.5}",0.1.0,2026-06-20T16:50:42+00:00,fuzzy_euclidean
circle,fuzzy_cover,cost,complex_size,23478.0,0,400,2,0.016,52,"{""fuzzifier"": 2.0, ""graph_algorithm"": ""umap"", ""knn"": 15, ""label_mode"": ""components"", ""n_cover"": 52, ""space"": ""euclidean"", ""threshold"": 0.5}",0.1.0,2026-06-20T16:50:42+00:00,fuzzy_euclidean
circle,fuzzy_cover,cost,fit_s,0.016,0,400,2,0.016,52,"{""fuzzifier"": 2.0, ""graph_algorithm"": ""umap"", ""knn"": 15, ""label_mode"": ""components"", ""n_cover"": 52, ""space"": ""euclidean"", ""threshold"": 0.5}",0.1.0,2026-06-20T16:50:42+00:00,fuzzy_euclidean
circle,fuzzy_cover,topology,recovery_quotient,0.543,1,400,2,0.026,52,"{""fuzzifier"": 2.0, ""graph_algorithm"": ""umap"", ""knn"": 15, ""label_mode"": ""components"", ""n_cover"": 52, ""space"": ""euclidean"", ""threshold"": 0.5}",0.1.0,2026-06-20T16:50:42+00:00,fuzzy_euclidean
circle,fuzzy_cover,topology,complex_size,23478.0,1,400,2,0.026,52,"{""fuzzifier"": 2.0, ""graph_algorithm"": ""umap"", ""knn"": 15, ""label_mode"": ""components"", ""n_cover"": 52, ""space"": ""euclidean"", ""threshold"": 0.5}",0.1.0,2026-06-20T16:50:42+00:00,fuzzy_euclidean
circle,fuzzy_cover,topology,bar_dominance_min,1000.0,1,400,2,0.026,52,"{""fuzzifier"": 2.0, ""graph_algorithm"": ""umap"", ""knn"": 15, ""label_mode"": ""components"", ""n_cover"": 52, ""space"": ""euclidean"", ""threshold"": 0.5}",0.1.0,2026-06-20T16:50:42+00:00,fuzzy_euclidean
circle,fuzzy_cover,topology,bar_dominance_h0,1000.0,1,400,2,0.026,52,"{""fuzzifier"": 2.0, ""graph_algorithm"": ""umap"", ""knn"": 15, ""label_mode"": ""components"", ""n_cover"": 52, ""space"": ""euclidean"", ""threshold"": 0.5}",0.1.0,2026-06-20T16:50:42+00:00,fuzzy_euclidean
circle,fuzzy_cover,topology,bar_dominance_h1,1000.0,1,400,2,0.026,52,"{""fuzzifier"": 2.0, ""graph_algorithm"": ""umap"", ""knn"": 15, ""label_mode"": ""components"", ""n_cover"": 52, ""space"": ""euclidean"", ""threshold"": 0.5}",0.1.0,2026-06-20T16:50:42+00:00,fuzzy_euclidean
circle,fuzzy_cover,cost,persistence_s,0.0106,1,400,2,0.026,52,"{""fuzzifier"": 2.0, ""graph_algorithm"": ""umap"", ""knn"": 15, ""label_mode"": ""components"", ""n_cover"": 52, ""space"": ""euclidean"", ""threshold"": 0.5}",0.1.0,2026-06-20T16:50:42+00:00,fuzzy_euclidean
circle,fuzzy_cover,cost,complex_size,23478.0,1,400,2,0.026,52,"{""fuzzifier"": 2.0, ""graph_algorithm"": ""umap"", ""knn"": 15, ""label_mode"": ""components"", ""n_cover"": 52, ""space"": ""euclidean"", ""threshold"": 0.5}",0.1.0,2026-06-20T16:50:42+00:00,fuzzy_euclidean
circle,fuzzy_cover,cost,fit_s,0.026,1,400,2,0.026,52,"{""fuzzifier"": 2.0, ""graph_algorithm"": ""umap"", ""knn"": 15, ""label_mode"": ""components"", ""n_cover"": 52, ""space"": ""euclidean"", ""threshold"": 0.5}",0.1.0,2026-06-20T16:50:42+00:00,fuzzy_euclidean
circle,fuzzy_cover,topology,recovery_quotient,0.621,2,400,2,0.026,52,"{""fuzzifier"": 2.0, ""graph_algorithm"": ""umap"", ""knn"": 15, ""label_mode"": ""components"", ""n_cover"": 52, ""space"": ""euclidean"", ""threshold"": 0.5}",0.1.0,2026-06-20T16:50:42+00:00,fuzzy_euclidean
circle,fuzzy_cover,topology,complex_size,23478.0,2,400,2,0.026,52,"{""fuzzifier"": 2.0, ""graph_algorithm"": ""umap"", ""knn"": 15, ""label_mode"": ""components"", ""n_cover"": 52, ""space"": ""euclidean"", ""threshold"": 0.5}",0.1.0,2026-06-20T16:50:42+00:00,fuzzy_euclidean
circle,fuzzy_cover,topology,bar_dominance_min,1000.0,2,400,2,0.026,52,"{""fuzzifier"": 2.0, ""graph_algorithm"": ""umap"", ""knn"": 15, ""label_mode"": ""components"", ""n_cover"": 52, ""space"": ""euclidean"", ""threshold"": 0.5}",0.1.0,2026-06-20T16:50:42+00:00,fuzzy_euclidean
circle,fuzzy_cover,topology,bar_dominance_h0,1000.0,2,400,2,0.026,52,"{""fuzzifier"": 2.0, ""graph_algorithm"": ""umap"", ""knn"": 15, ""label_mode"": ""components"", ""n_cover"": 52, ""space"": ""euclidean"", ""threshold"": 0.5}",0.1.0,2026-06-20T16:50:42+00:00,fuzzy_euclidean
circle,fuzzy_cover,topology,bar_dominance_h1,1000.0,2,400,2,0.026,52,"{""fuzzifier"": 2.0, ""graph_algorithm"": ""umap"", ""knn"": 15, ""label_mode"": ""components"", ""n_cover"": 52, ""space"": ""euclidean"", ""threshold"": 0.5}",0.1.0,2026-06-20T16:50:42+00:00,fuzzy_euclidean
circle,fuzzy_cover,cost,persistence_s,0.0105,2,400,2,0.026,52,"{""fuzzifier"": 2.0, ""graph_algorithm"": ""umap"", ""knn"": 15, ""label_mode"": ""components"", ""n_cover"": 52, ""space"": ""euclidean"", ""threshold"": 0.5}",0.1.0,2026-06-20T16:50:42+00:00,fuzzy_euclidean
circle,fuzzy_cover,cost,complex_size,23478.0,2,400,2,0.026,52,"{""fuzzifier"": 2.0, ""graph_algorithm"": ""umap"", ""knn"": 15, ""label_mode"": ""components"", ""n_cover"": 52, ""space"": ""euclidean"", ""threshold"": 0.5}",0.1.0,2026-06-20T16:50:42+00:00,fuzzy_euclidean
circle,fuzzy_cover,cost,fit_s,0.026,2,400,2,0.026,52,"{""fuzzifier"": 2.0, ""graph_algorithm"": ""umap"", ""knn"": 15, ""label_mode"": ""components"", ""n_cover"": 52, ""space"": ""euclidean"", ""threshold"": 0.5}",0.1.0,2026-06-20T16:50:42+00:00,fuzzy_euclidean
sphere2,fuzzy_cover,topology,recovery_quotient,0.372,0,600,3,0.047,52,"{""fuzzifier"": 2.0, ""graph_algorithm"": ""umap"", ""knn"": 15, ""label_mode"": ""components"", ""n_cover"": 52, ""space"": ""euclidean"", ""threshold"": 0.5}",0.1.0,2026-06-20T16:50:42+00:00,fuzzy_euclidean
sphere2,fuzzy_cover,topology,complex_size,294203.0,0,600,3,0.047,52,"{""fuzzifier"": 2.0, ""graph_algorithm"": ""umap"", ""knn"": 15, ""label_mode"": ""components"", ""n_cover"": 52, ""space"": ""euclidean"", ""threshold"": 0.5}",0.1.0,2026-06-20T16:50:42+00:00,fuzzy_euclidean
sphere2,fuzzy_cover,topology,bar_dominance_min,0.694,0,600,3,0.047,52,"{""fuzzifier"": 2.0, ""graph_algorithm"": ""umap"", ""knn"": 15, ""label_mode"": ""components"", ""n_cover"": 52, ""space"": ""euclidean"", ""threshold"": 0.5}",0.1.0,2026-06-20T16:50:42+00:00,fuzzy_euclidean
sphere2,fuzzy_cover,topology,bar_dominance_h0,1000.0,0,600,3,0.047,52,"{""fuzzifier"": 2.0, ""graph_algorithm"": ""umap"", ""knn"": 15, ""label_mode"": ""components"", ""n_cover"": 52, ""space"": ""euclidean"", ""threshold"": 0.5}",0.1.0,2026-06-20T16:50:42+00:00,fuzzy_euclidean
sphere2,fuzzy_cover,topology,bar_dominance_h1,0.694,0,600,3,0.047,52,"{""fuzzifier"": 2.0, ""graph_algorithm"": ""umap"", ""knn"": 15, ""label_mode"": ""components"", ""n_cover"": 52, ""space"": ""euclidean"", ""threshold"": 0.5}",0.1.0,2026-06-20T16:50:42+00:00,fuzzy_euclidean
sphere2,fuzzy_cover,topology,bar_dominance_h2,7.582,0,600,3,0.047,52,"{""fuzzifier"": 2.0, ""graph_algorithm"": ""umap"", ""knn"": 15, ""label_mode"": ""components"", ""n_cover"": 52, ""space"": ""euclidean"", ""threshold"": 0.5}",0.1.0,2026-06-20T16:50:42+00:00,fuzzy_euclidean
sphere2,fuzzy_cover,cost,persistence_s,0.1913,0,600,3,0.047,52,"{""fuzzifier"": 2.0, ""graph_algorithm"": ""umap"", ""knn"": 15, ""label_mode"": ""components"", ""n_cover"": 52, ""space"": ""euclidean"", ""threshold"": 0.5}",0.1.0,2026-06-20T16:50:42+00:00,fuzzy_euclidean
sphere2,fuzzy_cover,cost,complex_size,294203.0,0,600,3,0.047,52,"{""fuzzifier"": 2.0, ""graph_algorithm"": ""umap"", ""knn"": 15, ""label_mode"": ""components"", ""n_cover"": 52, ""space"": ""euclidean"", ""threshold"": 0.5}",0.1.0,2026-06-20T16:50:42+00:00,fuzzy_euclidean
sphere2,fuzzy_cover,cost,fit_s,0.047,0,600,3,0.047,52,"{""fuzzifier"": 2.0, ""graph_algorithm"": ""umap"", ""knn"": 15, ""label_mode"": ""components"", ""n_cover"": 52, ""space"": ""euclidean"", ""threshold"": 0.5}",0.1.0,2026-06-20T16:50:42+00:00,fuzzy_euclidean
sphere2,fuzzy_cover,topology,recovery_quotient,0.461,1,600,3,0.06,52,"{""fuzzifier"": 2.0, ""graph_algorithm"": ""umap"", ""knn"": 15, ""label_mode"": ""components"", ""n_cover"": 52, ""space"": ""euclidean"", ""threshold"": 0.5}",0.1.0,2026-06-20T16:50:42+00:00,fuzzy_euclidean
sphere2,fuzzy_cover,topology,complex_size,294203.0,1,600,3,0.06,52,"{""fuzzifier"": 2.0, ""graph_algorithm"": ""umap"", ""knn"": 15, ""label_mode"": ""components"", ""n_cover"": 52, ""space"": ""euclidean"", ""threshold"": 0.5}",0.1.0,2026-06-20T16:50:42+00:00,fuzzy_euclidean
sphere2,fuzzy_cover,topology,bar_dominance_min,1.135,1,600,3,0.06,52,"{""fuzzifier"": 2.0, ""graph_algorithm"": ""umap"", ""knn"": 15, ""label_mode"": ""components"", ""n_cover"": 52, ""space"": ""euclidean"", ""threshold"": 0.5}",0.1.0,2026-06-20T16:50:42+00:00,fuzzy_euclidean
sphere2,fuzzy_cover,topology,bar_dominance_h0,1000.0,1,600,3,0.06,52,"{""fuzzifier"": 2.0, ""graph_algorithm"": ""umap"", ""knn"": 15, ""label_mode"": ""components"", ""n_cover"": 52, ""space"": ""euclidean"", ""threshold"": 0.5}",0.1.0,2026-06-20T16:50:42+00:00,fuzzy_euclidean
sphere2,fuzzy_cover,topology,bar_dominance_h1,1.135,1,600,3,0.06,52,"{""fuzzifier"": 2.0, ""graph_algorithm"": ""umap"", ""knn"": 15, ""label_mode"": ""components"", ""n_cover"": 52, ""space"": ""euclidean"", ""threshold"": 0.5}",0.1.0,2026-06-20T16:50:42+00:00,fuzzy_euclidean
sphere2,fuzzy_cover,topology,bar_dominance_h2,1000.0,1,600,3,0.06,52,"{""fuzzifier"": 2.0, ""graph_algorithm"": ""umap"", ""knn"": 15, ""label_mode"": ""components"", ""n_cover"": 52, ""space"": ""euclidean"", ""threshold"": 0.5}",0.1.0,2026-06-20T16:50:42+00:00,fuzzy_euclidean
sphere2,fuzzy_cover,cost,persistence_s,0.1811,1,600,3,0.06,52,"{""fuzzifier"": 2.0, ""graph_algorithm"": ""umap"", ""knn"": 15, ""label_mode"": ""components"", ""n_cover"": 52, ""space"": ""euclidean"", ""threshold"": 0.5}",0.1.0,2026-06-20T16:50:42+00:00,fuzzy_euclidean
sphere2,fuzzy_cover,cost,complex_size,294203.0,1,600,3,0.06,52,"{""fuzzifier"": 2.0, ""graph_algorithm"": ""umap"", ""knn"": 15, ""label_mode"": ""components"", ""n_cover"": 52, ""space"": ""euclidean"", ""threshold"": 0.5}",0.1.0,2026-06-20T16:50:42+00:00,fuzzy_euclidean
sphere2,fuzzy_cover,cost,fit_s,0.06,1,600,3,0.06,52,"{""fuzzifier"": 2.0, ""graph_algorithm"": ""umap"", ""knn"": 15, ""label_mode"": ""components"", ""n_cover"": 52, ""space"": ""euclidean"", ""threshold"": 0.5}",0.1.0,2026-06-20T16:50:42+00:00,fuzzy_euclidean
sphere2,fuzzy_cover,topology,recovery_quotient,0.521,2,600,3,0.064,52,"{""fuzzifier"": 2.0, ""graph_algorithm"": ""umap"", ""knn"": 15, ""label_mode"": ""components"", ""n_cover"": 52, ""space"": ""euclidean"", ""threshold"": 0.5}",0.1.0,2026-06-20T16:50:42+00:00,fuzzy_euclidean
sphere2,fuzzy_cover,topology,complex_size,294203.0,2,600,3,0.064,52,"{""fuzzifier"": 2.0, ""graph_algorithm"": ""umap"", ""knn"": 15, ""label_mode"": ""components"", ""n_cover"": 52, ""space"": ""euclidean"", ""threshold"": 0.5}",0.1.0,2026-06-20T16:50:42+00:00,fuzzy_euclidean
sphere2,fuzzy_cover,topology,bar_dominance_min,1.336,2,600,3,0.064,52,"{""fuzzifier"": 2.0, ""graph_algorithm"": ""umap"", ""knn"": 15, ""label_mode"": ""components"", ""n_cover"": 52, ""space"": ""euclidean"", ""threshold"": 0.5}",0.1.0,2026-06-20T16:50:42+00:00,fuzzy_euclidean
sphere2,fuzzy_cover,topology,bar_dominance_h0,1000.0,2,600,3,0.064,52,"{""fuzzifier"": 2.0, ""graph_algorithm"": ""umap"", ""knn"": 15, ""label_mode"": ""components"", ""n_cover"": 52, ""space"": ""euclidean"", ""threshold"": 0.5}",0.1.0,2026-06-20T16:50:42+00:00,fuzzy_euclidean
sphere2,fuzzy_cover,topology,bar_dominance_h1,1.336,2,600,3,0.064,52,"{""fuzzifier"": 2.0, ""graph_algorithm"": ""umap"", ""knn"": 15, ""label_mode"": ""components"", ""n_cover"": 52, ""space"": ""euclidean"", ""threshold"": 0.5}",0.1.0,2026-06-20T16:50:42+00:00,fuzzy_euclidean
sphere2,fuzzy_cover,topology,bar_dominance_h2,23.366,2,600,3,0.064,52,"{""fuzzifier"": 2.0, ""graph_algorithm"": ""umap"", ""knn"": 15, ""label_mode"": ""components"", ""n_cover"": 52, ""space"": ""euclidean"", ""threshold"": 0.5}",0.1.0,2026-06-20T16:50:42+00:00,fuzzy_euclidean
sphere2,fuzzy_cover,cost,persistence_s,0.198,2,600,3,0.064,52,"{""fuzzifier"": 2.0, ""graph_algorithm"": ""umap"", ""knn"": 15, ""label_mode"": ""components"", ""n_cover"": 52, ""space"": ""euclidean"", ""threshold"": 0.5}",0.1.0,2026-06-20T16:50:42+00:00,fuzzy_euclidean
sphere2,fuzzy_cover,cost,complex_size,294203.0,2,600,3,0.064,52,"{""fuzzifier"": 2.0, ""graph_algorithm"": ""umap"", ""knn"": 15, ""label_mode"": ""components"", ""n_cover"": 52, ""space"": ""euclidean"", ""threshold"": 0.5}",0.1.0,2026-06-20T16:50:42+00:00,fuzzy_euclidean
sphere2,fuzzy_cover,cost,fit_s,0.064,2,600,3,0.064,52,"{""fuzzifier"": 2.0, ""graph_algorithm"": ""umap"", ""knn"": 15, ""label_mode"": ""components"", ""n_cover"": 52, ""space"": ""euclidean"", ""threshold"": 0.5}",0.1.0,2026-06-20T16:50:42+00:00,fuzzy_euclidean
torus,fuzzy_cover,topology,recovery_quotient,0.094,0,3000,3,0.581,52,"{""fuzzifier"": 2.0, ""graph_algorithm"": ""umap"", ""knn"": 15, ""label_mode"": ""components"", ""n_cover"": 52, ""space"": ""euclidean"", ""threshold"": 0.5}",0.1.0,2026-06-20T16:50:42+00:00,fuzzy_euclidean
torus,fuzzy_cover,topology,complex_size,294203.0,0,3000,3,0.581,52,"{""fuzzifier"": 2.0, ""graph_algorithm"": ""umap"", ""knn"": 15, ""label_mode"": ""components"", ""n_cover"": 52, ""space"": ""euclidean"", ""threshold"": 0.5}",0.1.0,2026-06-20T16:50:42+00:00,fuzzy_euclidean
torus,fuzzy_cover,topology,bar_dominance_min,1.349,0,3000,3,0.581,52,"{""fuzzifier"": 2.0, ""graph_algorithm"": ""umap"", ""knn"": 15, ""label_mode"": ""components"", ""n_cover"": 52, ""space"": ""euclidean"", ""threshold"": 0.5}",0.1.0,2026-06-20T16:50:42+00:00,fuzzy_euclidean
torus,fuzzy_cover,topology,bar_dominance_h0,1000.0,0,3000,3,0.581,52,"{""fuzzifier"": 2.0, ""graph_algorithm"": ""umap"", ""knn"": 15, ""label_mode"": ""components"", ""n_cover"": 52, ""space"": ""euclidean"", ""threshold"": 0.5}",0.1.0,2026-06-20T16:50:42+00:00,fuzzy_euclidean
torus,fuzzy_cover,topology,bar_dominance_h1,1.349,0,3000,3,0.581,52,"{""fuzzifier"": 2.0, ""graph_algorithm"": ""umap"", ""knn"": 15, ""label_mode"": ""components"", ""n_cover"": 52, ""space"": ""euclidean"", ""threshold"": 0.5}",0.1.0,2026-06-20T16:50:42+00:00,fuzzy_euclidean
torus,fuzzy_cover,topology,bar_dominance_h2,2.853,0,3000,3,0.581,52,"{""fuzzifier"": 2.0, ""graph_algorithm"": ""umap"", ""knn"": 15, ""label_mode"": ""components"", ""n_cover"": 52, ""space"": ""euclidean"", ""threshold"": 0.5}",0.1.0,2026-06-20T16:50:42+00:00,fuzzy_euclidean
torus,fuzzy_cover,cost,persistence_s,0.3391,0,3000,3,0.581,52,"{""fuzzifier"": 2.0, ""graph_algorithm"": ""umap"", ""knn"": 15, ""label_mode"": ""components"", ""n_cover"": 52, ""space"": ""euclidean"", ""threshold"": 0.5}",0.1.0,2026-06-20T16:50:42+00:00,fuzzy_euclidean
torus,fuzzy_cover,cost,complex_size,294203.0,0,3000,3,0.581,52,"{""fuzzifier"": 2.0, ""graph_algorithm"": ""umap"", ""knn"": 15, ""label_mode"": ""components"", ""n_cover"": 52, ""space"": ""euclidean"", ""threshold"": 0.5}",0.1.0,2026-06-20T16:50:42+00:00,fuzzy_euclidean
torus,fuzzy_cover,cost,fit_s,0.581,0,3000,3,0.581,52,"{""fuzzifier"": 2.0, ""graph_algorithm"": ""umap"", ""knn"": 15, ""label_mode"": ""components"", ""n_cover"": 52, ""space"": ""euclidean"", ""threshold"": 0.5}",0.1.0,2026-06-20T16:50:42+00:00,fuzzy_euclidean
torus,fuzzy_cover,topology,recovery_quotient,0.054,1,3000,3,0.783,52,"{""fuzzifier"": 2.0, ""graph_algorithm"": ""umap"", ""knn"": 15, ""label_mode"": ""components"", ""n_cover"": 52, ""space"": ""euclidean"", ""threshold"": 0.5}",0.1.0,2026-06-20T16:50:42+00:00,fuzzy_euclidean
torus,fuzzy_cover,topology,complex_size,294203.0,1,3000,3,0.783,52,"{""fuzzifier"": 2.0, ""graph_algorithm"": ""umap"", ""knn"": 15, ""label_mode"": ""components"", ""n_cover"": 52, ""space"": ""euclidean"", ""threshold"": 0.5}",0.1.0,2026-06-20T16:50:42+00:00,fuzzy_euclidean
torus,fuzzy_cover,topology,bar_dominance_min,1.345,1,3000,3,0.783,52,"{""fuzzifier"": 2.0, ""graph_algorithm"": ""umap"", ""knn"": 15, ""label_mode"": ""components"", ""n_cover"": 52, ""space"": ""euclidean"", ""threshold"": 0.5}",0.1.0,2026-06-20T16:50:42+00:00,fuzzy_euclidean
torus,fuzzy_cover,topology,bar_dominance_h0,1000.0,1,3000,3,0.783,52,"{""fuzzifier"": 2.0, ""graph_algorithm"": ""umap"", ""knn"": 15, ""label_mode"": ""components"", ""n_cover"": 52, ""space"": ""euclidean"", ""threshold"": 0.5}",0.1.0,2026-06-20T16:50:42+00:00,fuzzy_euclidean
torus,fuzzy_cover,topology,bar_dominance_h1,1.345,1,3000,3,0.783,52,"{""fuzzifier"": 2.0, ""graph_algorithm"": ""umap"", ""knn"": 15, ""label_mode"": ""components"", ""n_cover"": 52, ""space"": ""euclidean"", ""threshold"": 0.5}",0.1.0,2026-06-20T16:50:42+00:00,fuzzy_euclidean
torus,fuzzy_cover,topology,bar_dominance_h2,2.307,1,3000,3,0.783,52,"{""fuzzifier"": 2.0, ""graph_algorithm"": ""umap"", ""knn"": 15, ""label_mode"": ""components"", ""n_cover"": 52, ""space"": ""euclidean"", ""threshold"": 0.5}",0.1.0,2026-06-20T16:50:42+00:00,fuzzy_euclidean
torus,fuzzy_cover,cost,persistence_s,0.3772,1,3000,3,0.783,52,"{""fuzzifier"": 2.0, ""graph_algorithm"": ""umap"", ""knn"": 15, ""label_mode"": ""components"", ""n_cover"": 52, ""space"": ""euclidean"", ""threshold"": 0.5}",0.1.0,2026-06-20T16:50:42+00:00,fuzzy_euclidean
torus,fuzzy_cover,cost,complex_size,294203.0,1,3000,3,0.783,52,"{""fuzzifier"": 2.0, ""graph_algorithm"": ""umap"", ""knn"": 15, ""label_mode"": ""components"", ""n_cover"": 52, ""space"": ""euclidean"", ""threshold"": 0.5}",0.1.0,2026-06-20T16:50:42+00:00,fuzzy_euclidean
torus,fuzzy_cover,cost,fit_s,0.783,1,3000,3,0.783,52,"{""fuzzifier"": 2.0, ""graph_algorithm"": ""umap"", ""knn"": 15, ""label_mode"": ""components"", ""n_cover"": 52, ""space"": ""euclidean"", ""threshold"": 0.5}",0.1.0,2026-06-20T16:50:42+00:00,fuzzy_euclidean
torus,fuzzy_cover,topology,recovery_quotient,0.085,2,3000,3,0.54,52,"{""fuzzifier"": 2.0, ""graph_algorithm"": ""umap"", ""knn"": 15, ""label_mode"": ""components"", ""n_cover"": 52, ""space"": ""euclidean"", ""threshold"": 0.5}",0.1.0,2026-06-20T16:50:42+00:00,fuzzy_euclidean
torus,fuzzy_cover,topology,complex_size,294203.0,2,3000,3,0.54,52,"{""fuzzifier"": 2.0, ""graph_algorithm"": ""umap"", ""knn"": 15, ""label_mode"": ""components"", ""n_cover"": 52, ""space"": ""euclidean"", ""threshold"": 0.5}",0.1.0,2026-06-20T16:50:42+00:00,fuzzy_euclidean
torus,fuzzy_cover,topology,bar_dominance_min,1.571,2,3000,3,0.54,52,"{""fuzzifier"": 2.0, ""graph_algorithm"": ""umap"", ""knn"": 15, ""label_mode"": ""components"", ""n_cover"": 52, ""space"": ""euclidean"", ""threshold"": 0.5}",0.1.0,2026-06-20T16:50:42+00:00,fuzzy_euclidean
torus,fuzzy_cover,topology,bar_dominance_h0,1000.0,2,3000,3,0.54,52,"{""fuzzifier"": 2.0, ""graph_algorithm"": ""umap"", ""knn"": 15, ""label_mode"": ""components"", ""n_cover"": 52, ""space"": ""euclidean"", ""threshold"": 0.5}",0.1.0,2026-06-20T16:50:42+00:00,fuzzy_euclidean
torus,fuzzy_cover,topology,bar_dominance_h1,1.571,2,3000,3,0.54,52,"{""fuzzifier"": 2.0, ""graph_algorithm"": ""umap"", ""knn"": 15, ""label_mode"": ""components"", ""n_cover"": 52, ""space"": ""euclidean"", ""threshold"": 0.5}",0.1.0,2026-06-20T16:50:42+00:00,fuzzy_euclidean
torus,fuzzy_cover,topology,bar_dominance_h2,2.126,2,3000,3,0.54,52,"{""fuzzifier"": 2.0, ""graph_algorithm"": ""umap"", ""knn"": 15, ""label_mode"": ""components"", ""n_cover"": 52, ""space"": ""euclidean"", ""threshold"": 0.5}",0.1.0,2026-06-20T16:50:42+00:00,fuzzy_euclidean
torus,fuzzy_cover,cost,persistence_s,0.355,2,3000,3,0.54,52,"{""fuzzifier"": 2.0, ""graph_algorithm"": ""umap"", ""knn"": 15, ""label_mode"": ""components"", ""n_cover"": 52, ""space"": ""euclidean"", ""threshold"": 0.5}",0.1.0,2026-06-20T16:50:42+00:00,fuzzy_euclidean
torus,fuzzy_cover,cost,complex_size,294203.0,2,3000,3,0.54,52,"{""fuzzifier"": 2.0, ""graph_algorithm"": ""umap"", ""knn"": 15, ""label_mode"": ""components"", ""n_cover"": 52, ""space"": ""euclidean"", ""threshold"": 0.5}",0.1.0,2026-06-20T16:50:42+00:00,fuzzy_euclidean
torus,fuzzy_cover,cost,fit_s,0.54,2,3000,3,0.54,52,"{""fuzzifier"": 2.0, ""graph_algorithm"": ""umap"", ""knn"": 15, ""label_mode"": ""components"", ""n_cover"": 52, ""space"": ""euclidean"", ""threshold"": 0.5}",0.1.0,2026-06-20T16:50:42+00:00,fuzzy_euclidean
two_circles,fuzzy_cover,topology,recovery_quotient,0.496,0,800,2,0.141,52,"{""fuzzifier"": 2.0, ""graph_algorithm"": ""umap"", ""knn"": 15, ""label_mode"": ""components"", ""n_cover"": 52, ""space"": ""euclidean"", ""threshold"": 0.5}",0.1.0,2026-06-20T16:50:42+00:00,fuzzy_euclidean
two_circles,fuzzy_cover,topology,complex_size,23478.0,0,800,2,0.141,52,"{""fuzzifier"": 2.0, ""graph_algorithm"": ""umap"", ""knn"": 15, ""label_mode"": ""components"", ""n_cover"": 52, ""space"": ""euclidean"", ""threshold"": 0.5}",0.1.0,2026-06-20T16:50:42+00:00,fuzzy_euclidean
two_circles,fuzzy_cover,topology,bar_dominance_min,3.061,0,800,2,0.141,52,"{""fuzzifier"": 2.0, ""graph_algorithm"": ""umap"", ""knn"": 15, ""label_mode"": ""components"", ""n_cover"": 52, ""space"": ""euclidean"", ""threshold"": 0.5}",0.1.0,2026-06-20T16:50:42+00:00,fuzzy_euclidean
two_circles,fuzzy_cover,topology,bar_dominance_h0,3.061,0,800,2,0.141,52,"{""fuzzifier"": 2.0, ""graph_algorithm"": ""umap"", ""knn"": 15, ""label_mode"": ""components"", ""n_cover"": 52, ""space"": ""euclidean"", ""threshold"": 0.5}",0.1.0,2026-06-20T16:50:42+00:00,fuzzy_euclidean
two_circles,fuzzy_cover,topology,bar_dominance_h1,1000.0,0,800,2,0.141,52,"{""fuzzifier"": 2.0, ""graph_algorithm"": ""umap"", ""knn"": 15, ""label_mode"": ""components"", ""n_cover"": 52, ""space"": ""euclidean"", ""threshold"": 0.5}",0.1.0,2026-06-20T16:50:42+00:00,fuzzy_euclidean
two_circles,fuzzy_cover,cost,persistence_s,0.0126,0,800,2,0.141,52,"{""fuzzifier"": 2.0, ""graph_algorithm"": ""umap"", ""knn"": 15, ""label_mode"": ""components"", ""n_cover"": 52, ""space"": ""euclidean"", ""threshold"": 0.5}",0.1.0,2026-06-20T16:50:42+00:00,fuzzy_euclidean
two_circles,fuzzy_cover,cost,complex_size,23478.0,0,800,2,0.141,52,"{""fuzzifier"": 2.0, ""graph_algorithm"": ""umap"", ""knn"": 15, ""label_mode"": ""components"", ""n_cover"": 52, ""space"": ""euclidean"", ""threshold"": 0.5}",0.1.0,2026-06-20T16:50:42+00:00,fuzzy_euclidean
two_circles,fuzzy_cover,cost,fit_s,0.141,0,800,2,0.141,52,"{""fuzzifier"": 2.0, ""graph_algorithm"": ""umap"", ""knn"": 15, ""label_mode"": ""components"", ""n_cover"": 52, ""space"": ""euclidean"", ""threshold"": 0.5}",0.1.0,2026-06-20T16:50:42+00:00,fuzzy_euclidean
two_circles,fuzzy_cover,topology,recovery_quotient,0.512,1,800,2,0.059,52,"{""fuzzifier"": 2.0, ""graph_algorithm"": ""umap"", ""knn"": 15, ""label_mode"": ""components"", ""n_cover"": 52, ""space"": ""euclidean"", ""threshold"": 0.5}",0.1.0,2026-06-20T16:50:42+00:00,fuzzy_euclidean
two_circles,fuzzy_cover,topology,complex_size,23478.0,1,800,2,0.059,52,"{""fuzzifier"": 2.0, ""graph_algorithm"": ""umap"", ""knn"": 15, ""label_mode"": ""components"", ""n_cover"": 52, ""space"": ""euclidean"", ""threshold"": 0.5}",0.1.0,2026-06-20T16:50:42+00:00,fuzzy_euclidean
two_circles,fuzzy_cover,topology,bar_dominance_min,2.822,1,800,2,0.059,52,"{""fuzzifier"": 2.0, ""graph_algorithm"": ""umap"", ""knn"": 15, ""label_mode"": ""components"", ""n_cover"": 52, ""space"": ""euclidean"", ""threshold"": 0.5}",0.1.0,2026-06-20T16:50:42+00:00,fuzzy_euclidean
two_circles,fuzzy_cover,topology,bar_dominance_h0,2.822,1,800,2,0.059,52,"{""fuzzifier"": 2.0, ""graph_algorithm"": ""umap"", ""knn"": 15, ""label_mode"": ""components"", ""n_cover"": 52, ""space"": ""euclidean"", ""threshold"": 0.5}",0.1.0,2026-06-20T16:50:42+00:00,fuzzy_euclidean
two_circles,fuzzy_cover,topology,bar_dominance_h1,1000.0,1,800,2,0.059,52,"{""fuzzifier"": 2.0, ""graph_algorithm"": ""umap"", ""knn"": 15, ""label_mode"": ""components"", ""n_cover"": 52, ""space"": ""euclidean"", ""threshold"": 0.5}",0.1.0,2026-06-20T16:50:42+00:00,fuzzy_euclidean
two_circles,fuzzy_cover,cost,persistence_s,0.0125,1,800,2,0.059,52,"{""fuzzifier"": 2.0, ""graph_algorithm"": ""umap"", ""knn"": 15, ""label_mode"": ""components"", ""n_cover"": 52, ""space"": ""euclidean"", ""threshold"": 0.5}",0.1.0,2026-06-20T16:50:42+00:00,fuzzy_euclidean
two_circles,fuzzy_cover,cost,complex_size,23478.0,1,800,2,0.059,52,"{""fuzzifier"": 2.0, ""graph_algorithm"": ""umap"", ""knn"": 15, ""label_mode"": ""components"", ""n_cover"": 52, ""space"": ""euclidean"", ""threshold"": 0.5}",0.1.0,2026-06-20T16:50:42+00:00,fuzzy_euclidean
two_circles,fuzzy_cover,cost,fit_s,0.059,1,800,2,0.059,52,"{""fuzzifier"": 2.0, ""graph_algorithm"": ""umap"", ""knn"": 15, ""label_mode"": ""components"", ""n_cover"": 52, ""space"": ""euclidean"", ""threshold"": 0.5}",0.1.0,2026-06-20T16:50:42+00:00,fuzzy_euclidean
two_circles,fuzzy_cover,topology,recovery_quotient,0.684,2,800,2,0.235,52,"{""fuzzifier"": 2.0, ""graph_algorithm"": ""umap"", ""knn"": 15, ""label_mode"": ""components"", ""n_cover"": 52, ""space"": ""euclidean"", ""threshold"": 0.5}",0.1.0,2026-06-20T16:50:42+00:00,fuzzy_euclidean
two_circles,fuzzy_cover,topology,complex_size,23478.0,2,800,2,0.235,52,"{""fuzzifier"": 2.0, ""graph_algorithm"": ""umap"", ""knn"": 15, ""label_mode"": ""components"", ""n_cover"": 52, ""space"": ""euclidean"", ""threshold"": 0.5}",0.1.0,2026-06-20T16:50:42+00:00,fuzzy_euclidean
two_circles,fuzzy_cover,topology,bar_dominance_min,4.091,2,800,2,0.235,52,"{""fuzzifier"": 2.0, ""graph_algorithm"": ""umap"", ""knn"": 15, ""label_mode"": ""components"", ""n_cover"": 52, ""space"": ""euclidean"", ""threshold"": 0.5}",0.1.0,2026-06-20T16:50:42+00:00,fuzzy_euclidean
two_circles,fuzzy_cover,topology,bar_dominance_h0,4.091,2,800,2,0.235,52,"{""fuzzifier"": 2.0, ""graph_algorithm"": ""umap"", ""knn"": 15, ""label_mode"": ""components"", ""n_cover"": 52, ""space"": ""euclidean"", ""threshold"": 0.5}",0.1.0,2026-06-20T16:50:42+00:00,fuzzy_euclidean
two_circles,fuzzy_cover,topology,bar_dominance_h1,1000.0,2,800,2,0.235,52,"{""fuzzifier"": 2.0, ""graph_algorithm"": ""umap"", ""knn"": 15, ""label_mode"": ""components"", ""n_cover"": 52, ""space"": ""euclidean"", ""threshold"": 0.5}",0.1.0,2026-06-20T16:50:42+00:00,fuzzy_euclidean
two_circles,fuzzy_cover,cost,persistence_s,0.0122,2,800,2,0.235,52,"{""fuzzifier"": 2.0, ""graph_algorithm"": ""umap"", ""knn"": 15, ""label_mode"": ""components"", ""n_cover"": 52, ""space"": ""euclidean"", ""threshold"": 0.5}",0.1.0,2026-06-20T16:50:42+00:00,fuzzy_euclidean
two_circles,fuzzy_cover,cost,complex_size,23478.0,2,800,2,0.235,52,"{""fuzzifier"": 2.0, ""graph_algorithm"": ""umap"", ""knn"": 15, ""label_mode"": ""components"", ""n_cover"": 52, ""space"": ""euclidean"", ""threshold"": 0.5}",0.1.0,2026-06-20T16:50:42+00:00,fuzzy_euclidean
two_circles,fuzzy_cover,cost,fit_s,0.235,2,800,2,0.235,52,"{""fuzzifier"": 2.0, ""graph_algorithm"": ""umap"", ""knn"": 15, ""label_mode"": ""components"", ""n_cover"": 52, ""space"": ""euclidean"", ""threshold"": 0.5}",0.1.0,2026-06-20T16:50:42+00:00,fuzzy_euclidean
circle,alpha,topology,recovery_quotient,0.995,0,400,2,0.0,,"{""n_landmarks"": 400}",0.1.0,2026-06-20T16:50:46+00:00,alpha
circle,alpha,topology,complex_size,1595.0,0,400,2,0.0,,"{""n_landmarks"": 400}",0.1.0,2026-06-20T16:50:46+00:00,alpha
circle,alpha,topology,bar_dominance_min,1000.0,0,400,2,0.0,,"{""n_landmarks"": 400}",0.1.0,2026-06-20T16:50:46+00:00,alpha
circle,alpha,topology,bar_dominance_h0,1000.0,0,400,2,0.0,,"{""n_landmarks"": 400}",0.1.0,2026-06-20T16:50:46+00:00,alpha
circle,alpha,topology,bar_dominance_h1,1000.0,0,400,2,0.0,,"{""n_landmarks"": 400}",0.1.0,2026-06-20T16:50:46+00:00,alpha
circle,alpha,cost,persistence_s,0.0092,0,400,2,0.0,,"{""n_landmarks"": 400}",0.1.0,2026-06-20T16:50:46+00:00,alpha
circle,alpha,cost,complex_size,1595.0,0,400,2,0.0,,"{""n_landmarks"": 400}",0.1.0,2026-06-20T16:50:46+00:00,alpha
circle,alpha,cost,fit_s,0.0,0,400,2,0.0,,"{""n_landmarks"": 400}",0.1.0,2026-06-20T16:50:46+00:00,alpha
circle,alpha,topology,recovery_quotient,0.997,1,400,2,0.0,,"{""n_landmarks"": 400}",0.1.0,2026-06-20T16:50:46+00:00,alpha
circle,alpha,topology,complex_size,1595.0,1,400,2,0.0,,"{""n_landmarks"": 400}",0.1.0,2026-06-20T16:50:46+00:00,alpha
circle,alpha,topology,bar_dominance_min,1000.0,1,400,2,0.0,,"{""n_landmarks"": 400}",0.1.0,2026-06-20T16:50:46+00:00,alpha
circle,alpha,topology,bar_dominance_h0,1000.0,1,400,2,0.0,,"{""n_landmarks"": 400}",0.1.0,2026-06-20T16:50:46+00:00,alpha
circle,alpha,topology,bar_dominance_h1,1000.0,1,400,2,0.0,,"{""n_landmarks"": 400}",0.1.0,2026-06-20T16:50:46+00:00,alpha
circle,alpha,cost,persistence_s,0.0034,1,400,2,0.0,,"{""n_landmarks"": 400}",0.1.0,2026-06-20T16:50:46+00:00,alpha
circle,alpha,cost,complex_size,1595.0,1,400,2,0.0,,"{""n_landmarks"": 400}",0.1.0,2026-06-20T16:50:46+00:00,alpha
circle,alpha,cost,fit_s,0.0,1,400,2,0.0,,"{""n_landmarks"": 400}",0.1.0,2026-06-20T16:50:46+00:00,alpha
circle,alpha,topology,recovery_quotient,0.997,2,400,2,0.0,,"{""n_landmarks"": 400}",0.1.0,2026-06-20T16:50:46+00:00,alpha
circle,alpha,topology,complex_size,1595.0,2,400,2,0.0,,"{""n_landmarks"": 400}",0.1.0,2026-06-20T16:50:46+00:00,alpha
circle,alpha,topology,bar_dominance_min,1000.0,2,400,2,0.0,,"{""n_landmarks"": 400}",0.1.0,2026-06-20T16:50:46+00:00,alpha
circle,alpha,topology,bar_dominance_h0,1000.0,2,400,2,0.0,,"{""n_landmarks"": 400}",0.1.0,2026-06-20T16:50:46+00:00,alpha
circle,alpha,topology,bar_dominance_h1,1000.0,2,400,2,0.0,,"{""n_landmarks"": 400}",0.1.0,2026-06-20T16:50:46+00:00,alpha
circle,alpha,cost,persistence_s,0.0041,2,400,2,0.0,,"{""n_landmarks"": 400}",0.1.0,2026-06-20T16:50:46+00:00,alpha
circle,alpha,cost,complex_size,1595.0,2,400,2,0.0,,"{""n_landmarks"": 400}",0.1.0,2026-06-20T16:50:46+00:00,alpha
circle,alpha,cost,fit_s,0.0,2,400,2,0.0,,"{""n_landmarks"": 400}",0.1.0,2026-06-20T16:50:46+00:00,alpha
sphere2,alpha,topology,recovery_quotient,0.937,0,600,3,0.001,,"{""n_landmarks"": 400}",0.1.0,2026-06-20T16:50:46+00:00,alpha
sphere2,alpha,topology,complex_size,6231.0,0,600,3,0.001,,"{""n_landmarks"": 400}",0.1.0,2026-06-20T16:50:46+00:00,alpha
sphere2,alpha,topology,bar_dominance_min,18.581,0,600,3,0.001,,"{""n_landmarks"": 400}",0.1.0,2026-06-20T16:50:46+00:00,alpha
sphere2,alpha,topology,bar_dominance_h0,1000.0,0,600,3,0.001,,"{""n_landmarks"": 400}",0.1.0,2026-06-20T16:50:46+00:00,alpha
sphere2,alpha,topology,bar_dominance_h1,18.581,0,600,3,0.001,,"{""n_landmarks"": 400}",0.1.0,2026-06-20T16:50:46+00:00,alpha
sphere2,alpha,topology,bar_dominance_h2,1000.0,0,600,3,0.001,,"{""n_landmarks"": 400}",0.1.0,2026-06-20T16:50:46+00:00,alpha
sphere2,alpha,cost,persistence_s,0.0711,0,600,3,0.001,,"{""n_landmarks"": 400}",0.1.0,2026-06-20T16:50:46+00:00,alpha
sphere2,alpha,cost,complex_size,6231.0,0,600,3,0.001,,"{""n_landmarks"": 400}",0.1.0,2026-06-20T16:50:46+00:00,alpha
sphere2,alpha,cost,fit_s,0.001,0,600,3,0.001,,"{""n_landmarks"": 400}",0.1.0,2026-06-20T16:50:46+00:00,alpha
sphere2,alpha,topology,recovery_quotient,0.92,1,600,3,0.001,,"{""n_landmarks"": 400}",0.1.0,2026-06-20T16:50:46+00:00,alpha
sphere2,alpha,topology,complex_size,6315.0,1,600,3,0.001,,"{""n_landmarks"": 400}",0.1.0,2026-06-20T16:50:46+00:00,alpha
sphere2,alpha,topology,bar_dominance_min,22.76,1,600,3,0.001,,"{""n_landmarks"": 400}",0.1.0,2026-06-20T16:50:46+00:00,alpha
sphere2,alpha,topology,bar_dominance_h0,1000.0,1,600,3,0.001,,"{""n_landmarks"": 400}",0.1.0,2026-06-20T16:50:46+00:00,alpha
sphere2,alpha,topology,bar_dominance_h1,22.76,1,600,3,0.001,,"{""n_landmarks"": 400}",0.1.0,2026-06-20T16:50:46+00:00,alpha
sphere2,alpha,topology,bar_dominance_h2,1000.0,1,600,3,0.001,,"{""n_landmarks"": 400}",0.1.0,2026-06-20T16:50:46+00:00,alpha
sphere2,alpha,cost,persistence_s,0.0632,1,600,3,0.001,,"{""n_landmarks"": 400}",0.1.0,2026-06-20T16:50:46+00:00,alpha
sphere2,alpha,cost,complex_size,6315.0,1,600,3,0.001,,"{""n_landmarks"": 400}",0.1.0,2026-06-20T16:50:46+00:00,alpha
sphere2,alpha,cost,fit_s,0.001,1,600,3,0.001,,"{""n_landmarks"": 400}",0.1.0,2026-06-20T16:50:46+00:00,alpha
sphere2,alpha,topology,recovery_quotient,0.932,2,600,3,0.001,,"{""n_landmarks"": 400}",0.1.0,2026-06-20T16:50:46+00:00,alpha
sphere2,alpha,topology,complex_size,6303.0,2,600,3,0.001,,"{""n_landmarks"": 400}",0.1.0,2026-06-20T16:50:46+00:00,alpha
sphere2,alpha,topology,bar_dominance_min,18.705,2,600,3,0.001,,"{""n_landmarks"": 400}",0.1.0,2026-06-20T16:50:46+00:00,alpha
sphere2,alpha,topology,bar_dominance_h0,1000.0,2,600,3,0.001,,"{""n_landmarks"": 400}",0.1.0,2026-06-20T16:50:46+00:00,alpha
sphere2,alpha,topology,bar_dominance_h1,18.705,2,600,3,0.001,,"{""n_landmarks"": 400}",0.1.0,2026-06-20T16:50:46+00:00,alpha
sphere2,alpha,topology,bar_dominance_h2,1000.0,2,600,3,0.001,,"{""n_landmarks"": 400}",0.1.0,2026-06-20T16:50:46+00:00,alpha
sphere2,alpha,cost,persistence_s,0.0704,2,600,3,0.001,,"{""n_landmarks"": 400}",0.1.0,2026-06-20T16:50:46+00:00,alpha
sphere2,alpha,cost,complex_size,6303.0,2,600,3,0.001,,"{""n_landmarks"": 400}",0.1.0,2026-06-20T16:50:46+00:00,alpha
sphere2,alpha,cost,fit_s,0.001,2,600,3,0.001,,"{""n_landmarks"": 400}",0.1.0,2026-06-20T16:50:46+00:00,alpha
torus,alpha,topology,recovery_quotient,0.766,0,3000,3,0.003,,"{""n_landmarks"": 400}",0.1.0,2026-06-20T16:50:46+00:00,alpha
torus,alpha,topology,complex_size,12517.0,0,3000,3,0.003,,"{""n_landmarks"": 400}",0.1.0,2026-06-20T16:50:46+00:00,alpha
torus,alpha,topology,bar_dominance_min,6.831,0,3000,3,0.003,,"{""n_landmarks"": 400}",0.1.0,2026-06-20T16:50:46+00:00,alpha
torus,alpha,topology,bar_dominance_h0,1000.0,0,3000,3,0.003,,"{""n_landmarks"": 400}",0.1.0,2026-06-20T16:50:46+00:00,alpha
torus,alpha,topology,bar_dominance_h1,6.831,0,3000,3,0.003,,"{""n_landmarks"": 400}",0.1.0,2026-06-20T16:50:46+00:00,alpha
torus,alpha,topology,bar_dominance_h2,64.994,0,3000,3,0.003,,"{""n_landmarks"": 400}",0.1.0,2026-06-20T16:50:46+00:00,alpha
torus,alpha,cost,persistence_s,0.0215,0,3000,3,0.003,,"{""n_landmarks"": 400}",0.1.0,2026-06-20T16:50:46+00:00,alpha
torus,alpha,cost,complex_size,12517.0,0,3000,3,0.003,,"{""n_landmarks"": 400}",0.1.0,2026-06-20T16:50:46+00:00,alpha
torus,alpha,cost,fit_s,0.003,0,3000,3,0.003,,"{""n_landmarks"": 400}",0.1.0,2026-06-20T16:50:46+00:00,alpha
torus,alpha,topology,recovery_quotient,0.775,1,3000,3,0.003,,"{""n_landmarks"": 400}",0.1.0,2026-06-20T16:50:46+00:00,alpha
torus,alpha,topology,complex_size,12547.0,1,3000,3,0.003,,"{""n_landmarks"": 400}",0.1.0,2026-06-20T16:50:46+00:00,alpha
torus,alpha,topology,bar_dominance_min,7.384,1,3000,3,0.003,,"{""n_landmarks"": 400}",0.1.0,2026-06-20T16:50:46+00:00,alpha
torus,alpha,topology,bar_dominance_h0,1000.0,1,3000,3,0.003,,"{""n_landmarks"": 400}",0.1.0,2026-06-20T16:50:46+00:00,alpha
torus,alpha,topology,bar_dominance_h1,7.384,1,3000,3,0.003,,"{""n_landmarks"": 400}",0.1.0,2026-06-20T16:50:46+00:00,alpha
torus,alpha,topology,bar_dominance_h2,81.206,1,3000,3,0.003,,"{""n_landmarks"": 400}",0.1.0,2026-06-20T16:50:46+00:00,alpha
torus,alpha,cost,persistence_s,0.018,1,3000,3,0.003,,"{""n_landmarks"": 400}",0.1.0,2026-06-20T16:50:46+00:00,alpha
torus,alpha,cost,complex_size,12547.0,1,3000,3,0.003,,"{""n_landmarks"": 400}",0.1.0,2026-06-20T16:50:46+00:00,alpha
torus,alpha,cost,fit_s,0.003,1,3000,3,0.003,,"{""n_landmarks"": 400}",0.1.0,2026-06-20T16:50:46+00:00,alpha
torus,alpha,topology,recovery_quotient,0.809,2,3000,3,0.003,,"{""n_landmarks"": 400}",0.1.0,2026-06-20T16:50:46+00:00,alpha
torus,alpha,topology,complex_size,12339.0,2,3000,3,0.003,,"{""n_landmarks"": 400}",0.1.0,2026-06-20T16:50:46+00:00,alpha
torus,alpha,topology,bar_dominance_min,7.296,2,3000,3,0.003,,"{""n_landmarks"": 400}",0.1.0,2026-06-20T16:50:46+00:00,alpha
torus,alpha,topology,bar_dominance_h0,1000.0,2,3000,3,0.003,,"{""n_landmarks"": 400}",0.1.0,2026-06-20T16:50:46+00:00,alpha
torus,alpha,topology,bar_dominance_h1,7.296,2,3000,3,0.003,,"{""n_landmarks"": 400}",0.1.0,2026-06-20T16:50:46+00:00,alpha
torus,alpha,topology,bar_dominance_h2,86.877,2,3000,3,0.003,,"{""n_landmarks"": 400}",0.1.0,2026-06-20T16:50:46+00:00,alpha
torus,alpha,cost,persistence_s,0.0186,2,3000,3,0.003,,"{""n_landmarks"": 400}",0.1.0,2026-06-20T16:50:46+00:00,alpha
torus,alpha,cost,complex_size,12339.0,2,3000,3,0.003,,"{""n_landmarks"": 400}",0.1.0,2026-06-20T16:50:46+00:00,alpha
torus,alpha,cost,fit_s,0.003,2,3000,3,0.003,,"{""n_landmarks"": 400}",0.1.0,2026-06-20T16:50:46+00:00,alpha
two_circles,alpha,topology,recovery_quotient,0.245,0,800,2,0.001,,"{""n_landmarks"": 400}",0.1.0,2026-06-20T16:50:46+00:00,alpha
two_circles,alpha,topology,complex_size,1985.0,0,800,2,0.001,,"{""n_landmarks"": 400}",0.1.0,2026-06-20T16:50:46+00:00,alpha
two_circles,alpha,topology,bar_dominance_min,68.839,0,800,2,0.001,,"{""n_landmarks"": 400}",0.1.0,2026-06-20T16:50:46+00:00,alpha
two_circles,alpha,topology,bar_dominance_h0,68.839,0,800,2,0.001,,"{""n_landmarks"": 400}",0.1.0,2026-06-20T16:50:46+00:00,alpha
two_circles,alpha,topology,bar_dominance_h1,1000.0,0,800,2,0.001,,"{""n_landmarks"": 400}",0.1.0,2026-06-20T16:50:46+00:00,alpha
two_circles,alpha,cost,persistence_s,0.0052,0,800,2,0.001,,"{""n_landmarks"": 400}",0.1.0,2026-06-20T16:50:46+00:00,alpha
two_circles,alpha,cost,complex_size,1985.0,0,800,2,0.001,,"{""n_landmarks"": 400}",0.1.0,2026-06-20T16:50:46+00:00,alpha
two_circles,alpha,cost,fit_s,0.001,0,800,2,0.001,,"{""n_landmarks"": 400}",0.1.0,2026-06-20T16:50:46+00:00,alpha
two_circles,alpha,topology,recovery_quotient,0.247,1,800,2,0.001,,"{""n_landmarks"": 400}",0.1.0,2026-06-20T16:50:46+00:00,alpha
two_circles,alpha,topology,complex_size,1973.0,1,800,2,0.001,,"{""n_landmarks"": 400}",0.1.0,2026-06-20T16:50:46+00:00,alpha
two_circles,alpha,topology,bar_dominance_min,128.18,1,800,2,0.001,,"{""n_landmarks"": 400}",0.1.0,2026-06-20T16:50:46+00:00,alpha
two_circles,alpha,topology,bar_dominance_h0,128.18,1,800,2,0.001,,"{""n_landmarks"": 400}",0.1.0,2026-06-20T16:50:46+00:00,alpha
two_circles,alpha,topology,bar_dominance_h1,1000.0,1,800,2,0.001,,"{""n_landmarks"": 400}",0.1.0,2026-06-20T16:50:46+00:00,alpha
two_circles,alpha,cost,persistence_s,0.0051,1,800,2,0.001,,"{""n_landmarks"": 400}",0.1.0,2026-06-20T16:50:46+00:00,alpha
two_circles,alpha,cost,complex_size,1973.0,1,800,2,0.001,,"{""n_landmarks"": 400}",0.1.0,2026-06-20T16:50:46+00:00,alpha
two_circles,alpha,cost,fit_s,0.001,1,800,2,0.001,,"{""n_landmarks"": 400}",0.1.0,2026-06-20T16:50:46+00:00,alpha
two_circles,alpha,topology,recovery_quotient,0.247,2,800,2,0.001,,"{""n_landmarks"": 400}",0.1.0,2026-06-20T16:50:46+00:00,alpha
two_circles,alpha,topology,complex_size,2001.0,2,800,2,0.001,,"{""n_landmarks"": 400}",0.1.0,2026-06-20T16:50:46+00:00,alpha
two_circles,alpha,topology,bar_dominance_min,126.96,2,800,2,0.001,,"{""n_landmarks"": 400}",0.1.0,2026-06-20T16:50:46+00:00,alpha
two_circles,alpha,topology,bar_dominance_h0,126.96,2,800,2,0.001,,"{""n_landmarks"": 400}",0.1.0,2026-06-20T16:50:46+00:00,alpha
two_circles,alpha,topology,bar_dominance_h1,1000.0,2,800,2,0.001,,"{""n_landmarks"": 400}",0.1.0,2026-06-20T16:50:46+00:00,alpha
two_circles,alpha,cost,persistence_s,0.0046,2,800,2,0.001,,"{""n_landmarks"": 400}",0.1.0,2026-06-20T16:50:46+00:00,alpha
two_circles,alpha,cost,complex_size,2001.0,2,800,2,0.001,,"{""n_landmarks"": 400}",0.1.0,2026-06-20T16:50:46+00:00,alpha
two_circles,alpha,cost,fit_s,0.001,2,800,2,0.001,,"{""n_landmarks"": 400}",0.1.0,2026-06-20T16:50:46+00:00,alpha
circle,rips,topology,recovery_quotient,0.921,0,400,2,0.0,,"{""n_landmarks"": 200}",0.1.0,2026-06-20T16:50:46+00:00,rips
circle,rips,topology,complex_size,1333500.0,0,400,2,0.0,,"{""n_landmarks"": 200}",0.1.0,2026-06-20T16:50:46+00:00,rips
circle,rips,topology,bar_dominance_min,1000.0,0,400,2,0.0,,"{""n_landmarks"": 200}",0.1.0,2026-06-20T16:50:46+00:00,rips
circle,rips,topology,bar_dominance_h0,1000.0,0,400,2,0.0,,"{""n_landmarks"": 200}",0.1.0,2026-06-20T16:50:46+00:00,rips
circle,rips,topology,bar_dominance_h1,1000.0,0,400,2,0.0,,"{""n_landmarks"": 200}",0.1.0,2026-06-20T16:50:46+00:00,rips
circle,rips,cost,persistence_s,0.0461,0,400,2,0.0,,"{""n_landmarks"": 200}",0.1.0,2026-06-20T16:50:46+00:00,rips
circle,rips,cost,complex_size,1333500.0,0,400,2,0.0,,"{""n_landmarks"": 200}",0.1.0,2026-06-20T16:50:46+00:00,rips
circle,rips,cost,fit_s,0.0,0,400,2,0.0,,"{""n_landmarks"": 200}",0.1.0,2026-06-20T16:50:46+00:00,rips
circle,rips,topology,recovery_quotient,0.95,1,400,2,0.0,,"{""n_landmarks"": 200}",0.1.0,2026-06-20T16:50:46+00:00,rips
circle,rips,topology,complex_size,1333500.0,1,400,2,0.0,,"{""n_landmarks"": 200}",0.1.0,2026-06-20T16:50:46+00:00,rips
circle,rips,topology,bar_dominance_min,1000.0,1,400,2,0.0,,"{""n_landmarks"": 200}",0.1.0,2026-06-20T16:50:46+00:00,rips
circle,rips,topology,bar_dominance_h0,1000.0,1,400,2,0.0,,"{""n_landmarks"": 200}",0.1.0,2026-06-20T16:50:46+00:00,rips
circle,rips,topology,bar_dominance_h1,1000.0,1,400,2,0.0,,"{""n_landmarks"": 200}",0.1.0,2026-06-20T16:50:46+00:00,rips
circle,rips,cost,persistence_s,0.0299,1,400,2,0.0,,"{""n_landmarks"": 200}",0.1.0,2026-06-20T16:50:46+00:00,rips
circle,rips,cost,complex_size,1333500.0,1,400,2,0.0,,"{""n_landmarks"": 200}",0.1.0,2026-06-20T16:50:46+00:00,rips
circle,rips,cost,fit_s,0.0,1,400,2,0.0,,"{""n_landmarks"": 200}",0.1.0,2026-06-20T16:50:46+00:00,rips
circle,rips,topology,recovery_quotient,0.944,2,400,2,0.0,,"{""n_landmarks"": 200}",0.1.0,2026-06-20T16:50:46+00:00,rips
circle,rips,topology,complex_size,1333500.0,2,400,2,0.0,,"{""n_landmarks"": 200}",0.1.0,2026-06-20T16:50:46+00:00,rips
circle,rips,topology,bar_dominance_min,1000.0,2,400,2,0.0,,"{""n_landmarks"": 200}",0.1.0,2026-06-20T16:50:46+00:00,rips
circle,rips,topology,bar_dominance_h0,1000.0,2,400,2,0.0,,"{""n_landmarks"": 200}",0.1.0,2026-06-20T16:50:46+00:00,rips
circle,rips,topology,bar_dominance_h1,1000.0,2,400,2,0.0,,"{""n_landmarks"": 200}",0.1.0,2026-06-20T16:50:46+00:00,rips
circle,rips,cost,persistence_s,0.0341,2,400,2,0.0,,"{""n_landmarks"": 200}",0.1.0,2026-06-20T16:50:46+00:00,rips
circle,rips,cost,complex_size,1333500.0,2,400,2,0.0,,"{""n_landmarks"": 200}",0.1.0,2026-06-20T16:50:46+00:00,rips
circle,rips,cost,fit_s,0.0,2,400,2,0.0,,"{""n_landmarks"": 200}",0.1.0,2026-06-20T16:50:46+00:00,rips
sphere2,rips,topology,recovery_quotient,0.643,0,600,3,0.001,,"{""n_landmarks"": 200}",0.1.0,2026-06-20T16:50:46+00:00,rips
sphere2,rips,topology,complex_size,66018450.0,0,600,3,0.001,,"{""n_landmarks"": 200}",0.1.0,2026-06-20T16:50:46+00:00,rips
sphere2,rips,topology,bar_dominance_min,4.278,0,600,3,0.001,,"{""n_landmarks"": 200}",0.1.0,2026-06-20T16:50:46+00:00,rips
sphere2,rips,topology,bar_dominance_h0,1000.0,0,600,3,0.001,,"{""n_landmarks"": 200}",0.1.0,2026-06-20T16:50:46+00:00,rips
sphere2,rips,topology,bar_dominance_h1,4.278,0,600,3,0.001,,"{""n_landmarks"": 200}",0.1.0,2026-06-20T16:50:46+00:00,rips
sphere2,rips,topology,bar_dominance_h2,281.675,0,600,3,0.001,,"{""n_landmarks"": 200}",0.1.0,2026-06-20T16:50:46+00:00,rips
sphere2,rips,cost,persistence_s,1.0655,0,600,3,0.001,,"{""n_landmarks"": 200}",0.1.0,2026-06-20T16:50:46+00:00,rips
sphere2,rips,cost,complex_size,66018450.0,0,600,3,0.001,,"{""n_landmarks"": 200}",0.1.0,2026-06-20T16:50:46+00:00,rips
sphere2,rips,cost,fit_s,0.001,0,600,3,0.001,,"{""n_landmarks"": 200}",0.1.0,2026-06-20T16:50:46+00:00,rips
sphere2,rips,topology,recovery_quotient,0.649,1,600,3,0.001,,"{""n_landmarks"": 200}",0.1.0,2026-06-20T16:50:46+00:00,rips
sphere2,rips,topology,complex_size,66018450.0,1,600,3,0.001,,"{""n_landmarks"": 200}",0.1.0,2026-06-20T16:50:46+00:00,rips
sphere2,rips,topology,bar_dominance_min,3.93,1,600,3,0.001,,"{""n_landmarks"": 200}",0.1.0,2026-06-20T16:50:46+00:00,rips
sphere2,rips,topology,bar_dominance_h0,1000.0,1,600,3,0.001,,"{""n_landmarks"": 200}",0.1.0,2026-06-20T16:50:46+00:00,rips
sphere2,rips,topology,bar_dominance_h1,3.93,1,600,3,0.001,,"{""n_landmarks"": 200}",0.1.0,2026-06-20T16:50:46+00:00,rips
sphere2,rips,topology,bar_dominance_h2,1000.0,1,600,3,0.001,,"{""n_landmarks"": 200}",0.1.0,2026-06-20T16:50:46+00:00,rips
sphere2,rips,cost,persistence_s,0.8243,1,600,3,0.001,,"{""n_landmarks"": 200}",0.1.0,2026-06-20T16:50:46+00:00,rips
sphere2,rips,cost,complex_size,66018450.0,1,600,3,0.001,,"{""n_landmarks"": 200}",0.1.0,2026-06-20T16:50:46+00:00,rips
sphere2,rips,cost,fit_s,0.001,1,600,3,0.001,,"{""n_landmarks"": 200}",0.1.0,2026-06-20T16:50:46+00:00,rips
sphere2,rips,topology,recovery_quotient,0.671,2,600,3,0.001,,"{""n_landmarks"": 200}",0.1.0,2026-06-20T16:50:46+00:00,rips
sphere2,rips,topology,complex_size,66018450.0,2,600,3,0.001,,"{""n_landmarks"": 200}",0.1.0,2026-06-20T16:50:46+00:00,rips
sphere2,rips,topology,bar_dominance_min,4.207,2,600,3,0.001,,"{""n_landmarks"": 200}",0.1.0,2026-06-20T16:50:46+00:00,rips
sphere2,rips,topology,bar_dominance_h0,1000.0,2,600,3,0.001,,"{""n_landmarks"": 200}",0.1.0,2026-06-20T16:50:46+00:00,rips
sphere2,rips,topology,bar_dominance_h1,4.207,2,600,3,0.001,,"{""n_landmarks"": 200}",0.1.0,2026-06-20T16:50:46+00:00,rips
sphere2,rips,topology,bar_dominance_h2,1000.0,2,600,3,0.001,,"{""n_landmarks"": 200}",0.1.0,2026-06-20T16:50:46+00:00,rips
sphere2,rips,cost,persistence_s,0.817,2,600,3,0.001,,"{""n_landmarks"": 200}",0.1.0,2026-06-20T16:50:46+00:00,rips
sphere2,rips,cost,complex_size,66018450.0,2,600,3,0.001,,"{""n_landmarks"": 200}",0.1.0,2026-06-20T16:50:46+00:00,rips
sphere2,rips,cost,fit_s,0.001,2,600,3,0.001,,"{""n_landmarks"": 200}",0.1.0,2026-06-20T16:50:46+00:00,rips
torus,rips,topology,recovery_quotient,0.351,0,3000,3,0.003,,"{""n_landmarks"": 200}",0.1.0,2026-06-20T16:50:46+00:00,rips
torus,rips,topology,complex_size,66018450.0,0,3000,3,0.003,,"{""n_landmarks"": 200}",0.1.0,2026-06-20T16:50:46+00:00,rips
torus,rips,topology,bar_dominance_min,2.958,0,3000,3,0.003,,"{""n_landmarks"": 200}",0.1.0,2026-06-20T16:50:46+00:00,rips
torus,rips,topology,bar_dominance_h0,1000.0,0,3000,3,0.003,,"{""n_landmarks"": 200}",0.1.0,2026-06-20T16:50:46+00:00,rips
torus,rips,topology,bar_dominance_h1,2.958,0,3000,3,0.003,,"{""n_landmarks"": 200}",0.1.0,2026-06-20T16:50:46+00:00,rips
torus,rips,topology,bar_dominance_h2,6.451,0,3000,3,0.003,,"{""n_landmarks"": 200}",0.1.0,2026-06-20T16:50:46+00:00,rips
torus,rips,cost,persistence_s,0.1835,0,3000,3,0.003,,"{""n_landmarks"": 200}",0.1.0,2026-06-20T16:50:46+00:00,rips
torus,rips,cost,complex_size,66018450.0,0,3000,3,0.003,,"{""n_landmarks"": 200}",0.1.0,2026-06-20T16:50:46+00:00,rips
torus,rips,cost,fit_s,0.003,0,3000,3,0.003,,"{""n_landmarks"": 200}",0.1.0,2026-06-20T16:50:46+00:00,rips
torus,rips,topology,recovery_quotient,0.311,1,3000,3,0.003,,"{""n_landmarks"": 200}",0.1.0,2026-06-20T16:50:46+00:00,rips
torus,rips,topology,complex_size,66018450.0,1,3000,3,0.003,,"{""n_landmarks"": 200}",0.1.0,2026-06-20T16:50:46+00:00,rips
torus,rips,topology,bar_dominance_min,2.372,1,3000,3,0.003,,"{""n_landmarks"": 200}",0.1.0,2026-06-20T16:50:46+00:00,rips
torus,rips,topology,bar_dominance_h0,1000.0,1,3000,3,0.003,,"{""n_landmarks"": 200}",0.1.0,2026-06-20T16:50:46+00:00,rips
torus,rips,topology,bar_dominance_h1,2.372,1,3000,3,0.003,,"{""n_landmarks"": 200}",0.1.0,2026-06-20T16:50:46+00:00,rips
torus,rips,topology,bar_dominance_h2,5.348,1,3000,3,0.003,,"{""n_landmarks"": 200}",0.1.0,2026-06-20T16:50:46+00:00,rips
torus,rips,cost,persistence_s,0.1858,1,3000,3,0.003,,"{""n_landmarks"": 200}",0.1.0,2026-06-20T16:50:46+00:00,rips
torus,rips,cost,complex_size,66018450.0,1,3000,3,0.003,,"{""n_landmarks"": 200}",0.1.0,2026-06-20T16:50:46+00:00,rips
torus,rips,cost,fit_s,0.003,1,3000,3,0.003,,"{""n_landmarks"": 200}",0.1.0,2026-06-20T16:50:46+00:00,rips
torus,rips,topology,recovery_quotient,0.348,2,3000,3,0.003,,"{""n_landmarks"": 200}",0.1.0,2026-06-20T16:50:46+00:00,rips
torus,rips,topology,complex_size,66018450.0,2,3000,3,0.003,,"{""n_landmarks"": 200}",0.1.0,2026-06-20T16:50:46+00:00,rips
torus,rips,topology,bar_dominance_min,2.64,2,3000,3,0.003,,"{""n_landmarks"": 200}",0.1.0,2026-06-20T16:50:46+00:00,rips
torus,rips,topology,bar_dominance_h0,1000.0,2,3000,3,0.003,,"{""n_landmarks"": 200}",0.1.0,2026-06-20T16:50:46+00:00,rips
torus,rips,topology,bar_dominance_h1,2.64,2,3000,3,0.003,,"{""n_landmarks"": 200}",0.1.0,2026-06-20T16:50:46+00:00,rips
torus,rips,topology,bar_dominance_h2,6.08,2,3000,3,0.003,,"{""n_landmarks"": 200}",0.1.0,2026-06-20T16:50:46+00:00,rips
torus,rips,cost,persistence_s,0.178,2,3000,3,0.003,,"{""n_landmarks"": 200}",0.1.0,2026-06-20T16:50:46+00:00,rips
torus,rips,cost,complex_size,66018450.0,2,3000,3,0.003,,"{""n_landmarks"": 200}",0.1.0,2026-06-20T16:50:46+00:00,rips
torus,rips,cost,fit_s,0.003,2,3000,3,0.003,,"{""n_landmarks"": 200}",0.1.0,2026-06-20T16:50:46+00:00,rips
two_circles,rips,topology,recovery_quotient,0.491,0,800,2,0.001,,"{""n_landmarks"": 200}",0.1.0,2026-06-20T16:50:46+00:00,rips
two_circles,rips,topology,complex_size,1333500.0,0,800,2,0.001,,"{""n_landmarks"": 200}",0.1.0,2026-06-20T16:50:46+00:00,rips
two_circles,rips,topology,bar_dominance_min,7.405,0,800,2,0.001,,"{""n_landmarks"": 200}",0.1.0,2026-06-20T16:50:46+00:00,rips
two_circles,rips,topology,bar_dominance_h0,7.405,0,800,2,0.001,,"{""n_landmarks"": 200}",0.1.0,2026-06-20T16:50:46+00:00,rips
two_circles,rips,topology,bar_dominance_h1,1000.0,0,800,2,0.001,,"{""n_landmarks"": 200}",0.1.0,2026-06-20T16:50:46+00:00,rips
two_circles,rips,cost,persistence_s,0.0113,0,800,2,0.001,,"{""n_landmarks"": 200}",0.1.0,2026-06-20T16:50:46+00:00,rips
two_circles,rips,cost,complex_size,1333500.0,0,800,2,0.001,,"{""n_landmarks"": 200}",0.1.0,2026-06-20T16:50:46+00:00,rips
two_circles,rips,cost,fit_s,0.001,0,800,2,0.001,,"{""n_landmarks"": 200}",0.1.0,2026-06-20T16:50:46+00:00,rips
two_circles,rips,topology,recovery_quotient,0.509,1,800,2,0.001,,"{""n_landmarks"": 200}",0.1.0,2026-06-20T16:50:46+00:00,rips
two_circles,rips,topology,complex_size,1333500.0,1,800,2,0.001,,"{""n_landmarks"": 200}",0.1.0,2026-06-20T16:50:46+00:00,rips
two_circles,rips,topology,bar_dominance_min,9.111,1,800,2,0.001,,"{""n_landmarks"": 200}",0.1.0,2026-06-20T16:50:46+00:00,rips
two_circles,rips,topology,bar_dominance_h0,9.111,1,800,2,0.001,,"{""n_landmarks"": 200}",0.1.0,2026-06-20T16:50:46+00:00,rips
two_circles,rips,topology,bar_dominance_h1,1000.0,1,800,2,0.001,,"{""n_landmarks"": 200}",0.1.0,2026-06-20T16:50:46+00:00,rips
two_circles,rips,cost,persistence_s,0.0176,1,800,2,0.001,,"{""n_landmarks"": 200}",0.1.0,2026-06-20T16:50:46+00:00,rips
two_circles,rips,cost,complex_size,1333500.0,1,800,2,0.001,,"{""n_landmarks"": 200}",0.1.0,2026-06-20T16:50:46+00:00,rips
two_circles,rips,cost,fit_s,0.001,1,800,2,0.001,,"{""n_landmarks"": 200}",0.1.0,2026-06-20T16:50:46+00:00,rips
two_circles,rips,topology,recovery_quotient,0.51,2,800,2,0.001,,"{""n_landmarks"": 200}",0.1.0,2026-06-20T16:50:46+00:00,rips
two_circles,rips,topology,complex_size,1333500.0,2,800,2,0.001,,"{""n_landmarks"": 200}",0.1.0,2026-06-20T16:50:46+00:00,rips
two_circles,rips,topology,bar_dominance_min,8.752,2,800,2,0.001,,"{""n_landmarks"": 200}",0.1.0,2026-06-20T16:50:46+00:00,rips
two_circles,rips,topology,bar_dominance_h0,8.752,2,800,2,0.001,,"{""n_landmarks"": 200}",0.1.0,2026-06-20T16:50:46+00:00,rips
two_circles,rips,topology,bar_dominance_h1,1000.0,2,800,2,0.001,,"{""n_landmarks"": 200}",0.1.0,2026-06-20T16:50:46+00:00,rips
two_circles,rips,cost,persistence_s,0.0132,2,800,2,0.001,,"{""n_landmarks"": 200}",0.1.0,2026-06-20T16:50:46+00:00,rips
two_circles,rips,cost,complex_size,1333500.0,2,800,2,0.001,,"{""n_landmarks"": 200}",0.1.0,2026-06-20T16:50:46+00:00,rips
two_circles,rips,cost,fit_s,0.001,2,800,2,0.001,,"{""n_landmarks"": 200}",0.1.0,2026-06-20T16:50:46+00:00,rips
two_circles,shapediscover,clustering,ari,0.5906407994733017,0,800,2,0.796,15,"{""knn"": 15, ""label_mode"": ""components"", ""lite"": false, ""loss_weights"": [1, 10, 1, 10], ""n_cover"": 15, ""regularization"": 10.0, ""threshold"": 0.5}",0.1.0,2026-06-20T16:50:50+00:00,shapediscover
two_circles,shapediscover,clustering,ami,0.6670410613892835,0,800,2,0.796,15,"{""knn"": 15, ""label_mode"": ""components"", ""lite"": false, ""loss_weights"": [1, 10, 1, 10], ""n_cover"": 15, ""regularization"": 10.0, ""threshold"": 0.5}",0.1.0,2026-06-20T16:50:50+00:00,shapediscover
two_circles,shapediscover,clustering,nmi,0.6678483721397918,0,800,2,0.796,15,"{""knn"": 15, ""label_mode"": ""components"", ""lite"": false, ""loss_weights"": [1, 10, 1, 10], ""n_cover"": 15, ""regularization"": 10.0, ""threshold"": 0.5}",0.1.0,2026-06-20T16:50:50+00:00,shapediscover
two_circles,shapediscover,clustering,homogeneity,0.9999999999999993,0,800,2,0.796,15,"{""knn"": 15, ""label_mode"": ""components"", ""lite"": false, ""loss_weights"": [1, 10, 1, 10], ""n_cover"": 15, ""regularization"": 10.0, ""threshold"": 0.5}",0.1.0,2026-06-20T16:50:50+00:00,shapediscover
two_circles,shapediscover,clustering,completeness,0.5013305979384156,0,800,2,0.796,15,"{""knn"": 15, ""label_mode"": ""components"", ""lite"": false, ""loss_weights"": [1, 10, 1, 10], ""n_cover"": 15, ""regularization"": 10.0, ""threshold"": 0.5}",0.1.0,2026-06-20T16:50:50+00:00,shapediscover
two_circles,shapediscover,clustering,n_clusters_pred,5.0,0,800,2,0.796,15,"{""knn"": 15, ""label_mode"": ""components"", ""lite"": false, ""loss_weights"": [1, 10, 1, 10], ""n_cover"": 15, ""regularization"": 10.0, ""threshold"": 0.5}",0.1.0,2026-06-20T16:50:50+00:00,shapediscover
two_circles,shapediscover,clustering,n_clusters_true,2.0,0,800,2,0.796,15,"{""knn"": 15, ""label_mode"": ""components"", ""lite"": false, ""loss_weights"": [1, 10, 1, 10], ""n_cover"": 15, ""regularization"": 10.0, ""threshold"": 0.5}",0.1.0,2026-06-20T16:50:50+00:00,shapediscover
two_circles,shapediscover,cost,clustering_s,0.0034,0,800,2,0.796,15,"{""knn"": 15, ""label_mode"": ""components"", ""lite"": false, ""loss_weights"": [1, 10, 1, 10], ""n_cover"": 15, ""regularization"": 10.0, ""threshold"": 0.5}",0.1.0,2026-06-20T16:50:50+00:00,shapediscover
two_circles,shapediscover,cost,fit_s,0.796,0,800,2,0.796,15,"{""knn"": 15, ""label_mode"": ""components"", ""lite"": false, ""loss_weights"": [1, 10, 1, 10], ""n_cover"": 15, ""regularization"": 10.0, ""threshold"": 0.5}",0.1.0,2026-06-20T16:50:50+00:00,shapediscover
two_circles,shapediscover,clustering,ari,0.7564272661446817,1,800,2,0.646,15,"{""knn"": 15, ""label_mode"": ""components"", ""lite"": false, ""loss_weights"": [1, 10, 1, 10], ""n_cover"": 15, ""regularization"": 10.0, ""threshold"": 0.5}",0.1.0,2026-06-20T16:50:50+00:00,shapediscover
two_circles,shapediscover,clustering,ami,0.8028827757586755,1,800,2,0.646,15,"{""knn"": 15, ""label_mode"": ""components"", ""lite"": false, ""loss_weights"": [1, 10, 1, 10], ""n_cover"": 15, ""regularization"": 10.0, ""threshold"": 0.5}",0.1.0,2026-06-20T16:50:50+00:00,shapediscover
two_circles,shapediscover,clustering,nmi,0.8031691095892768,1,800,2,0.646,15,"{""knn"": 15, ""label_mode"": ""components"", ""lite"": false, ""loss_weights"": [1, 10, 1, 10], ""n_cover"": 15, ""regularization"": 10.0, ""threshold"": 0.5}",0.1.0,2026-06-20T16:50:50+00:00,shapediscover
two_circles,shapediscover,clustering,homogeneity,1.0,1,800,2,0.646,15,"{""knn"": 15, ""label_mode"": ""components"", ""lite"": false, ""loss_weights"": [1, 10, 1, 10], ""n_cover"": 15, ""regularization"": 10.0, ""threshold"": 0.5}",0.1.0,2026-06-20T16:50:50+00:00,shapediscover
two_circles,shapediscover,clustering,completeness,0.6710798626810581,1,800,2,0.646,15,"{""knn"": 15, ""label_mode"": ""components"", ""lite"": false, ""loss_weights"": [1, 10, 1, 10], ""n_cover"": 15, ""regularization"": 10.0, ""threshold"": 0.5}",0.1.0,2026-06-20T16:50:50+00:00,shapediscover
two_circles,shapediscover,clustering,n_clusters_pred,3.0,1,800,2,0.646,15,"{""knn"": 15, ""label_mode"": ""components"", ""lite"": false, ""loss_weights"": [1, 10, 1, 10], ""n_cover"": 15, ""regularization"": 10.0, ""threshold"": 0.5}",0.1.0,2026-06-20T16:50:50+00:00,shapediscover
two_circles,shapediscover,clustering,n_clusters_true,2.0,1,800,2,0.646,15,"{""knn"": 15, ""label_mode"": ""components"", ""lite"": false, ""loss_weights"": [1, 10, 1, 10], ""n_cover"": 15, ""regularization"": 10.0, ""threshold"": 0.5}",0.1.0,2026-06-20T16:50:50+00:00,shapediscover
two_circles,shapediscover,cost,clustering_s,0.0018,1,800,2,0.646,15,"{""knn"": 15, ""label_mode"": ""components"", ""lite"": false, ""loss_weights"": [1, 10, 1, 10], ""n_cover"": 15, ""regularization"": 10.0, ""threshold"": 0.5}",0.1.0,2026-06-20T16:50:50+00:00,shapediscover
two_circles,shapediscover,cost,fit_s,0.646,1,800,2,0.646,15,"{""knn"": 15, ""label_mode"": ""components"", ""lite"": false, ""loss_weights"": [1, 10, 1, 10], ""n_cover"": 15, ""regularization"": 10.0, ""threshold"": 0.5}",0.1.0,2026-06-20T16:50:50+00:00,shapediscover
two_circles,shapediscover,clustering,ari,1.0,2,800,2,0.674,15,"{""knn"": 15, ""label_mode"": ""components"", ""lite"": false, ""loss_weights"": [1, 10, 1, 10], ""n_cover"": 15, ""regularization"": 10.0, ""threshold"": 0.5}",0.1.0,2026-06-20T16:50:50+00:00,shapediscover
two_circles,shapediscover,clustering,ami,1.0,2,800,2,0.674,15,"{""knn"": 15, ""label_mode"": ""components"", ""lite"": false, ""loss_weights"": [1, 10, 1, 10], ""n_cover"": 15, ""regularization"": 10.0, ""threshold"": 0.5}",0.1.0,2026-06-20T16:50:50+00:00,shapediscover
two_circles,shapediscover,clustering,nmi,1.0,2,800,2,0.674,15,"{""knn"": 15, ""label_mode"": ""components"", ""lite"": false, ""loss_weights"": [1, 10, 1, 10], ""n_cover"": 15, ""regularization"": 10.0, ""threshold"": 0.5}",0.1.0,2026-06-20T16:50:50+00:00,shapediscover
two_circles,shapediscover,clustering,homogeneity,1.0,2,800,2,0.674,15,"{""knn"": 15, ""label_mode"": ""components"", ""lite"": false, ""loss_weights"": [1, 10, 1, 10], ""n_cover"": 15, ""regularization"": 10.0, ""threshold"": 0.5}",0.1.0,2026-06-20T16:50:50+00:00,shapediscover
two_circles,shapediscover,clustering,completeness,1.0,2,800,2,0.674,15,"{""knn"": 15, ""label_mode"": ""components"", ""lite"": false, ""loss_weights"": [1, 10, 1, 10], ""n_cover"": 15, ""regularization"": 10.0, ""threshold"": 0.5}",0.1.0,2026-06-20T16:50:50+00:00,shapediscover
two_circles,shapediscover,clustering,n_clusters_pred,2.0,2,800,2,0.674,15,"{""knn"": 15, ""label_mode"": ""components"", ""lite"": false, ""loss_weights"": [1, 10, 1, 10], ""n_cover"": 15, ""regularization"": 10.0, ""threshold"": 0.5}",0.1.0,2026-06-20T16:50:50+00:00,shapediscover
two_circles,shapediscover,clustering,n_clusters_true,2.0,2,800,2,0.674,15,"{""knn"": 15, ""label_mode"": ""components"", ""lite"": false, ""loss_weights"": [1, 10, 1, 10], ""n_cover"": 15, ""regularization"": 10.0, ""threshold"": 0.5}",0.1.0,2026-06-20T16:50:50+00:00,shapediscover
two_circles,shapediscover,cost,clustering_s,0.0007,2,800,2,0.674,15,"{""knn"": 15, ""label_mode"": ""components"", ""lite"": false, ""loss_weights"": [1, 10, 1, 10], ""n_cover"": 15, ""regularization"": 10.0, ""threshold"": 0.5}",0.1.0,2026-06-20T16:50:50+00:00,shapediscover
two_circles,shapediscover,cost,fit_s,0.674,2,800,2,0.674,15,"{""knn"": 15, ""label_mode"": ""components"", ""lite"": false, ""loss_weights"": [1, 10, 1, 10], ""n_cover"": 15, ""regularization"": 10.0, ""threshold"": 0.5}",0.1.0,2026-06-20T16:50:50+00:00,shapediscover
blobs,shapediscover,clustering,ari,1.0,0,900,10,1.439,5,"{""knn"": 15, ""label_mode"": ""components"", ""lite"": false, ""loss_weights"": [1, 10, 1, 10], ""n_cover"": 15, ""regularization"": 10.0, ""threshold"": 0.5}",0.1.0,2026-06-20T16:50:50+00:00,shapediscover
blobs,shapediscover,clustering,ami,1.0,0,900,10,1.439,5,"{""knn"": 15, ""label_mode"": ""components"", ""lite"": false, ""loss_weights"": [1, 10, 1, 10], ""n_cover"": 15, ""regularization"": 10.0, ""threshold"": 0.5}",0.1.0,2026-06-20T16:50:50+00:00,shapediscover
blobs,shapediscover,clustering,nmi,1.0,0,900,10,1.439,5,"{""knn"": 15, ""label_mode"": ""components"", ""lite"": false, ""loss_weights"": [1, 10, 1, 10], ""n_cover"": 15, ""regularization"": 10.0, ""threshold"": 0.5}",0.1.0,2026-06-20T16:50:50+00:00,shapediscover
blobs,shapediscover,clustering,homogeneity,1.0,0,900,10,1.439,5,"{""knn"": 15, ""label_mode"": ""components"", ""lite"": false, ""loss_weights"": [1, 10, 1, 10], ""n_cover"": 15, ""regularization"": 10.0, ""threshold"": 0.5}",0.1.0,2026-06-20T16:50:50+00:00,shapediscover
blobs,shapediscover,clustering,completeness,1.0,0,900,10,1.439,5,"{""knn"": 15, ""label_mode"": ""components"", ""lite"": false, ""loss_weights"": [1, 10, 1, 10], ""n_cover"": 15, ""regularization"": 10.0, ""threshold"": 0.5}",0.1.0,2026-06-20T16:50:50+00:00,shapediscover
blobs,shapediscover,clustering,n_clusters_pred,5.0,0,900,10,1.439,5,"{""knn"": 15, ""label_mode"": ""components"", ""lite"": false, ""loss_weights"": [1, 10, 1, 10], ""n_cover"": 15, ""regularization"": 10.0, ""threshold"": 0.5}",0.1.0,2026-06-20T16:50:50+00:00,shapediscover
blobs,shapediscover,clustering,n_clusters_true,5.0,0,900,10,1.439,5,"{""knn"": 15, ""label_mode"": ""components"", ""lite"": false, ""loss_weights"": [1, 10, 1, 10], ""n_cover"": 15, ""regularization"": 10.0, ""threshold"": 0.5}",0.1.0,2026-06-20T16:50:50+00:00,shapediscover
blobs,shapediscover,cost,clustering_s,0.0003,0,900,10,1.439,5,"{""knn"": 15, ""label_mode"": ""components"", ""lite"": false, ""loss_weights"": [1, 10, 1, 10], ""n_cover"": 15, ""regularization"": 10.0, ""threshold"": 0.5}",0.1.0,2026-06-20T16:50:50+00:00,shapediscover
blobs,shapediscover,cost,fit_s,1.439,0,900,10,1.439,5,"{""knn"": 15, ""label_mode"": ""components"", ""lite"": false, ""loss_weights"": [1, 10, 1, 10], ""n_cover"": 15, ""regularization"": 10.0, ""threshold"": 0.5}",0.1.0,2026-06-20T16:50:50+00:00,shapediscover
blobs,shapediscover,clustering,ari,1.0,1,900,10,1.374,5,"{""knn"": 15, ""label_mode"": ""components"", ""lite"": false, ""loss_weights"": [1, 10, 1, 10], ""n_cover"": 15, ""regularization"": 10.0, ""threshold"": 0.5}",0.1.0,2026-06-20T16:50:50+00:00,shapediscover
blobs,shapediscover,clustering,ami,1.0,1,900,10,1.374,5,"{""knn"": 15, ""label_mode"": ""components"", ""lite"": false, ""loss_weights"": [1, 10, 1, 10], ""n_cover"": 15, ""regularization"": 10.0, ""threshold"": 0.5}",0.1.0,2026-06-20T16:50:50+00:00,shapediscover
blobs,shapediscover,clustering,nmi,1.0,1,900,10,1.374,5,"{""knn"": 15, ""label_mode"": ""components"", ""lite"": false, ""loss_weights"": [1, 10, 1, 10], ""n_cover"": 15, ""regularization"": 10.0, ""threshold"": 0.5}",0.1.0,2026-06-20T16:50:50+00:00,shapediscover
blobs,shapediscover,clustering,homogeneity,1.0,1,900,10,1.374,5,"{""knn"": 15, ""label_mode"": ""components"", ""lite"": false, ""loss_weights"": [1, 10, 1, 10], ""n_cover"": 15, ""regularization"": 10.0, ""threshold"": 0.5}",0.1.0,2026-06-20T16:50:50+00:00,shapediscover
blobs,shapediscover,clustering,completeness,1.0,1,900,10,1.374,5,"{""knn"": 15, ""label_mode"": ""components"", ""lite"": false, ""loss_weights"": [1, 10, 1, 10], ""n_cover"": 15, ""regularization"": 10.0, ""threshold"": 0.5}",0.1.0,2026-06-20T16:50:50+00:00,shapediscover
blobs,shapediscover,clustering,n_clusters_pred,5.0,1,900,10,1.374,5,"{""knn"": 15, ""label_mode"": ""components"", ""lite"": false, ""loss_weights"": [1, 10, 1, 10], ""n_cover"": 15, ""regularization"": 10.0, ""threshold"": 0.5}",0.1.0,2026-06-20T16:50:50+00:00,shapediscover
blobs,shapediscover,clustering,n_clusters_true,5.0,1,900,10,1.374,5,"{""knn"": 15, ""label_mode"": ""components"", ""lite"": false, ""loss_weights"": [1, 10, 1, 10], ""n_cover"": 15, ""regularization"": 10.0, ""threshold"": 0.5}",0.1.0,2026-06-20T16:50:50+00:00,shapediscover
blobs,shapediscover,cost,clustering_s,0.0003,1,900,10,1.374,5,"{""knn"": 15, ""label_mode"": ""components"", ""lite"": false, ""loss_weights"": [1, 10, 1, 10], ""n_cover"": 15, ""regularization"": 10.0, ""threshold"": 0.5}",0.1.0,2026-06-20T16:50:50+00:00,shapediscover
blobs,shapediscover,cost,fit_s,1.374,1,900,10,1.374,5,"{""knn"": 15, ""label_mode"": ""components"", ""lite"": false, ""loss_weights"": [1, 10, 1, 10], ""n_cover"": 15, ""regularization"": 10.0, ""threshold"": 0.5}",0.1.0,2026-06-20T16:50:50+00:00,shapediscover
blobs,shapediscover,clustering,ari,1.0,2,900,10,1.36,5,"{""knn"": 15, ""label_mode"": ""components"", ""lite"": false, ""loss_weights"": [1, 10, 1, 10], ""n_cover"": 15, ""regularization"": 10.0, ""threshold"": 0.5}",0.1.0,2026-06-20T16:50:50+00:00,shapediscover
blobs,shapediscover,clustering,ami,1.0,2,900,10,1.36,5,"{""knn"": 15, ""label_mode"": ""components"", ""lite"": false, ""loss_weights"": [1, 10, 1, 10], ""n_cover"": 15, ""regularization"": 10.0, ""threshold"": 0.5}",0.1.0,2026-06-20T16:50:50+00:00,shapediscover
blobs,shapediscover,clustering,nmi,1.0,2,900,10,1.36,5,"{""knn"": 15, ""label_mode"": ""components"", ""lite"": false, ""loss_weights"": [1, 10, 1, 10], ""n_cover"": 15, ""regularization"": 10.0, ""threshold"": 0.5}",0.1.0,2026-06-20T16:50:50+00:00,shapediscover
blobs,shapediscover,clustering,homogeneity,1.0,2,900,10,1.36,5,"{""knn"": 15, ""label_mode"": ""components"", ""lite"": false, ""loss_weights"": [1, 10, 1, 10], ""n_cover"": 15, ""regularization"": 10.0, ""threshold"": 0.5}",0.1.0,2026-06-20T16:50:50+00:00,shapediscover
blobs,shapediscover,clustering,completeness,1.0,2,900,10,1.36,5,"{""knn"": 15, ""label_mode"": ""components"", ""lite"": false, ""loss_weights"": [1, 10, 1, 10], ""n_cover"": 15, ""regularization"": 10.0, ""threshold"": 0.5}",0.1.0,2026-06-20T16:50:50+00:00,shapediscover
blobs,shapediscover,clustering,n_clusters_pred,5.0,2,900,10,1.36,5,"{""knn"": 15, ""label_mode"": ""components"", ""lite"": false, ""loss_weights"": [1, 10, 1, 10], ""n_cover"": 15, ""regularization"": 10.0, ""threshold"": 0.5}",0.1.0,2026-06-20T16:50:50+00:00,shapediscover
blobs,shapediscover,clustering,n_clusters_true,5.0,2,900,10,1.36,5,"{""knn"": 15, ""label_mode"": ""components"", ""lite"": false, ""loss_weights"": [1, 10, 1, 10], ""n_cover"": 15, ""regularization"": 10.0, ""threshold"": 0.5}",0.1.0,2026-06-20T16:50:50+00:00,shapediscover
blobs,shapediscover,cost,clustering_s,0.0003,2,900,10,1.36,5,"{""knn"": 15, ""label_mode"": ""components"", ""lite"": false, ""loss_weights"": [1, 10, 1, 10], ""n_cover"": 15, ""regularization"": 10.0, ""threshold"": 0.5}",0.1.0,2026-06-20T16:50:50+00:00,shapediscover
blobs,shapediscover,cost,fit_s,1.36,2,900,10,1.36,5,"{""knn"": 15, ""label_mode"": ""components"", ""lite"": false, ""loss_weights"": [1, 10, 1, 10], ""n_cover"": 15, ""regularization"": 10.0, ""threshold"": 0.5}",0.1.0,2026-06-20T16:50:50+00:00,shapediscover
moons,shapediscover,clustering,ari,1.0,0,800,2,1.54,12,"{""knn"": 15, ""label_mode"": ""components"", ""lite"": false, ""loss_weights"": [1, 10, 1, 10], ""n_cover"": 15, ""regularization"": 10.0, ""threshold"": 0.5}",0.1.0,2026-06-20T16:50:50+00:00,shapediscover
moons,shapediscover,clustering,ami,1.0,0,800,2,1.54,12,"{""knn"": 15, ""label_mode"": ""components"", ""lite"": false, ""loss_weights"": [1, 10, 1, 10], ""n_cover"": 15, ""regularization"": 10.0, ""threshold"": 0.5}",0.1.0,2026-06-20T16:50:50+00:00,shapediscover
moons,shapediscover,clustering,nmi,1.0,0,800,2,1.54,12,"{""knn"": 15, ""label_mode"": ""components"", ""lite"": false, ""loss_weights"": [1, 10, 1, 10], ""n_cover"": 15, ""regularization"": 10.0, ""threshold"": 0.5}",0.1.0,2026-06-20T16:50:50+00:00,shapediscover
moons,shapediscover,clustering,homogeneity,1.0,0,800,2,1.54,12,"{""knn"": 15, ""label_mode"": ""components"", ""lite"": false, ""loss_weights"": [1, 10, 1, 10], ""n_cover"": 15, ""regularization"": 10.0, ""threshold"": 0.5}",0.1.0,2026-06-20T16:50:50+00:00,shapediscover
moons,shapediscover,clustering,completeness,1.0,0,800,2,1.54,12,"{""knn"": 15, ""label_mode"": ""components"", ""lite"": false, ""loss_weights"": [1, 10, 1, 10], ""n_cover"": 15, ""regularization"": 10.0, ""threshold"": 0.5}",0.1.0,2026-06-20T16:50:50+00:00,shapediscover
moons,shapediscover,clustering,n_clusters_pred,2.0,0,800,2,1.54,12,"{""knn"": 15, ""label_mode"": ""components"", ""lite"": false, ""loss_weights"": [1, 10, 1, 10], ""n_cover"": 15, ""regularization"": 10.0, ""threshold"": 0.5}",0.1.0,2026-06-20T16:50:50+00:00,shapediscover
moons,shapediscover,clustering,n_clusters_true,2.0,0,800,2,1.54,12,"{""knn"": 15, ""label_mode"": ""components"", ""lite"": false, ""loss_weights"": [1, 10, 1, 10], ""n_cover"": 15, ""regularization"": 10.0, ""threshold"": 0.5}",0.1.0,2026-06-20T16:50:50+00:00,shapediscover
moons,shapediscover,cost,clustering_s,0.0006,0,800,2,1.54,12,"{""knn"": 15, ""label_mode"": ""components"", ""lite"": false, ""loss_weights"": [1, 10, 1, 10], ""n_cover"": 15, ""regularization"": 10.0, ""threshold"": 0.5}",0.1.0,2026-06-20T16:50:50+00:00,shapediscover
moons,shapediscover,cost,fit_s,1.54,0,800,2,1.54,12,"{""knn"": 15, ""label_mode"": ""components"", ""lite"": false, ""loss_weights"": [1, 10, 1, 10], ""n_cover"": 15, ""regularization"": 10.0, ""threshold"": 0.5}",0.1.0,2026-06-20T16:50:50+00:00,shapediscover
moons,shapediscover,clustering,ari,1.0,1,800,2,1.583,12,"{""knn"": 15, ""label_mode"": ""components"", ""lite"": false, ""loss_weights"": [1, 10, 1, 10], ""n_cover"": 15, ""regularization"": 10.0, ""threshold"": 0.5}",0.1.0,2026-06-20T16:50:50+00:00,shapediscover
moons,shapediscover,clustering,ami,1.0,1,800,2,1.583,12,"{""knn"": 15, ""label_mode"": ""components"", ""lite"": false, ""loss_weights"": [1, 10, 1, 10], ""n_cover"": 15, ""regularization"": 10.0, ""threshold"": 0.5}",0.1.0,2026-06-20T16:50:50+00:00,shapediscover
moons,shapediscover,clustering,nmi,1.0,1,800,2,1.583,12,"{""knn"": 15, ""label_mode"": ""components"", ""lite"": false, ""loss_weights"": [1, 10, 1, 10], ""n_cover"": 15, ""regularization"": 10.0, ""threshold"": 0.5}",0.1.0,2026-06-20T16:50:50+00:00,shapediscover
moons,shapediscover,clustering,homogeneity,1.0,1,800,2,1.583,12,"{""knn"": 15, ""label_mode"": ""components"", ""lite"": false, ""loss_weights"": [1, 10, 1, 10], ""n_cover"": 15, ""regularization"": 10.0, ""threshold"": 0.5}",0.1.0,2026-06-20T16:50:50+00:00,shapediscover
moons,shapediscover,clustering,completeness,1.0,1,800,2,1.583,12,"{""knn"": 15, ""label_mode"": ""components"", ""lite"": false, ""loss_weights"": [1, 10, 1, 10], ""n_cover"": 15, ""regularization"": 10.0, ""threshold"": 0.5}",0.1.0,2026-06-20T16:50:50+00:00,shapediscover
moons,shapediscover,clustering,n_clusters_pred,2.0,1,800,2,1.583,12,"{""knn"": 15, ""label_mode"": ""components"", ""lite"": false, ""loss_weights"": [1, 10, 1, 10], ""n_cover"": 15, ""regularization"": 10.0, ""threshold"": 0.5}",0.1.0,2026-06-20T16:50:50+00:00,shapediscover
moons,shapediscover,clustering,n_clusters_true,2.0,1,800,2,1.583,12,"{""knn"": 15, ""label_mode"": ""components"", ""lite"": false, ""loss_weights"": [1, 10, 1, 10], ""n_cover"": 15, ""regularization"": 10.0, ""threshold"": 0.5}",0.1.0,2026-06-20T16:50:50+00:00,shapediscover
moons,shapediscover,cost,clustering_s,0.0005,1,800,2,1.583,12,"{""knn"": 15, ""label_mode"": ""components"", ""lite"": false, ""loss_weights"": [1, 10, 1, 10], ""n_cover"": 15, ""regularization"": 10.0, ""threshold"": 0.5}",0.1.0,2026-06-20T16:50:50+00:00,shapediscover
moons,shapediscover,cost,fit_s,1.583,1,800,2,1.583,12,"{""knn"": 15, ""label_mode"": ""components"", ""lite"": false, ""loss_weights"": [1, 10, 1, 10], ""n_cover"": 15, ""regularization"": 10.0, ""threshold"": 0.5}",0.1.0,2026-06-20T16:50:50+00:00,shapediscover
moons,shapediscover,clustering,ari,1.0,2,800,2,1.593,13,"{""knn"": 15, ""label_mode"": ""components"", ""lite"": false, ""loss_weights"": [1, 10, 1, 10], ""n_cover"": 15, ""regularization"": 10.0, ""threshold"": 0.5}",0.1.0,2026-06-20T16:50:50+00:00,shapediscover
moons,shapediscover,clustering,ami,1.0,2,800,2,1.593,13,"{""knn"": 15, ""label_mode"": ""components"", ""lite"": false, ""loss_weights"": [1, 10, 1, 10], ""n_cover"": 15, ""regularization"": 10.0, ""threshold"": 0.5}",0.1.0,2026-06-20T16:50:50+00:00,shapediscover
moons,shapediscover,clustering,nmi,1.0,2,800,2,1.593,13,"{""knn"": 15, ""label_mode"": ""components"", ""lite"": false, ""loss_weights"": [1, 10, 1, 10], ""n_cover"": 15, ""regularization"": 10.0, ""threshold"": 0.5}",0.1.0,2026-06-20T16:50:50+00:00,shapediscover
moons,shapediscover,clustering,homogeneity,1.0,2,800,2,1.593,13,"{""knn"": 15, ""label_mode"": ""components"", ""lite"": false, ""loss_weights"": [1, 10, 1, 10], ""n_cover"": 15, ""regularization"": 10.0, ""threshold"": 0.5}",0.1.0,2026-06-20T16:50:50+00:00,shapediscover
moons,shapediscover,clustering,completeness,1.0,2,800,2,1.593,13,"{""knn"": 15, ""label_mode"": ""components"", ""lite"": false, ""loss_weights"": [1, 10, 1, 10], ""n_cover"": 15, ""regularization"": 10.0, ""threshold"": 0.5}",0.1.0,2026-06-20T16:50:50+00:00,shapediscover
moons,shapediscover,clustering,n_clusters_pred,2.0,2,800,2,1.593,13,"{""knn"": 15, ""label_mode"": ""components"", ""lite"": false, ""loss_weights"": [1, 10, 1, 10], ""n_cover"": 15, ""regularization"": 10.0, ""threshold"": 0.5}",0.1.0,2026-06-20T16:50:50+00:00,shapediscover
moons,shapediscover,clustering,n_clusters_true,2.0,2,800,2,1.593,13,"{""knn"": 15, ""label_mode"": ""components"", ""lite"": false, ""loss_weights"": [1, 10, 1, 10], ""n_cover"": 15, ""regularization"": 10.0, ""threshold"": 0.5}",0.1.0,2026-06-20T16:50:50+00:00,shapediscover
moons,shapediscover,cost,clustering_s,0.0006,2,800,2,1.593,13,"{""knn"": 15, ""label_mode"": ""components"", ""lite"": false, ""loss_weights"": [1, 10, 1, 10], ""n_cover"": 15, ""regularization"": 10.0, ""threshold"": 0.5}",0.1.0,2026-06-20T16:50:50+00:00,shapediscover
moons,shapediscover,cost,fit_s,1.593,2,800,2,1.593,13,"{""knn"": 15, ""label_mode"": ""components"", ""lite"": false, ""loss_weights"": [1, 10, 1, 10], ""n_cover"": 15, ""regularization"": 10.0, ""threshold"": 0.5}",0.1.0,2026-06-20T16:50:50+00:00,shapediscover
nested_circles,shapediscover,clustering,ari,1.0,0,800,2,1.603,15,"{""knn"": 15, ""label_mode"": ""components"", ""lite"": false, ""loss_weights"": [1, 10, 1, 10], ""n_cover"": 15, ""regularization"": 10.0, ""threshold"": 0.5}",0.1.0,2026-06-20T16:50:50+00:00,shapediscover
nested_circles,shapediscover,clustering,ami,1.0,0,800,2,1.603,15,"{""knn"": 15, ""label_mode"": ""components"", ""lite"": false, ""loss_weights"": [1, 10, 1, 10], ""n_cover"": 15, ""regularization"": 10.0, ""threshold"": 0.5}",0.1.0,2026-06-20T16:50:50+00:00,shapediscover
nested_circles,shapediscover,clustering,nmi,1.0,0,800,2,1.603,15,"{""knn"": 15, ""label_mode"": ""components"", ""lite"": false, ""loss_weights"": [1, 10, 1, 10], ""n_cover"": 15, ""regularization"": 10.0, ""threshold"": 0.5}",0.1.0,2026-06-20T16:50:50+00:00,shapediscover
nested_circles,shapediscover,clustering,homogeneity,1.0,0,800,2,1.603,15,"{""knn"": 15, ""label_mode"": ""components"", ""lite"": false, ""loss_weights"": [1, 10, 1, 10], ""n_cover"": 15, ""regularization"": 10.0, ""threshold"": 0.5}",0.1.0,2026-06-20T16:50:50+00:00,shapediscover
nested_circles,shapediscover,clustering,completeness,1.0,0,800,2,1.603,15,"{""knn"": 15, ""label_mode"": ""components"", ""lite"": false, ""loss_weights"": [1, 10, 1, 10], ""n_cover"": 15, ""regularization"": 10.0, ""threshold"": 0.5}",0.1.0,2026-06-20T16:50:50+00:00,shapediscover
nested_circles,shapediscover,clustering,n_clusters_pred,2.0,0,800,2,1.603,15,"{""knn"": 15, ""label_mode"": ""components"", ""lite"": false, ""loss_weights"": [1, 10, 1, 10], ""n_cover"": 15, ""regularization"": 10.0, ""threshold"": 0.5}",0.1.0,2026-06-20T16:50:50+00:00,shapediscover
nested_circles,shapediscover,clustering,n_clusters_true,2.0,0,800,2,1.603,15,"{""knn"": 15, ""label_mode"": ""components"", ""lite"": false, ""loss_weights"": [1, 10, 1, 10], ""n_cover"": 15, ""regularization"": 10.0, ""threshold"": 0.5}",0.1.0,2026-06-20T16:50:50+00:00,shapediscover
nested_circles,shapediscover,cost,clustering_s,0.0007,0,800,2,1.603,15,"{""knn"": 15, ""label_mode"": ""components"", ""lite"": false, ""loss_weights"": [1, 10, 1, 10], ""n_cover"": 15, ""regularization"": 10.0, ""threshold"": 0.5}",0.1.0,2026-06-20T16:50:50+00:00,shapediscover
nested_circles,shapediscover,cost,fit_s,1.603,0,800,2,1.603,15,"{""knn"": 15, ""label_mode"": ""components"", ""lite"": false, ""loss_weights"": [1, 10, 1, 10], ""n_cover"": 15, ""regularization"": 10.0, ""threshold"": 0.5}",0.1.0,2026-06-20T16:50:50+00:00,shapediscover
nested_circles,shapediscover,clustering,ari,1.0,1,800,2,1.568,15,"{""knn"": 15, ""label_mode"": ""components"", ""lite"": false, ""loss_weights"": [1, 10, 1, 10], ""n_cover"": 15, ""regularization"": 10.0, ""threshold"": 0.5}",0.1.0,2026-06-20T16:50:50+00:00,shapediscover
nested_circles,shapediscover,clustering,ami,1.0,1,800,2,1.568,15,"{""knn"": 15, ""label_mode"": ""components"", ""lite"": false, ""loss_weights"": [1, 10, 1, 10], ""n_cover"": 15, ""regularization"": 10.0, ""threshold"": 0.5}",0.1.0,2026-06-20T16:50:50+00:00,shapediscover
nested_circles,shapediscover,clustering,nmi,1.0,1,800,2,1.568,15,"{""knn"": 15, ""label_mode"": ""components"", ""lite"": false, ""loss_weights"": [1, 10, 1, 10], ""n_cover"": 15, ""regularization"": 10.0, ""threshold"": 0.5}",0.1.0,2026-06-20T16:50:50+00:00,shapediscover
nested_circles,shapediscover,clustering,homogeneity,1.0,1,800,2,1.568,15,"{""knn"": 15, ""label_mode"": ""components"", ""lite"": false, ""loss_weights"": [1, 10, 1, 10], ""n_cover"": 15, ""regularization"": 10.0, ""threshold"": 0.5}",0.1.0,2026-06-20T16:50:50+00:00,shapediscover
nested_circles,shapediscover,clustering,completeness,1.0,1,800,2,1.568,15,"{""knn"": 15, ""label_mode"": ""components"", ""lite"": false, ""loss_weights"": [1, 10, 1, 10], ""n_cover"": 15, ""regularization"": 10.0, ""threshold"": 0.5}",0.1.0,2026-06-20T16:50:50+00:00,shapediscover
nested_circles,shapediscover,clustering,n_clusters_pred,2.0,1,800,2,1.568,15,"{""knn"": 15, ""label_mode"": ""components"", ""lite"": false, ""loss_weights"": [1, 10, 1, 10], ""n_cover"": 15, ""regularization"": 10.0, ""threshold"": 0.5}",0.1.0,2026-06-20T16:50:50+00:00,shapediscover
nested_circles,shapediscover,clustering,n_clusters_true,2.0,1,800,2,1.568,15,"{""knn"": 15, ""label_mode"": ""components"", ""lite"": false, ""loss_weights"": [1, 10, 1, 10], ""n_cover"": 15, ""regularization"": 10.0, ""threshold"": 0.5}",0.1.0,2026-06-20T16:50:50+00:00,shapediscover
nested_circles,shapediscover,cost,clustering_s,0.0007,1,800,2,1.568,15,"{""knn"": 15, ""label_mode"": ""components"", ""lite"": false, ""loss_weights"": [1, 10, 1, 10], ""n_cover"": 15, ""regularization"": 10.0, ""threshold"": 0.5}",0.1.0,2026-06-20T16:50:50+00:00,shapediscover
nested_circles,shapediscover,cost,fit_s,1.568,1,800,2,1.568,15,"{""knn"": 15, ""label_mode"": ""components"", ""lite"": false, ""loss_weights"": [1, 10, 1, 10], ""n_cover"": 15, ""regularization"": 10.0, ""threshold"": 0.5}",0.1.0,2026-06-20T16:50:50+00:00,shapediscover
nested_circles,shapediscover,clustering,ari,1.0,2,800,2,0.791,15,"{""knn"": 15, ""label_mode"": ""components"", ""lite"": false, ""loss_weights"": [1, 10, 1, 10], ""n_cover"": 15, ""regularization"": 10.0, ""threshold"": 0.5}",0.1.0,2026-06-20T16:50:50+00:00,shapediscover
nested_circles,shapediscover,clustering,ami,1.0,2,800,2,0.791,15,"{""knn"": 15, ""label_mode"": ""components"", ""lite"": false, ""loss_weights"": [1, 10, 1, 10], ""n_cover"": 15, ""regularization"": 10.0, ""threshold"": 0.5}",0.1.0,2026-06-20T16:50:50+00:00,shapediscover
nested_circles,shapediscover,clustering,nmi,1.0,2,800,2,0.791,15,"{""knn"": 15, ""label_mode"": ""components"", ""lite"": false, ""loss_weights"": [1, 10, 1, 10], ""n_cover"": 15, ""regularization"": 10.0, ""threshold"": 0.5}",0.1.0,2026-06-20T16:50:50+00:00,shapediscover
nested_circles,shapediscover,clustering,homogeneity,1.0,2,800,2,0.791,15,"{""knn"": 15, ""label_mode"": ""components"", ""lite"": false, ""loss_weights"": [1, 10, 1, 10], ""n_cover"": 15, ""regularization"": 10.0, ""threshold"": 0.5}",0.1.0,2026-06-20T16:50:50+00:00,shapediscover
nested_circles,shapediscover,clustering,completeness,1.0,2,800,2,0.791,15,"{""knn"": 15, ""label_mode"": ""components"", ""lite"": false, ""loss_weights"": [1, 10, 1, 10], ""n_cover"": 15, ""regularization"": 10.0, ""threshold"": 0.5}",0.1.0,2026-06-20T16:50:50+00:00,shapediscover
nested_circles,shapediscover,clustering,n_clusters_pred,2.0,2,800,2,0.791,15,"{""knn"": 15, ""label_mode"": ""components"", ""lite"": false, ""loss_weights"": [1, 10, 1, 10], ""n_cover"": 15, ""regularization"": 10.0, ""threshold"": 0.5}",0.1.0,2026-06-20T16:50:50+00:00,shapediscover
nested_circles,shapediscover,clustering,n_clusters_true,2.0,2,800,2,0.791,15,"{""knn"": 15, ""label_mode"": ""components"", ""lite"": false, ""loss_weights"": [1, 10, 1, 10], ""n_cover"": 15, ""regularization"": 10.0, ""threshold"": 0.5}",0.1.0,2026-06-20T16:50:50+00:00,shapediscover
nested_circles,shapediscover,cost,clustering_s,0.0007,2,800,2,0.791,15,"{""knn"": 15, ""label_mode"": ""components"", ""lite"": false, ""loss_weights"": [1, 10, 1, 10], ""n_cover"": 15, ""regularization"": 10.0, ""threshold"": 0.5}",0.1.0,2026-06-20T16:50:50+00:00,shapediscover
nested_circles,shapediscover,cost,fit_s,0.791,2,800,2,0.791,15,"{""knn"": 15, ""label_mode"": ""components"", ""lite"": false, ""loss_weights"": [1, 10, 1, 10], ""n_cover"": 15, ""regularization"": 10.0, ""threshold"": 0.5}",0.1.0,2026-06-20T16:50:50+00:00,shapediscover
iris,shapediscover,clustering,ari,0.5681159420289855,0,150,4,0.651,3,"{""knn"": 15, ""label_mode"": ""components"", ""lite"": false, ""loss_weights"": [1, 10, 1, 10], ""n_cover"": 15, ""regularization"": 10.0, ""threshold"": 0.5}",0.1.0,2026-06-20T16:50:50+00:00,shapediscover
iris,shapediscover,clustering,ami,0.7315847607219574,0,150,4,0.651,3,"{""knn"": 15, ""label_mode"": ""components"", ""lite"": false, ""loss_weights"": [1, 10, 1, 10], ""n_cover"": 15, ""regularization"": 10.0, ""threshold"": 0.5}",0.1.0,2026-06-20T16:50:50+00:00,shapediscover
iris,shapediscover,clustering,nmi,0.7336804366512104,0,150,4,0.651,3,"{""knn"": 15, ""label_mode"": ""components"", ""lite"": false, ""loss_weights"": [1, 10, 1, 10], ""n_cover"": 15, ""regularization"": 10.0, ""threshold"": 0.5}",0.1.0,2026-06-20T16:50:50+00:00,shapediscover
iris,shapediscover,clustering,homogeneity,0.5793801642856945,0,150,4,0.651,3,"{""knn"": 15, ""label_mode"": ""components"", ""lite"": false, ""loss_weights"": [1, 10, 1, 10], ""n_cover"": 15, ""regularization"": 10.0, ""threshold"": 0.5}",0.1.0,2026-06-20T16:50:50+00:00,shapediscover
iris,shapediscover,clustering,completeness,0.9999999999999997,0,150,4,0.651,3,"{""knn"": 15, ""label_mode"": ""components"", ""lite"": false, ""loss_weights"": [1, 10, 1, 10], ""n_cover"": 15, ""regularization"": 10.0, ""threshold"": 0.5}",0.1.0,2026-06-20T16:50:50+00:00,shapediscover
iris,shapediscover,clustering,n_clusters_pred,2.0,0,150,4,0.651,3,"{""knn"": 15, ""label_mode"": ""components"", ""lite"": false, ""loss_weights"": [1, 10, 1, 10], ""n_cover"": 15, ""regularization"": 10.0, ""threshold"": 0.5}",0.1.0,2026-06-20T16:50:50+00:00,shapediscover
iris,shapediscover,clustering,n_clusters_true,3.0,0,150,4,0.651,3,"{""knn"": 15, ""label_mode"": ""components"", ""lite"": false, ""loss_weights"": [1, 10, 1, 10], ""n_cover"": 15, ""regularization"": 10.0, ""threshold"": 0.5}",0.1.0,2026-06-20T16:50:50+00:00,shapediscover
iris,shapediscover,cost,clustering_s,0.0003,0,150,4,0.651,3,"{""knn"": 15, ""label_mode"": ""components"", ""lite"": false, ""loss_weights"": [1, 10, 1, 10], ""n_cover"": 15, ""regularization"": 10.0, ""threshold"": 0.5}",0.1.0,2026-06-20T16:50:50+00:00,shapediscover
iris,shapediscover,cost,fit_s,0.651,0,150,4,0.651,3,"{""knn"": 15, ""label_mode"": ""components"", ""lite"": false, ""loss_weights"": [1, 10, 1, 10], ""n_cover"": 15, ""regularization"": 10.0, ""threshold"": 0.5}",0.1.0,2026-06-20T16:50:50+00:00,shapediscover
iris,shapediscover,clustering,ari,0.5681159420289855,1,150,4,0.644,3,"{""knn"": 15, ""label_mode"": ""components"", ""lite"": false, ""loss_weights"": [1, 10, 1, 10], ""n_cover"": 15, ""regularization"": 10.0, ""threshold"": 0.5}",0.1.0,2026-06-20T16:50:50+00:00,shapediscover
iris,shapediscover,clustering,ami,0.7315847607219574,1,150,4,0.644,3,"{""knn"": 15, ""label_mode"": ""components"", ""lite"": false, ""loss_weights"": [1, 10, 1, 10], ""n_cover"": 15, ""regularization"": 10.0, ""threshold"": 0.5}",0.1.0,2026-06-20T16:50:50+00:00,shapediscover
iris,shapediscover,clustering,nmi,0.7336804366512104,1,150,4,0.644,3,"{""knn"": 15, ""label_mode"": ""components"", ""lite"": false, ""loss_weights"": [1, 10, 1, 10], ""n_cover"": 15, ""regularization"": 10.0, ""threshold"": 0.5}",0.1.0,2026-06-20T16:50:50+00:00,shapediscover
iris,shapediscover,clustering,homogeneity,0.5793801642856945,1,150,4,0.644,3,"{""knn"": 15, ""label_mode"": ""components"", ""lite"": false, ""loss_weights"": [1, 10, 1, 10], ""n_cover"": 15, ""regularization"": 10.0, ""threshold"": 0.5}",0.1.0,2026-06-20T16:50:50+00:00,shapediscover
iris,shapediscover,clustering,completeness,0.9999999999999997,1,150,4,0.644,3,"{""knn"": 15, ""label_mode"": ""components"", ""lite"": false, ""loss_weights"": [1, 10, 1, 10], ""n_cover"": 15, ""regularization"": 10.0, ""threshold"": 0.5}",0.1.0,2026-06-20T16:50:50+00:00,shapediscover
iris,shapediscover,clustering,n_clusters_pred,2.0,1,150,4,0.644,3,"{""knn"": 15, ""label_mode"": ""components"", ""lite"": false, ""loss_weights"": [1, 10, 1, 10], ""n_cover"": 15, ""regularization"": 10.0, ""threshold"": 0.5}",0.1.0,2026-06-20T16:50:50+00:00,shapediscover
iris,shapediscover,clustering,n_clusters_true,3.0,1,150,4,0.644,3,"{""knn"": 15, ""label_mode"": ""components"", ""lite"": false, ""loss_weights"": [1, 10, 1, 10], ""n_cover"": 15, ""regularization"": 10.0, ""threshold"": 0.5}",0.1.0,2026-06-20T16:50:50+00:00,shapediscover
iris,shapediscover,cost,clustering_s,0.0003,1,150,4,0.644,3,"{""knn"": 15, ""label_mode"": ""components"", ""lite"": false, ""loss_weights"": [1, 10, 1, 10], ""n_cover"": 15, ""regularization"": 10.0, ""threshold"": 0.5}",0.1.0,2026-06-20T16:50:50+00:00,shapediscover
iris,shapediscover,cost,fit_s,0.644,1,150,4,0.644,3,"{""knn"": 15, ""label_mode"": ""components"", ""lite"": false, ""loss_weights"": [1, 10, 1, 10], ""n_cover"": 15, ""regularization"": 10.0, ""threshold"": 0.5}",0.1.0,2026-06-20T16:50:50+00:00,shapediscover
iris,shapediscover,clustering,ari,0.5681159420289855,2,150,4,0.639,3,"{""knn"": 15, ""label_mode"": ""components"", ""lite"": false, ""loss_weights"": [1, 10, 1, 10], ""n_cover"": 15, ""regularization"": 10.0, ""threshold"": 0.5}",0.1.0,2026-06-20T16:50:50+00:00,shapediscover
iris,shapediscover,clustering,ami,0.7315847607219574,2,150,4,0.639,3,"{""knn"": 15, ""label_mode"": ""components"", ""lite"": false, ""loss_weights"": [1, 10, 1, 10], ""n_cover"": 15, ""regularization"": 10.0, ""threshold"": 0.5}",0.1.0,2026-06-20T16:50:50+00:00,shapediscover
iris,shapediscover,clustering,nmi,0.7336804366512104,2,150,4,0.639,3,"{""knn"": 15, ""label_mode"": ""components"", ""lite"": false, ""loss_weights"": [1, 10, 1, 10], ""n_cover"": 15, ""regularization"": 10.0, ""threshold"": 0.5}",0.1.0,2026-06-20T16:50:50+00:00,shapediscover
iris,shapediscover,clustering,homogeneity,0.5793801642856945,2,150,4,0.639,3,"{""knn"": 15, ""label_mode"": ""components"", ""lite"": false, ""loss_weights"": [1, 10, 1, 10], ""n_cover"": 15, ""regularization"": 10.0, ""threshold"": 0.5}",0.1.0,2026-06-20T16:50:50+00:00,shapediscover
iris,shapediscover,clustering,completeness,0.9999999999999997,2,150,4,0.639,3,"{""knn"": 15, ""label_mode"": ""components"", ""lite"": false, ""loss_weights"": [1, 10, 1, 10], ""n_cover"": 15, ""regularization"": 10.0, ""threshold"": 0.5}",0.1.0,2026-06-20T16:50:50+00:00,shapediscover
iris,shapediscover,clustering,n_clusters_pred,2.0,2,150,4,0.639,3,"{""knn"": 15, ""label_mode"": ""components"", ""lite"": false, ""loss_weights"": [1, 10, 1, 10], ""n_cover"": 15, ""regularization"": 10.0, ""threshold"": 0.5}",0.1.0,2026-06-20T16:50:50+00:00,shapediscover
iris,shapediscover,clustering,n_clusters_true,3.0,2,150,4,0.639,3,"{""knn"": 15, ""label_mode"": ""components"", ""lite"": false, ""loss_weights"": [1, 10, 1, 10], ""n_cover"": 15, ""regularization"": 10.0, ""threshold"": 0.5}",0.1.0,2026-06-20T16:50:50+00:00,shapediscover
iris,shapediscover,cost,clustering_s,0.0003,2,150,4,0.639,3,"{""knn"": 15, ""label_mode"": ""components"", ""lite"": false, ""loss_weights"": [1, 10, 1, 10], ""n_cover"": 15, ""regularization"": 10.0, ""threshold"": 0.5}",0.1.0,2026-06-20T16:50:50+00:00,shapediscover
iris,shapediscover,cost,fit_s,0.639,2,150,4,0.639,3,"{""knn"": 15, ""label_mode"": ""components"", ""lite"": false, ""loss_weights"": [1, 10, 1, 10], ""n_cover"": 15, ""regularization"": 10.0, ""threshold"": 0.5}",0.1.0,2026-06-20T16:50:50+00:00,shapediscover
wine,shapediscover,clustering,ari,0.0,0,178,13,0.527,3,"{""knn"": 15, ""label_mode"": ""components"", ""lite"": false, ""loss_weights"": [1, 10, 1, 10], ""n_cover"": 15, ""regularization"": 10.0, ""threshold"": 0.5}",0.1.0,2026-06-20T16:50:50+00:00,shapediscover
wine,shapediscover,clustering,ami,0.0,0,178,13,0.527,3,"{""knn"": 15, ""label_mode"": ""components"", ""lite"": false, ""loss_weights"": [1, 10, 1, 10], ""n_cover"": 15, ""regularization"": 10.0, ""threshold"": 0.5}",0.1.0,2026-06-20T16:50:50+00:00,shapediscover
wine,shapediscover,clustering,nmi,0.0,0,178,13,0.527,3,"{""knn"": 15, ""label_mode"": ""components"", ""lite"": false, ""loss_weights"": [1, 10, 1, 10], ""n_cover"": 15, ""regularization"": 10.0, ""threshold"": 0.5}",0.1.0,2026-06-20T16:50:50+00:00,shapediscover
wine,shapediscover,clustering,homogeneity,0.0,0,178,13,0.527,3,"{""knn"": 15, ""label_mode"": ""components"", ""lite"": false, ""loss_weights"": [1, 10, 1, 10], ""n_cover"": 15, ""regularization"": 10.0, ""threshold"": 0.5}",0.1.0,2026-06-20T16:50:50+00:00,shapediscover
wine,shapediscover,clustering,completeness,1.0,0,178,13,0.527,3,"{""knn"": 15, ""label_mode"": ""components"", ""lite"": false, ""loss_weights"": [1, 10, 1, 10], ""n_cover"": 15, ""regularization"": 10.0, ""threshold"": 0.5}",0.1.0,2026-06-20T16:50:50+00:00,shapediscover
wine,shapediscover,clustering,n_clusters_pred,1.0,0,178,13,0.527,3,"{""knn"": 15, ""label_mode"": ""components"", ""lite"": false, ""loss_weights"": [1, 10, 1, 10], ""n_cover"": 15, ""regularization"": 10.0, ""threshold"": 0.5}",0.1.0,2026-06-20T16:50:50+00:00,shapediscover
wine,shapediscover,clustering,n_clusters_true,3.0,0,178,13,0.527,3,"{""knn"": 15, ""label_mode"": ""components"", ""lite"": false, ""loss_weights"": [1, 10, 1, 10], ""n_cover"": 15, ""regularization"": 10.0, ""threshold"": 0.5}",0.1.0,2026-06-20T16:50:50+00:00,shapediscover
wine,shapediscover,cost,clustering_s,0.0003,0,178,13,0.527,3,"{""knn"": 15, ""label_mode"": ""components"", ""lite"": false, ""loss_weights"": [1, 10, 1, 10], ""n_cover"": 15, ""regularization"": 10.0, ""threshold"": 0.5}",0.1.0,2026-06-20T16:50:50+00:00,shapediscover
wine,shapediscover,cost,fit_s,0.527,0,178,13,0.527,3,"{""knn"": 15, ""label_mode"": ""components"", ""lite"": false, ""loss_weights"": [1, 10, 1, 10], ""n_cover"": 15, ""regularization"": 10.0, ""threshold"": 0.5}",0.1.0,2026-06-20T16:50:50+00:00,shapediscover
wine,shapediscover,clustering,ari,0.0,1,178,13,0.532,3,"{""knn"": 15, ""label_mode"": ""components"", ""lite"": false, ""loss_weights"": [1, 10, 1, 10], ""n_cover"": 15, ""regularization"": 10.0, ""threshold"": 0.5}",0.1.0,2026-06-20T16:50:50+00:00,shapediscover
wine,shapediscover,clustering,ami,0.0,1,178,13,0.532,3,"{""knn"": 15, ""label_mode"": ""components"", ""lite"": false, ""loss_weights"": [1, 10, 1, 10], ""n_cover"": 15, ""regularization"": 10.0, ""threshold"": 0.5}",0.1.0,2026-06-20T16:50:50+00:00,shapediscover
wine,shapediscover,clustering,nmi,0.0,1,178,13,0.532,3,"{""knn"": 15, ""label_mode"": ""components"", ""lite"": false, ""loss_weights"": [1, 10, 1, 10], ""n_cover"": 15, ""regularization"": 10.0, ""threshold"": 0.5}",0.1.0,2026-06-20T16:50:50+00:00,shapediscover
wine,shapediscover,clustering,homogeneity,0.0,1,178,13,0.532,3,"{""knn"": 15, ""label_mode"": ""components"", ""lite"": false, ""loss_weights"": [1, 10, 1, 10], ""n_cover"": 15, ""regularization"": 10.0, ""threshold"": 0.5}",0.1.0,2026-06-20T16:50:50+00:00,shapediscover
wine,shapediscover,clustering,completeness,1.0,1,178,13,0.532,3,"{""knn"": 15, ""label_mode"": ""components"", ""lite"": false, ""loss_weights"": [1, 10, 1, 10], ""n_cover"": 15, ""regularization"": 10.0, ""threshold"": 0.5}",0.1.0,2026-06-20T16:50:50+00:00,shapediscover
wine,shapediscover,clustering,n_clusters_pred,1.0,1,178,13,0.532,3,"{""knn"": 15, ""label_mode"": ""components"", ""lite"": false, ""loss_weights"": [1, 10, 1, 10], ""n_cover"": 15, ""regularization"": 10.0, ""threshold"": 0.5}",0.1.0,2026-06-20T16:50:50+00:00,shapediscover
wine,shapediscover,clustering,n_clusters_true,3.0,1,178,13,0.532,3,"{""knn"": 15, ""label_mode"": ""components"", ""lite"": false, ""loss_weights"": [1, 10, 1, 10], ""n_cover"": 15, ""regularization"": 10.0, ""threshold"": 0.5}",0.1.0,2026-06-20T16:50:50+00:00,shapediscover
wine,shapediscover,cost,clustering_s,0.0003,1,178,13,0.532,3,"{""knn"": 15, ""label_mode"": ""components"", ""lite"": false, ""loss_weights"": [1, 10, 1, 10], ""n_cover"": 15, ""regularization"": 10.0, ""threshold"": 0.5}",0.1.0,2026-06-20T16:50:50+00:00,shapediscover
wine,shapediscover,cost,fit_s,0.532,1,178,13,0.532,3,"{""knn"": 15, ""label_mode"": ""components"", ""lite"": false, ""loss_weights"": [1, 10, 1, 10], ""n_cover"": 15, ""regularization"": 10.0, ""threshold"": 0.5}",0.1.0,2026-06-20T16:50:50+00:00,shapediscover
wine,shapediscover,clustering,ari,0.0,2,178,13,0.548,3,"{""knn"": 15, ""label_mode"": ""components"", ""lite"": false, ""loss_weights"": [1, 10, 1, 10], ""n_cover"": 15, ""regularization"": 10.0, ""threshold"": 0.5}",0.1.0,2026-06-20T16:50:50+00:00,shapediscover
wine,shapediscover,clustering,ami,0.0,2,178,13,0.548,3,"{""knn"": 15, ""label_mode"": ""components"", ""lite"": false, ""loss_weights"": [1, 10, 1, 10], ""n_cover"": 15, ""regularization"": 10.0, ""threshold"": 0.5}",0.1.0,2026-06-20T16:50:50+00:00,shapediscover
wine,shapediscover,clustering,nmi,0.0,2,178,13,0.548,3,"{""knn"": 15, ""label_mode"": ""components"", ""lite"": false, ""loss_weights"": [1, 10, 1, 10], ""n_cover"": 15, ""regularization"": 10.0, ""threshold"": 0.5}",0.1.0,2026-06-20T16:50:50+00:00,shapediscover
wine,shapediscover,clustering,homogeneity,0.0,2,178,13,0.548,3,"{""knn"": 15, ""label_mode"": ""components"", ""lite"": false, ""loss_weights"": [1, 10, 1, 10], ""n_cover"": 15, ""regularization"": 10.0, ""threshold"": 0.5}",0.1.0,2026-06-20T16:50:50+00:00,shapediscover
wine,shapediscover,clustering,completeness,1.0,2,178,13,0.548,3,"{""knn"": 15, ""label_mode"": ""components"", ""lite"": false, ""loss_weights"": [1, 10, 1, 10], ""n_cover"": 15, ""regularization"": 10.0, ""threshold"": 0.5}",0.1.0,2026-06-20T16:50:50+00:00,shapediscover
wine,shapediscover,clustering,n_clusters_pred,1.0,2,178,13,0.548,3,"{""knn"": 15, ""label_mode"": ""components"", ""lite"": false, ""loss_weights"": [1, 10, 1, 10], ""n_cover"": 15, ""regularization"": 10.0, ""threshold"": 0.5}",0.1.0,2026-06-20T16:50:50+00:00,shapediscover
wine,shapediscover,clustering,n_clusters_true,3.0,2,178,13,0.548,3,"{""knn"": 15, ""label_mode"": ""components"", ""lite"": false, ""loss_weights"": [1, 10, 1, 10], ""n_cover"": 15, ""regularization"": 10.0, ""threshold"": 0.5}",0.1.0,2026-06-20T16:50:50+00:00,shapediscover
wine,shapediscover,cost,clustering_s,0.0002,2,178,13,0.548,3,"{""knn"": 15, ""label_mode"": ""components"", ""lite"": false, ""loss_weights"": [1, 10, 1, 10], ""n_cover"": 15, ""regularization"": 10.0, ""threshold"": 0.5}",0.1.0,2026-06-20T16:50:50+00:00,shapediscover
wine,shapediscover,cost,fit_s,0.548,2,178,13,0.548,3,"{""knn"": 15, ""label_mode"": ""components"", ""lite"": false, ""loss_weights"": [1, 10, 1, 10], ""n_cover"": 15, ""regularization"": 10.0, ""threshold"": 0.5}",0.1.0,2026-06-20T16:50:50+00:00,shapediscover
digits,shapediscover,clustering,ari,0.10734799723819198,0,1797,64,1.273,12,"{""knn"": 15, ""label_mode"": ""components"", ""lite"": false, ""loss_weights"": [1, 10, 1, 10], ""n_cover"": 15, ""regularization"": 10.0, ""threshold"": 0.5}",0.1.0,2026-06-20T16:50:50+00:00,shapediscover
digits,shapediscover,clustering,ami,0.43234444745190753,0,1797,64,1.273,12,"{""knn"": 15, ""label_mode"": ""components"", ""lite"": false, ""loss_weights"": [1, 10, 1, 10], ""n_cover"": 15, ""regularization"": 10.0, ""threshold"": 0.5}",0.1.0,2026-06-20T16:50:50+00:00,shapediscover
digits,shapediscover,clustering,nmi,0.4353062465509114,0,1797,64,1.273,12,"{""knn"": 15, ""label_mode"": ""components"", ""lite"": false, ""loss_weights"": [1, 10, 1, 10], ""n_cover"": 15, ""regularization"": 10.0, ""threshold"": 0.5}",0.1.0,2026-06-20T16:50:50+00:00,shapediscover
digits,shapediscover,clustering,homogeneity,0.2846344620517252,0,1797,64,1.273,12,"{""knn"": 15, ""label_mode"": ""components"", ""lite"": false, ""loss_weights"": [1, 10, 1, 10], ""n_cover"": 15, ""regularization"": 10.0, ""threshold"": 0.5}",0.1.0,2026-06-20T16:50:50+00:00,shapediscover
digits,shapediscover,clustering,completeness,0.9249080533358294,0,1797,64,1.273,12,"{""knn"": 15, ""label_mode"": ""components"", ""lite"": false, ""loss_weights"": [1, 10, 1, 10], ""n_cover"": 15, ""regularization"": 10.0, ""threshold"": 0.5}",0.1.0,2026-06-20T16:50:50+00:00,shapediscover
digits,shapediscover,clustering,n_clusters_pred,4.0,0,1797,64,1.273,12,"{""knn"": 15, ""label_mode"": ""components"", ""lite"": false, ""loss_weights"": [1, 10, 1, 10], ""n_cover"": 15, ""regularization"": 10.0, ""threshold"": 0.5}",0.1.0,2026-06-20T16:50:50+00:00,shapediscover
digits,shapediscover,clustering,n_clusters_true,10.0,0,1797,64,1.273,12,"{""knn"": 15, ""label_mode"": ""components"", ""lite"": false, ""loss_weights"": [1, 10, 1, 10], ""n_cover"": 15, ""regularization"": 10.0, ""threshold"": 0.5}",0.1.0,2026-06-20T16:50:50+00:00,shapediscover
digits,shapediscover,cost,clustering_s,0.0007,0,1797,64,1.273,12,"{""knn"": 15, ""label_mode"": ""components"", ""lite"": false, ""loss_weights"": [1, 10, 1, 10], ""n_cover"": 15, ""regularization"": 10.0, ""threshold"": 0.5}",0.1.0,2026-06-20T16:50:50+00:00,shapediscover
digits,shapediscover,cost,fit_s,1.273,0,1797,64,1.273,12,"{""knn"": 15, ""label_mode"": ""components"", ""lite"": false, ""loss_weights"": [1, 10, 1, 10], ""n_cover"": 15, ""regularization"": 10.0, ""threshold"": 0.5}",0.1.0,2026-06-20T16:50:50+00:00,shapediscover
digits,shapediscover,clustering,ari,0.10734799723819198,1,1797,64,1.865,11,"{""knn"": 15, ""label_mode"": ""components"", ""lite"": false, ""loss_weights"": [1, 10, 1, 10], ""n_cover"": 15, ""regularization"": 10.0, ""threshold"": 0.5}",0.1.0,2026-06-20T16:50:50+00:00,shapediscover
digits,shapediscover,clustering,ami,0.43234444745190753,1,1797,64,1.865,11,"{""knn"": 15, ""label_mode"": ""components"", ""lite"": false, ""loss_weights"": [1, 10, 1, 10], ""n_cover"": 15, ""regularization"": 10.0, ""threshold"": 0.5}",0.1.0,2026-06-20T16:50:50+00:00,shapediscover
digits,shapediscover,clustering,nmi,0.4353062465509114,1,1797,64,1.865,11,"{""knn"": 15, ""label_mode"": ""components"", ""lite"": false, ""loss_weights"": [1, 10, 1, 10], ""n_cover"": 15, ""regularization"": 10.0, ""threshold"": 0.5}",0.1.0,2026-06-20T16:50:50+00:00,shapediscover
digits,shapediscover,clustering,homogeneity,0.2846344620517252,1,1797,64,1.865,11,"{""knn"": 15, ""label_mode"": ""components"", ""lite"": false, ""loss_weights"": [1, 10, 1, 10], ""n_cover"": 15, ""regularization"": 10.0, ""threshold"": 0.5}",0.1.0,2026-06-20T16:50:50+00:00,shapediscover
digits,shapediscover,clustering,completeness,0.9249080533358294,1,1797,64,1.865,11,"{""knn"": 15, ""label_mode"": ""components"", ""lite"": false, ""loss_weights"": [1, 10, 1, 10], ""n_cover"": 15, ""regularization"": 10.0, ""threshold"": 0.5}",0.1.0,2026-06-20T16:50:50+00:00,shapediscover
digits,shapediscover,clustering,n_clusters_pred,4.0,1,1797,64,1.865,11,"{""knn"": 15, ""label_mode"": ""components"", ""lite"": false, ""loss_weights"": [1, 10, 1, 10], ""n_cover"": 15, ""regularization"": 10.0, ""threshold"": 0.5}",0.1.0,2026-06-20T16:50:50+00:00,shapediscover
digits,shapediscover,clustering,n_clusters_true,10.0,1,1797,64,1.865,11,"{""knn"": 15, ""label_mode"": ""components"", ""lite"": false, ""loss_weights"": [1, 10, 1, 10], ""n_cover"": 15, ""regularization"": 10.0, ""threshold"": 0.5}",0.1.0,2026-06-20T16:50:50+00:00,shapediscover
digits,shapediscover,cost,clustering_s,0.0006,1,1797,64,1.865,11,"{""knn"": 15, ""label_mode"": ""components"", ""lite"": false, ""loss_weights"": [1, 10, 1, 10], ""n_cover"": 15, ""regularization"": 10.0, ""threshold"": 0.5}",0.1.0,2026-06-20T16:50:50+00:00,shapediscover
digits,shapediscover,cost,fit_s,1.865,1,1797,64,1.865,11,"{""knn"": 15, ""label_mode"": ""components"", ""lite"": false, ""loss_weights"": [1, 10, 1, 10], ""n_cover"": 15, ""regularization"": 10.0, ""threshold"": 0.5}",0.1.0,2026-06-20T16:50:50+00:00,shapediscover
digits,shapediscover,clustering,ari,0.10734799723819198,2,1797,64,2.928,12,"{""knn"": 15, ""label_mode"": ""components"", ""lite"": false, ""loss_weights"": [1, 10, 1, 10], ""n_cover"": 15, ""regularization"": 10.0, ""threshold"": 0.5}",0.1.0,2026-06-20T16:50:50+00:00,shapediscover
digits,shapediscover,clustering,ami,0.43234444745190753,2,1797,64,2.928,12,"{""knn"": 15, ""label_mode"": ""components"", ""lite"": false, ""loss_weights"": [1, 10, 1, 10], ""n_cover"": 15, ""regularization"": 10.0, ""threshold"": 0.5}",0.1.0,2026-06-20T16:50:50+00:00,shapediscover
digits,shapediscover,clustering,nmi,0.4353062465509114,2,1797,64,2.928,12,"{""knn"": 15, ""label_mode"": ""components"", ""lite"": false, ""loss_weights"": [1, 10, 1, 10], ""n_cover"": 15, ""regularization"": 10.0, ""threshold"": 0.5}",0.1.0,2026-06-20T16:50:50+00:00,shapediscover
digits,shapediscover,clustering,homogeneity,0.2846344620517252,2,1797,64,2.928,12,"{""knn"": 15, ""label_mode"": ""components"", ""lite"": false, ""loss_weights"": [1, 10, 1, 10], ""n_cover"": 15, ""regularization"": 10.0, ""threshold"": 0.5}",0.1.0,2026-06-20T16:50:50+00:00,shapediscover
digits,shapediscover,clustering,completeness,0.9249080533358294,2,1797,64,2.928,12,"{""knn"": 15, ""label_mode"": ""components"", ""lite"": false, ""loss_weights"": [1, 10, 1, 10], ""n_cover"": 15, ""regularization"": 10.0, ""threshold"": 0.5}",0.1.0,2026-06-20T16:50:50+00:00,shapediscover
digits,shapediscover,clustering,n_clusters_pred,4.0,2,1797,64,2.928,12,"{""knn"": 15, ""label_mode"": ""components"", ""lite"": false, ""loss_weights"": [1, 10, 1, 10], ""n_cover"": 15, ""regularization"": 10.0, ""threshold"": 0.5}",0.1.0,2026-06-20T16:50:50+00:00,shapediscover
digits,shapediscover,clustering,n_clusters_true,10.0,2,1797,64,2.928,12,"{""knn"": 15, ""label_mode"": ""components"", ""lite"": false, ""loss_weights"": [1, 10, 1, 10], ""n_cover"": 15, ""regularization"": 10.0, ""threshold"": 0.5}",0.1.0,2026-06-20T16:50:50+00:00,shapediscover
digits,shapediscover,cost,clustering_s,0.0007,2,1797,64,2.928,12,"{""knn"": 15, ""label_mode"": ""components"", ""lite"": false, ""loss_weights"": [1, 10, 1, 10], ""n_cover"": 15, ""regularization"": 10.0, ""threshold"": 0.5}",0.1.0,2026-06-20T16:50:50+00:00,shapediscover
digits,shapediscover,cost,fit_s,2.928,2,1797,64,2.928,12,"{""knn"": 15, ""label_mode"": ""components"", ""lite"": false, ""loss_weights"": [1, 10, 1, 10], ""n_cover"": 15, ""regularization"": 10.0, ""threshold"": 0.5}",0.1.0,2026-06-20T16:50:50+00:00,shapediscover
two_circles,fuzzy_cover,clustering,ari,1.0,0,800,2,0.026,15,"{""fuzzifier"": 2.0, ""graph_algorithm"": ""umap"", ""knn"": 15, ""label_mode"": ""components"", ""n_cover"": 15, ""space"": ""euclidean"", ""threshold"": 0.5}",0.1.0,2026-06-20T16:51:14+00:00,fuzzy_euclidean
two_circles,fuzzy_cover,clustering,ami,1.0,0,800,2,0.026,15,"{""fuzzifier"": 2.0, ""graph_algorithm"": ""umap"", ""knn"": 15, ""label_mode"": ""components"", ""n_cover"": 15, ""space"": ""euclidean"", ""threshold"": 0.5}",0.1.0,2026-06-20T16:51:14+00:00,fuzzy_euclidean
two_circles,fuzzy_cover,clustering,nmi,1.0,0,800,2,0.026,15,"{""fuzzifier"": 2.0, ""graph_algorithm"": ""umap"", ""knn"": 15, ""label_mode"": ""components"", ""n_cover"": 15, ""space"": ""euclidean"", ""threshold"": 0.5}",0.1.0,2026-06-20T16:51:14+00:00,fuzzy_euclidean
two_circles,fuzzy_cover,clustering,homogeneity,1.0,0,800,2,0.026,15,"{""fuzzifier"": 2.0, ""graph_algorithm"": ""umap"", ""knn"": 15, ""label_mode"": ""components"", ""n_cover"": 15, ""space"": ""euclidean"", ""threshold"": 0.5}",0.1.0,2026-06-20T16:51:14+00:00,fuzzy_euclidean
two_circles,fuzzy_cover,clustering,completeness,1.0,0,800,2,0.026,15,"{""fuzzifier"": 2.0, ""graph_algorithm"": ""umap"", ""knn"": 15, ""label_mode"": ""components"", ""n_cover"": 15, ""space"": ""euclidean"", ""threshold"": 0.5}",0.1.0,2026-06-20T16:51:14+00:00,fuzzy_euclidean
two_circles,fuzzy_cover,clustering,n_clusters_pred,2.0,0,800,2,0.026,15,"{""fuzzifier"": 2.0, ""graph_algorithm"": ""umap"", ""knn"": 15, ""label_mode"": ""components"", ""n_cover"": 15, ""space"": ""euclidean"", ""threshold"": 0.5}",0.1.0,2026-06-20T16:51:14+00:00,fuzzy_euclidean
two_circles,fuzzy_cover,clustering,n_clusters_true,2.0,0,800,2,0.026,15,"{""fuzzifier"": 2.0, ""graph_algorithm"": ""umap"", ""knn"": 15, ""label_mode"": ""components"", ""n_cover"": 15, ""space"": ""euclidean"", ""threshold"": 0.5}",0.1.0,2026-06-20T16:51:14+00:00,fuzzy_euclidean
two_circles,fuzzy_cover,cost,clustering_s,0.0008,0,800,2,0.026,15,"{""fuzzifier"": 2.0, ""graph_algorithm"": ""umap"", ""knn"": 15, ""label_mode"": ""components"", ""n_cover"": 15, ""space"": ""euclidean"", ""threshold"": 0.5}",0.1.0,2026-06-20T16:51:14+00:00,fuzzy_euclidean
two_circles,fuzzy_cover,cost,fit_s,0.026,0,800,2,0.026,15,"{""fuzzifier"": 2.0, ""graph_algorithm"": ""umap"", ""knn"": 15, ""label_mode"": ""components"", ""n_cover"": 15, ""space"": ""euclidean"", ""threshold"": 0.5}",0.1.0,2026-06-20T16:51:14+00:00,fuzzy_euclidean
two_circles,fuzzy_cover,clustering,ari,1.0,1,800,2,0.039,15,"{""fuzzifier"": 2.0, ""graph_algorithm"": ""umap"", ""knn"": 15, ""label_mode"": ""components"", ""n_cover"": 15, ""space"": ""euclidean"", ""threshold"": 0.5}",0.1.0,2026-06-20T16:51:14+00:00,fuzzy_euclidean
two_circles,fuzzy_cover,clustering,ami,1.0,1,800,2,0.039,15,"{""fuzzifier"": 2.0, ""graph_algorithm"": ""umap"", ""knn"": 15, ""label_mode"": ""components"", ""n_cover"": 15, ""space"": ""euclidean"", ""threshold"": 0.5}",0.1.0,2026-06-20T16:51:14+00:00,fuzzy_euclidean
two_circles,fuzzy_cover,clustering,nmi,1.0,1,800,2,0.039,15,"{""fuzzifier"": 2.0, ""graph_algorithm"": ""umap"", ""knn"": 15, ""label_mode"": ""components"", ""n_cover"": 15, ""space"": ""euclidean"", ""threshold"": 0.5}",0.1.0,2026-06-20T16:51:14+00:00,fuzzy_euclidean
two_circles,fuzzy_cover,clustering,homogeneity,1.0,1,800,2,0.039,15,"{""fuzzifier"": 2.0, ""graph_algorithm"": ""umap"", ""knn"": 15, ""label_mode"": ""components"", ""n_cover"": 15, ""space"": ""euclidean"", ""threshold"": 0.5}",0.1.0,2026-06-20T16:51:14+00:00,fuzzy_euclidean
two_circles,fuzzy_cover,clustering,completeness,1.0,1,800,2,0.039,15,"{""fuzzifier"": 2.0, ""graph_algorithm"": ""umap"", ""knn"": 15, ""label_mode"": ""components"", ""n_cover"": 15, ""space"": ""euclidean"", ""threshold"": 0.5}",0.1.0,2026-06-20T16:51:14+00:00,fuzzy_euclidean
two_circles,fuzzy_cover,clustering,n_clusters_pred,2.0,1,800,2,0.039,15,"{""fuzzifier"": 2.0, ""graph_algorithm"": ""umap"", ""knn"": 15, ""label_mode"": ""components"", ""n_cover"": 15, ""space"": ""euclidean"", ""threshold"": 0.5}",0.1.0,2026-06-20T16:51:14+00:00,fuzzy_euclidean
two_circles,fuzzy_cover,clustering,n_clusters_true,2.0,1,800,2,0.039,15,"{""fuzzifier"": 2.0, ""graph_algorithm"": ""umap"", ""knn"": 15, ""label_mode"": ""components"", ""n_cover"": 15, ""space"": ""euclidean"", ""threshold"": 0.5}",0.1.0,2026-06-20T16:51:14+00:00,fuzzy_euclidean
two_circles,fuzzy_cover,cost,clustering_s,0.0008,1,800,2,0.039,15,"{""fuzzifier"": 2.0, ""graph_algorithm"": ""umap"", ""knn"": 15, ""label_mode"": ""components"", ""n_cover"": 15, ""space"": ""euclidean"", ""threshold"": 0.5}",0.1.0,2026-06-20T16:51:14+00:00,fuzzy_euclidean
two_circles,fuzzy_cover,cost,fit_s,0.039,1,800,2,0.039,15,"{""fuzzifier"": 2.0, ""graph_algorithm"": ""umap"", ""knn"": 15, ""label_mode"": ""components"", ""n_cover"": 15, ""space"": ""euclidean"", ""threshold"": 0.5}",0.1.0,2026-06-20T16:51:14+00:00,fuzzy_euclidean
two_circles,fuzzy_cover,clustering,ari,1.0,2,800,2,0.023,15,"{""fuzzifier"": 2.0, ""graph_algorithm"": ""umap"", ""knn"": 15, ""label_mode"": ""components"", ""n_cover"": 15, ""space"": ""euclidean"", ""threshold"": 0.5}",0.1.0,2026-06-20T16:51:14+00:00,fuzzy_euclidean
two_circles,fuzzy_cover,clustering,ami,1.0,2,800,2,0.023,15,"{""fuzzifier"": 2.0, ""graph_algorithm"": ""umap"", ""knn"": 15, ""label_mode"": ""components"", ""n_cover"": 15, ""space"": ""euclidean"", ""threshold"": 0.5}",0.1.0,2026-06-20T16:51:14+00:00,fuzzy_euclidean
two_circles,fuzzy_cover,clustering,nmi,1.0,2,800,2,0.023,15,"{""fuzzifier"": 2.0, ""graph_algorithm"": ""umap"", ""knn"": 15, ""label_mode"": ""components"", ""n_cover"": 15, ""space"": ""euclidean"", ""threshold"": 0.5}",0.1.0,2026-06-20T16:51:14+00:00,fuzzy_euclidean
two_circles,fuzzy_cover,clustering,homogeneity,1.0,2,800,2,0.023,15,"{""fuzzifier"": 2.0, ""graph_algorithm"": ""umap"", ""knn"": 15, ""label_mode"": ""components"", ""n_cover"": 15, ""space"": ""euclidean"", ""threshold"": 0.5}",0.1.0,2026-06-20T16:51:14+00:00,fuzzy_euclidean
two_circles,fuzzy_cover,clustering,completeness,1.0,2,800,2,0.023,15,"{""fuzzifier"": 2.0, ""graph_algorithm"": ""umap"", ""knn"": 15, ""label_mode"": ""components"", ""n_cover"": 15, ""space"": ""euclidean"", ""threshold"": 0.5}",0.1.0,2026-06-20T16:51:14+00:00,fuzzy_euclidean
two_circles,fuzzy_cover,clustering,n_clusters_pred,2.0,2,800,2,0.023,15,"{""fuzzifier"": 2.0, ""graph_algorithm"": ""umap"", ""knn"": 15, ""label_mode"": ""components"", ""n_cover"": 15, ""space"": ""euclidean"", ""threshold"": 0.5}",0.1.0,2026-06-20T16:51:14+00:00,fuzzy_euclidean
two_circles,fuzzy_cover,clustering,n_clusters_true,2.0,2,800,2,0.023,15,"{""fuzzifier"": 2.0, ""graph_algorithm"": ""umap"", ""knn"": 15, ""label_mode"": ""components"", ""n_cover"": 15, ""space"": ""euclidean"", ""threshold"": 0.5}",0.1.0,2026-06-20T16:51:14+00:00,fuzzy_euclidean
two_circles,fuzzy_cover,cost,clustering_s,0.0008,2,800,2,0.023,15,"{""fuzzifier"": 2.0, ""graph_algorithm"": ""umap"", ""knn"": 15, ""label_mode"": ""components"", ""n_cover"": 15, ""space"": ""euclidean"", ""threshold"": 0.5}",0.1.0,2026-06-20T16:51:14+00:00,fuzzy_euclidean
two_circles,fuzzy_cover,cost,fit_s,0.023,2,800,2,0.023,15,"{""fuzzifier"": 2.0, ""graph_algorithm"": ""umap"", ""knn"": 15, ""label_mode"": ""components"", ""n_cover"": 15, ""space"": ""euclidean"", ""threshold"": 0.5}",0.1.0,2026-06-20T16:51:14+00:00,fuzzy_euclidean
blobs,fuzzy_cover,clustering,ari,1.0,0,900,10,0.007,15,"{""fuzzifier"": 2.0, ""graph_algorithm"": ""umap"", ""knn"": 15, ""label_mode"": ""components"", ""n_cover"": 15, ""space"": ""euclidean"", ""threshold"": 0.5}",0.1.0,2026-06-20T16:51:14+00:00,fuzzy_euclidean
blobs,fuzzy_cover,clustering,ami,1.0,0,900,10,0.007,15,"{""fuzzifier"": 2.0, ""graph_algorithm"": ""umap"", ""knn"": 15, ""label_mode"": ""components"", ""n_cover"": 15, ""space"": ""euclidean"", ""threshold"": 0.5}",0.1.0,2026-06-20T16:51:14+00:00,fuzzy_euclidean
blobs,fuzzy_cover,clustering,nmi,1.0,0,900,10,0.007,15,"{""fuzzifier"": 2.0, ""graph_algorithm"": ""umap"", ""knn"": 15, ""label_mode"": ""components"", ""n_cover"": 15, ""space"": ""euclidean"", ""threshold"": 0.5}",0.1.0,2026-06-20T16:51:14+00:00,fuzzy_euclidean
blobs,fuzzy_cover,clustering,homogeneity,1.0,0,900,10,0.007,15,"{""fuzzifier"": 2.0, ""graph_algorithm"": ""umap"", ""knn"": 15, ""label_mode"": ""components"", ""n_cover"": 15, ""space"": ""euclidean"", ""threshold"": 0.5}",0.1.0,2026-06-20T16:51:14+00:00,fuzzy_euclidean
blobs,fuzzy_cover,clustering,completeness,1.0,0,900,10,0.007,15,"{""fuzzifier"": 2.0, ""graph_algorithm"": ""umap"", ""knn"": 15, ""label_mode"": ""components"", ""n_cover"": 15, ""space"": ""euclidean"", ""threshold"": 0.5}",0.1.0,2026-06-20T16:51:14+00:00,fuzzy_euclidean
blobs,fuzzy_cover,clustering,n_clusters_pred,5.0,0,900,10,0.007,15,"{""fuzzifier"": 2.0, ""graph_algorithm"": ""umap"", ""knn"": 15, ""label_mode"": ""components"", ""n_cover"": 15, ""space"": ""euclidean"", ""threshold"": 0.5}",0.1.0,2026-06-20T16:51:14+00:00,fuzzy_euclidean
blobs,fuzzy_cover,clustering,n_clusters_true,5.0,0,900,10,0.007,15,"{""fuzzifier"": 2.0, ""graph_algorithm"": ""umap"", ""knn"": 15, ""label_mode"": ""components"", ""n_cover"": 15, ""space"": ""euclidean"", ""threshold"": 0.5}",0.1.0,2026-06-20T16:51:14+00:00,fuzzy_euclidean
blobs,fuzzy_cover,cost,clustering_s,0.0008,0,900,10,0.007,15,"{""fuzzifier"": 2.0, ""graph_algorithm"": ""umap"", ""knn"": 15, ""label_mode"": ""components"", ""n_cover"": 15, ""space"": ""euclidean"", ""threshold"": 0.5}",0.1.0,2026-06-20T16:51:14+00:00,fuzzy_euclidean
blobs,fuzzy_cover,cost,fit_s,0.007,0,900,10,0.007,15,"{""fuzzifier"": 2.0, ""graph_algorithm"": ""umap"", ""knn"": 15, ""label_mode"": ""components"", ""n_cover"": 15, ""space"": ""euclidean"", ""threshold"": 0.5}",0.1.0,2026-06-20T16:51:14+00:00,fuzzy_euclidean
blobs,fuzzy_cover,clustering,ari,1.0,1,900,10,0.007,15,"{""fuzzifier"": 2.0, ""graph_algorithm"": ""umap"", ""knn"": 15, ""label_mode"": ""components"", ""n_cover"": 15, ""space"": ""euclidean"", ""threshold"": 0.5}",0.1.0,2026-06-20T16:51:14+00:00,fuzzy_euclidean
blobs,fuzzy_cover,clustering,ami,1.0,1,900,10,0.007,15,"{""fuzzifier"": 2.0, ""graph_algorithm"": ""umap"", ""knn"": 15, ""label_mode"": ""components"", ""n_cover"": 15, ""space"": ""euclidean"", ""threshold"": 0.5}",0.1.0,2026-06-20T16:51:14+00:00,fuzzy_euclidean
blobs,fuzzy_cover,clustering,nmi,1.0,1,900,10,0.007,15,"{""fuzzifier"": 2.0, ""graph_algorithm"": ""umap"", ""knn"": 15, ""label_mode"": ""components"", ""n_cover"": 15, ""space"": ""euclidean"", ""threshold"": 0.5}",0.1.0,2026-06-20T16:51:14+00:00,fuzzy_euclidean
blobs,fuzzy_cover,clustering,homogeneity,1.0,1,900,10,0.007,15,"{""fuzzifier"": 2.0, ""graph_algorithm"": ""umap"", ""knn"": 15, ""label_mode"": ""components"", ""n_cover"": 15, ""space"": ""euclidean"", ""threshold"": 0.5}",0.1.0,2026-06-20T16:51:14+00:00,fuzzy_euclidean
blobs,fuzzy_cover,clustering,completeness,1.0,1,900,10,0.007,15,"{""fuzzifier"": 2.0, ""graph_algorithm"": ""umap"", ""knn"": 15, ""label_mode"": ""components"", ""n_cover"": 15, ""space"": ""euclidean"", ""threshold"": 0.5}",0.1.0,2026-06-20T16:51:14+00:00,fuzzy_euclidean
blobs,fuzzy_cover,clustering,n_clusters_pred,5.0,1,900,10,0.007,15,"{""fuzzifier"": 2.0, ""graph_algorithm"": ""umap"", ""knn"": 15, ""label_mode"": ""components"", ""n_cover"": 15, ""space"": ""euclidean"", ""threshold"": 0.5}",0.1.0,2026-06-20T16:51:14+00:00,fuzzy_euclidean
blobs,fuzzy_cover,clustering,n_clusters_true,5.0,1,900,10,0.007,15,"{""fuzzifier"": 2.0, ""graph_algorithm"": ""umap"", ""knn"": 15, ""label_mode"": ""components"", ""n_cover"": 15, ""space"": ""euclidean"", ""threshold"": 0.5}",0.1.0,2026-06-20T16:51:14+00:00,fuzzy_euclidean
blobs,fuzzy_cover,cost,clustering_s,0.0007,1,900,10,0.007,15,"{""fuzzifier"": 2.0, ""graph_algorithm"": ""umap"", ""knn"": 15, ""label_mode"": ""components"", ""n_cover"": 15, ""space"": ""euclidean"", ""threshold"": 0.5}",0.1.0,2026-06-20T16:51:14+00:00,fuzzy_euclidean
blobs,fuzzy_cover,cost,fit_s,0.007,1,900,10,0.007,15,"{""fuzzifier"": 2.0, ""graph_algorithm"": ""umap"", ""knn"": 15, ""label_mode"": ""components"", ""n_cover"": 15, ""space"": ""euclidean"", ""threshold"": 0.5}",0.1.0,2026-06-20T16:51:14+00:00,fuzzy_euclidean
blobs,fuzzy_cover,clustering,ari,1.0,2,900,10,0.008,15,"{""fuzzifier"": 2.0, ""graph_algorithm"": ""umap"", ""knn"": 15, ""label_mode"": ""components"", ""n_cover"": 15, ""space"": ""euclidean"", ""threshold"": 0.5}",0.1.0,2026-06-20T16:51:14+00:00,fuzzy_euclidean
blobs,fuzzy_cover,clustering,ami,1.0,2,900,10,0.008,15,"{""fuzzifier"": 2.0, ""graph_algorithm"": ""umap"", ""knn"": 15, ""label_mode"": ""components"", ""n_cover"": 15, ""space"": ""euclidean"", ""threshold"": 0.5}",0.1.0,2026-06-20T16:51:14+00:00,fuzzy_euclidean
blobs,fuzzy_cover,clustering,nmi,1.0,2,900,10,0.008,15,"{""fuzzifier"": 2.0, ""graph_algorithm"": ""umap"", ""knn"": 15, ""label_mode"": ""components"", ""n_cover"": 15, ""space"": ""euclidean"", ""threshold"": 0.5}",0.1.0,2026-06-20T16:51:14+00:00,fuzzy_euclidean
blobs,fuzzy_cover,clustering,homogeneity,1.0,2,900,10,0.008,15,"{""fuzzifier"": 2.0, ""graph_algorithm"": ""umap"", ""knn"": 15, ""label_mode"": ""components"", ""n_cover"": 15, ""space"": ""euclidean"", ""threshold"": 0.5}",0.1.0,2026-06-20T16:51:14+00:00,fuzzy_euclidean
blobs,fuzzy_cover,clustering,completeness,1.0,2,900,10,0.008,15,"{""fuzzifier"": 2.0, ""graph_algorithm"": ""umap"", ""knn"": 15, ""label_mode"": ""components"", ""n_cover"": 15, ""space"": ""euclidean"", ""threshold"": 0.5}",0.1.0,2026-06-20T16:51:14+00:00,fuzzy_euclidean
blobs,fuzzy_cover,clustering,n_clusters_pred,5.0,2,900,10,0.008,15,"{""fuzzifier"": 2.0, ""graph_algorithm"": ""umap"", ""knn"": 15, ""label_mode"": ""components"", ""n_cover"": 15, ""space"": ""euclidean"", ""threshold"": 0.5}",0.1.0,2026-06-20T16:51:14+00:00,fuzzy_euclidean
blobs,fuzzy_cover,clustering,n_clusters_true,5.0,2,900,10,0.008,15,"{""fuzzifier"": 2.0, ""graph_algorithm"": ""umap"", ""knn"": 15, ""label_mode"": ""components"", ""n_cover"": 15, ""space"": ""euclidean"", ""threshold"": 0.5}",0.1.0,2026-06-20T16:51:14+00:00,fuzzy_euclidean
blobs,fuzzy_cover,cost,clustering_s,0.0006,2,900,10,0.008,15,"{""fuzzifier"": 2.0, ""graph_algorithm"": ""umap"", ""knn"": 15, ""label_mode"": ""components"", ""n_cover"": 15, ""space"": ""euclidean"", ""threshold"": 0.5}",0.1.0,2026-06-20T16:51:14+00:00,fuzzy_euclidean
blobs,fuzzy_cover,cost,fit_s,0.008,2,900,10,0.008,15,"{""fuzzifier"": 2.0, ""graph_algorithm"": ""umap"", ""knn"": 15, ""label_mode"": ""components"", ""n_cover"": 15, ""space"": ""euclidean"", ""threshold"": 0.5}",0.1.0,2026-06-20T16:51:14+00:00,fuzzy_euclidean
moons,fuzzy_cover,clustering,ari,0.0,0,800,2,0.017,15,"{""fuzzifier"": 2.0, ""graph_algorithm"": ""umap"", ""knn"": 15, ""label_mode"": ""components"", ""n_cover"": 15, ""space"": ""euclidean"", ""threshold"": 0.5}",0.1.0,2026-06-20T16:51:14+00:00,fuzzy_euclidean
moons,fuzzy_cover,clustering,ami,0.0,0,800,2,0.017,15,"{""fuzzifier"": 2.0, ""graph_algorithm"": ""umap"", ""knn"": 15, ""label_mode"": ""components"", ""n_cover"": 15, ""space"": ""euclidean"", ""threshold"": 0.5}",0.1.0,2026-06-20T16:51:14+00:00,fuzzy_euclidean
moons,fuzzy_cover,clustering,nmi,0.0,0,800,2,0.017,15,"{""fuzzifier"": 2.0, ""graph_algorithm"": ""umap"", ""knn"": 15, ""label_mode"": ""components"", ""n_cover"": 15, ""space"": ""euclidean"", ""threshold"": 0.5}",0.1.0,2026-06-20T16:51:14+00:00,fuzzy_euclidean
moons,fuzzy_cover,clustering,homogeneity,0.0,0,800,2,0.017,15,"{""fuzzifier"": 2.0, ""graph_algorithm"": ""umap"", ""knn"": 15, ""label_mode"": ""components"", ""n_cover"": 15, ""space"": ""euclidean"", ""threshold"": 0.5}",0.1.0,2026-06-20T16:51:14+00:00,fuzzy_euclidean
moons,fuzzy_cover,clustering,completeness,1.0,0,800,2,0.017,15,"{""fuzzifier"": 2.0, ""graph_algorithm"": ""umap"", ""knn"": 15, ""label_mode"": ""components"", ""n_cover"": 15, ""space"": ""euclidean"", ""threshold"": 0.5}",0.1.0,2026-06-20T16:51:14+00:00,fuzzy_euclidean
moons,fuzzy_cover,clustering,n_clusters_pred,1.0,0,800,2,0.017,15,"{""fuzzifier"": 2.0, ""graph_algorithm"": ""umap"", ""knn"": 15, ""label_mode"": ""components"", ""n_cover"": 15, ""space"": ""euclidean"", ""threshold"": 0.5}",0.1.0,2026-06-20T16:51:14+00:00,fuzzy_euclidean
moons,fuzzy_cover,clustering,n_clusters_true,2.0,0,800,2,0.017,15,"{""fuzzifier"": 2.0, ""graph_algorithm"": ""umap"", ""knn"": 15, ""label_mode"": ""components"", ""n_cover"": 15, ""space"": ""euclidean"", ""threshold"": 0.5}",0.1.0,2026-06-20T16:51:14+00:00,fuzzy_euclidean
moons,fuzzy_cover,cost,clustering_s,0.0007,0,800,2,0.017,15,"{""fuzzifier"": 2.0, ""graph_algorithm"": ""umap"", ""knn"": 15, ""label_mode"": ""components"", ""n_cover"": 15, ""space"": ""euclidean"", ""threshold"": 0.5}",0.1.0,2026-06-20T16:51:14+00:00,fuzzy_euclidean
moons,fuzzy_cover,cost,fit_s,0.017,0,800,2,0.017,15,"{""fuzzifier"": 2.0, ""graph_algorithm"": ""umap"", ""knn"": 15, ""label_mode"": ""components"", ""n_cover"": 15, ""space"": ""euclidean"", ""threshold"": 0.5}",0.1.0,2026-06-20T16:51:14+00:00,fuzzy_euclidean
moons,fuzzy_cover,clustering,ari,1.0,1,800,2,0.028,15,"{""fuzzifier"": 2.0, ""graph_algorithm"": ""umap"", ""knn"": 15, ""label_mode"": ""components"", ""n_cover"": 15, ""space"": ""euclidean"", ""threshold"": 0.5}",0.1.0,2026-06-20T16:51:14+00:00,fuzzy_euclidean
moons,fuzzy_cover,clustering,ami,1.0,1,800,2,0.028,15,"{""fuzzifier"": 2.0, ""graph_algorithm"": ""umap"", ""knn"": 15, ""label_mode"": ""components"", ""n_cover"": 15, ""space"": ""euclidean"", ""threshold"": 0.5}",0.1.0,2026-06-20T16:51:14+00:00,fuzzy_euclidean
moons,fuzzy_cover,clustering,nmi,1.0,1,800,2,0.028,15,"{""fuzzifier"": 2.0, ""graph_algorithm"": ""umap"", ""knn"": 15, ""label_mode"": ""components"", ""n_cover"": 15, ""space"": ""euclidean"", ""threshold"": 0.5}",0.1.0,2026-06-20T16:51:14+00:00,fuzzy_euclidean
moons,fuzzy_cover,clustering,homogeneity,1.0,1,800,2,0.028,15,"{""fuzzifier"": 2.0, ""graph_algorithm"": ""umap"", ""knn"": 15, ""label_mode"": ""components"", ""n_cover"": 15, ""space"": ""euclidean"", ""threshold"": 0.5}",0.1.0,2026-06-20T16:51:14+00:00,fuzzy_euclidean
moons,fuzzy_cover,clustering,completeness,1.0,1,800,2,0.028,15,"{""fuzzifier"": 2.0, ""graph_algorithm"": ""umap"", ""knn"": 15, ""label_mode"": ""components"", ""n_cover"": 15, ""space"": ""euclidean"", ""threshold"": 0.5}",0.1.0,2026-06-20T16:51:14+00:00,fuzzy_euclidean
moons,fuzzy_cover,clustering,n_clusters_pred,2.0,1,800,2,0.028,15,"{""fuzzifier"": 2.0, ""graph_algorithm"": ""umap"", ""knn"": 15, ""label_mode"": ""components"", ""n_cover"": 15, ""space"": ""euclidean"", ""threshold"": 0.5}",0.1.0,2026-06-20T16:51:14+00:00,fuzzy_euclidean
moons,fuzzy_cover,clustering,n_clusters_true,2.0,1,800,2,0.028,15,"{""fuzzifier"": 2.0, ""graph_algorithm"": ""umap"", ""knn"": 15, ""label_mode"": ""components"", ""n_cover"": 15, ""space"": ""euclidean"", ""threshold"": 0.5}",0.1.0,2026-06-20T16:51:14+00:00,fuzzy_euclidean
moons,fuzzy_cover,cost,clustering_s,0.0008,1,800,2,0.028,15,"{""fuzzifier"": 2.0, ""graph_algorithm"": ""umap"", ""knn"": 15, ""label_mode"": ""components"", ""n_cover"": 15, ""space"": ""euclidean"", ""threshold"": 0.5}",0.1.0,2026-06-20T16:51:14+00:00,fuzzy_euclidean
moons,fuzzy_cover,cost,fit_s,0.028,1,800,2,0.028,15,"{""fuzzifier"": 2.0, ""graph_algorithm"": ""umap"", ""knn"": 15, ""label_mode"": ""components"", ""n_cover"": 15, ""space"": ""euclidean"", ""threshold"": 0.5}",0.1.0,2026-06-20T16:51:14+00:00,fuzzy_euclidean
moons,fuzzy_cover,clustering,ari,0.0,2,800,2,0.046,15,"{""fuzzifier"": 2.0, ""graph_algorithm"": ""umap"", ""knn"": 15, ""label_mode"": ""components"", ""n_cover"": 15, ""space"": ""euclidean"", ""threshold"": 0.5}",0.1.0,2026-06-20T16:51:14+00:00,fuzzy_euclidean
moons,fuzzy_cover,clustering,ami,0.0,2,800,2,0.046,15,"{""fuzzifier"": 2.0, ""graph_algorithm"": ""umap"", ""knn"": 15, ""label_mode"": ""components"", ""n_cover"": 15, ""space"": ""euclidean"", ""threshold"": 0.5}",0.1.0,2026-06-20T16:51:14+00:00,fuzzy_euclidean
moons,fuzzy_cover,clustering,nmi,0.0,2,800,2,0.046,15,"{""fuzzifier"": 2.0, ""graph_algorithm"": ""umap"", ""knn"": 15, ""label_mode"": ""components"", ""n_cover"": 15, ""space"": ""euclidean"", ""threshold"": 0.5}",0.1.0,2026-06-20T16:51:14+00:00,fuzzy_euclidean
moons,fuzzy_cover,clustering,homogeneity,0.0,2,800,2,0.046,15,"{""fuzzifier"": 2.0, ""graph_algorithm"": ""umap"", ""knn"": 15, ""label_mode"": ""components"", ""n_cover"": 15, ""space"": ""euclidean"", ""threshold"": 0.5}",0.1.0,2026-06-20T16:51:14+00:00,fuzzy_euclidean
moons,fuzzy_cover,clustering,completeness,1.0,2,800,2,0.046,15,"{""fuzzifier"": 2.0, ""graph_algorithm"": ""umap"", ""knn"": 15, ""label_mode"": ""components"", ""n_cover"": 15, ""space"": ""euclidean"", ""threshold"": 0.5}",0.1.0,2026-06-20T16:51:14+00:00,fuzzy_euclidean
moons,fuzzy_cover,clustering,n_clusters_pred,1.0,2,800,2,0.046,15,"{""fuzzifier"": 2.0, ""graph_algorithm"": ""umap"", ""knn"": 15, ""label_mode"": ""components"", ""n_cover"": 15, ""space"": ""euclidean"", ""threshold"": 0.5}",0.1.0,2026-06-20T16:51:14+00:00,fuzzy_euclidean
moons,fuzzy_cover,clustering,n_clusters_true,2.0,2,800,2,0.046,15,"{""fuzzifier"": 2.0, ""graph_algorithm"": ""umap"", ""knn"": 15, ""label_mode"": ""components"", ""n_cover"": 15, ""space"": ""euclidean"", ""threshold"": 0.5}",0.1.0,2026-06-20T16:51:14+00:00,fuzzy_euclidean
moons,fuzzy_cover,cost,clustering_s,0.0008,2,800,2,0.046,15,"{""fuzzifier"": 2.0, ""graph_algorithm"": ""umap"", ""knn"": 15, ""label_mode"": ""components"", ""n_cover"": 15, ""space"": ""euclidean"", ""threshold"": 0.5}",0.1.0,2026-06-20T16:51:14+00:00,fuzzy_euclidean
moons,fuzzy_cover,cost,fit_s,0.046,2,800,2,0.046,15,"{""fuzzifier"": 2.0, ""graph_algorithm"": ""umap"", ""knn"": 15, ""label_mode"": ""components"", ""n_cover"": 15, ""space"": ""euclidean"", ""threshold"": 0.5}",0.1.0,2026-06-20T16:51:14+00:00,fuzzy_euclidean
nested_circles,fuzzy_cover,clustering,ari,0.0,0,800,2,0.021,15,"{""fuzzifier"": 2.0, ""graph_algorithm"": ""umap"", ""knn"": 15, ""label_mode"": ""components"", ""n_cover"": 15, ""space"": ""euclidean"", ""threshold"": 0.5}",0.1.0,2026-06-20T16:51:14+00:00,fuzzy_euclidean
nested_circles,fuzzy_cover,clustering,ami,0.0,0,800,2,0.021,15,"{""fuzzifier"": 2.0, ""graph_algorithm"": ""umap"", ""knn"": 15, ""label_mode"": ""components"", ""n_cover"": 15, ""space"": ""euclidean"", ""threshold"": 0.5}",0.1.0,2026-06-20T16:51:14+00:00,fuzzy_euclidean
nested_circles,fuzzy_cover,clustering,nmi,0.0,0,800,2,0.021,15,"{""fuzzifier"": 2.0, ""graph_algorithm"": ""umap"", ""knn"": 15, ""label_mode"": ""components"", ""n_cover"": 15, ""space"": ""euclidean"", ""threshold"": 0.5}",0.1.0,2026-06-20T16:51:14+00:00,fuzzy_euclidean
nested_circles,fuzzy_cover,clustering,homogeneity,0.0,0,800,2,0.021,15,"{""fuzzifier"": 2.0, ""graph_algorithm"": ""umap"", ""knn"": 15, ""label_mode"": ""components"", ""n_cover"": 15, ""space"": ""euclidean"", ""threshold"": 0.5}",0.1.0,2026-06-20T16:51:14+00:00,fuzzy_euclidean
nested_circles,fuzzy_cover,clustering,completeness,1.0,0,800,2,0.021,15,"{""fuzzifier"": 2.0, ""graph_algorithm"": ""umap"", ""knn"": 15, ""label_mode"": ""components"", ""n_cover"": 15, ""space"": ""euclidean"", ""threshold"": 0.5}",0.1.0,2026-06-20T16:51:14+00:00,fuzzy_euclidean
nested_circles,fuzzy_cover,clustering,n_clusters_pred,1.0,0,800,2,0.021,15,"{""fuzzifier"": 2.0, ""graph_algorithm"": ""umap"", ""knn"": 15, ""label_mode"": ""components"", ""n_cover"": 15, ""space"": ""euclidean"", ""threshold"": 0.5}",0.1.0,2026-06-20T16:51:14+00:00,fuzzy_euclidean
nested_circles,fuzzy_cover,clustering,n_clusters_true,2.0,0,800,2,0.021,15,"{""fuzzifier"": 2.0, ""graph_algorithm"": ""umap"", ""knn"": 15, ""label_mode"": ""components"", ""n_cover"": 15, ""space"": ""euclidean"", ""threshold"": 0.5}",0.1.0,2026-06-20T16:51:14+00:00,fuzzy_euclidean
nested_circles,fuzzy_cover,cost,clustering_s,0.0007,0,800,2,0.021,15,"{""fuzzifier"": 2.0, ""graph_algorithm"": ""umap"", ""knn"": 15, ""label_mode"": ""components"", ""n_cover"": 15, ""space"": ""euclidean"", ""threshold"": 0.5}",0.1.0,2026-06-20T16:51:14+00:00,fuzzy_euclidean
nested_circles,fuzzy_cover,cost,fit_s,0.021,0,800,2,0.021,15,"{""fuzzifier"": 2.0, ""graph_algorithm"": ""umap"", ""knn"": 15, ""label_mode"": ""components"", ""n_cover"": 15, ""space"": ""euclidean"", ""threshold"": 0.5}",0.1.0,2026-06-20T16:51:14+00:00,fuzzy_euclidean
nested_circles,fuzzy_cover,clustering,ari,0.0,1,800,2,0.039,15,"{""fuzzifier"": 2.0, ""graph_algorithm"": ""umap"", ""knn"": 15, ""label_mode"": ""components"", ""n_cover"": 15, ""space"": ""euclidean"", ""threshold"": 0.5}",0.1.0,2026-06-20T16:51:14+00:00,fuzzy_euclidean
nested_circles,fuzzy_cover,clustering,ami,0.0,1,800,2,0.039,15,"{""fuzzifier"": 2.0, ""graph_algorithm"": ""umap"", ""knn"": 15, ""label_mode"": ""components"", ""n_cover"": 15, ""space"": ""euclidean"", ""threshold"": 0.5}",0.1.0,2026-06-20T16:51:14+00:00,fuzzy_euclidean
nested_circles,fuzzy_cover,clustering,nmi,0.0,1,800,2,0.039,15,"{""fuzzifier"": 2.0, ""graph_algorithm"": ""umap"", ""knn"": 15, ""label_mode"": ""components"", ""n_cover"": 15, ""space"": ""euclidean"", ""threshold"": 0.5}",0.1.0,2026-06-20T16:51:14+00:00,fuzzy_euclidean
nested_circles,fuzzy_cover,clustering,homogeneity,0.0,1,800,2,0.039,15,"{""fuzzifier"": 2.0, ""graph_algorithm"": ""umap"", ""knn"": 15, ""label_mode"": ""components"", ""n_cover"": 15, ""space"": ""euclidean"", ""threshold"": 0.5}",0.1.0,2026-06-20T16:51:14+00:00,fuzzy_euclidean
nested_circles,fuzzy_cover,clustering,completeness,1.0,1,800,2,0.039,15,"{""fuzzifier"": 2.0, ""graph_algorithm"": ""umap"", ""knn"": 15, ""label_mode"": ""components"", ""n_cover"": 15, ""space"": ""euclidean"", ""threshold"": 0.5}",0.1.0,2026-06-20T16:51:14+00:00,fuzzy_euclidean
nested_circles,fuzzy_cover,clustering,n_clusters_pred,1.0,1,800,2,0.039,15,"{""fuzzifier"": 2.0, ""graph_algorithm"": ""umap"", ""knn"": 15, ""label_mode"": ""components"", ""n_cover"": 15, ""space"": ""euclidean"", ""threshold"": 0.5}",0.1.0,2026-06-20T16:51:14+00:00,fuzzy_euclidean
nested_circles,fuzzy_cover,clustering,n_clusters_true,2.0,1,800,2,0.039,15,"{""fuzzifier"": 2.0, ""graph_algorithm"": ""umap"", ""knn"": 15, ""label_mode"": ""components"", ""n_cover"": 15, ""space"": ""euclidean"", ""threshold"": 0.5}",0.1.0,2026-06-20T16:51:14+00:00,fuzzy_euclidean
nested_circles,fuzzy_cover,cost,clustering_s,0.0008,1,800,2,0.039,15,"{""fuzzifier"": 2.0, ""graph_algorithm"": ""umap"", ""knn"": 15, ""label_mode"": ""components"", ""n_cover"": 15, ""space"": ""euclidean"", ""threshold"": 0.5}",0.1.0,2026-06-20T16:51:14+00:00,fuzzy_euclidean
nested_circles,fuzzy_cover,cost,fit_s,0.039,1,800,2,0.039,15,"{""fuzzifier"": 2.0, ""graph_algorithm"": ""umap"", ""knn"": 15, ""label_mode"": ""components"", ""n_cover"": 15, ""space"": ""euclidean"", ""threshold"": 0.5}",0.1.0,2026-06-20T16:51:14+00:00,fuzzy_euclidean
nested_circles,fuzzy_cover,clustering,ari,0.0,2,800,2,0.035,15,"{""fuzzifier"": 2.0, ""graph_algorithm"": ""umap"", ""knn"": 15, ""label_mode"": ""components"", ""n_cover"": 15, ""space"": ""euclidean"", ""threshold"": 0.5}",0.1.0,2026-06-20T16:51:14+00:00,fuzzy_euclidean
nested_circles,fuzzy_cover,clustering,ami,0.0,2,800,2,0.035,15,"{""fuzzifier"": 2.0, ""graph_algorithm"": ""umap"", ""knn"": 15, ""label_mode"": ""components"", ""n_cover"": 15, ""space"": ""euclidean"", ""threshold"": 0.5}",0.1.0,2026-06-20T16:51:14+00:00,fuzzy_euclidean
nested_circles,fuzzy_cover,clustering,nmi,0.0,2,800,2,0.035,15,"{""fuzzifier"": 2.0, ""graph_algorithm"": ""umap"", ""knn"": 15, ""label_mode"": ""components"", ""n_cover"": 15, ""space"": ""euclidean"", ""threshold"": 0.5}",0.1.0,2026-06-20T16:51:14+00:00,fuzzy_euclidean
nested_circles,fuzzy_cover,clustering,homogeneity,0.0,2,800,2,0.035,15,"{""fuzzifier"": 2.0, ""graph_algorithm"": ""umap"", ""knn"": 15, ""label_mode"": ""components"", ""n_cover"": 15, ""space"": ""euclidean"", ""threshold"": 0.5}",0.1.0,2026-06-20T16:51:14+00:00,fuzzy_euclidean
nested_circles,fuzzy_cover,clustering,completeness,1.0,2,800,2,0.035,15,"{""fuzzifier"": 2.0, ""graph_algorithm"": ""umap"", ""knn"": 15, ""label_mode"": ""components"", ""n_cover"": 15, ""space"": ""euclidean"", ""threshold"": 0.5}",0.1.0,2026-06-20T16:51:14+00:00,fuzzy_euclidean
nested_circles,fuzzy_cover,clustering,n_clusters_pred,1.0,2,800,2,0.035,15,"{""fuzzifier"": 2.0, ""graph_algorithm"": ""umap"", ""knn"": 15, ""label_mode"": ""components"", ""n_cover"": 15, ""space"": ""euclidean"", ""threshold"": 0.5}",0.1.0,2026-06-20T16:51:14+00:00,fuzzy_euclidean
nested_circles,fuzzy_cover,clustering,n_clusters_true,2.0,2,800,2,0.035,15,"{""fuzzifier"": 2.0, ""graph_algorithm"": ""umap"", ""knn"": 15, ""label_mode"": ""components"", ""n_cover"": 15, ""space"": ""euclidean"", ""threshold"": 0.5}",0.1.0,2026-06-20T16:51:14+00:00,fuzzy_euclidean
nested_circles,fuzzy_cover,cost,clustering_s,0.0008,2,800,2,0.035,15,"{""fuzzifier"": 2.0, ""graph_algorithm"": ""umap"", ""knn"": 15, ""label_mode"": ""components"", ""n_cover"": 15, ""space"": ""euclidean"", ""threshold"": 0.5}",0.1.0,2026-06-20T16:51:14+00:00,fuzzy_euclidean
nested_circles,fuzzy_cover,cost,fit_s,0.035,2,800,2,0.035,15,"{""fuzzifier"": 2.0, ""graph_algorithm"": ""umap"", ""knn"": 15, ""label_mode"": ""components"", ""n_cover"": 15, ""space"": ""euclidean"", ""threshold"": 0.5}",0.1.0,2026-06-20T16:51:14+00:00,fuzzy_euclidean
iris,fuzzy_cover,clustering,ari,0.5657466140922338,0,150,4,0.003,15,"{""fuzzifier"": 2.0, ""graph_algorithm"": ""umap"", ""knn"": 15, ""label_mode"": ""components"", ""n_cover"": 15, ""space"": ""euclidean"", ""threshold"": 0.5}",0.1.0,2026-06-20T16:51:14+00:00,fuzzy_euclidean
iris,fuzzy_cover,clustering,ami,0.7189943136755855,0,150,4,0.003,15,"{""fuzzifier"": 2.0, ""graph_algorithm"": ""umap"", ""knn"": 15, ""label_mode"": ""components"", ""n_cover"": 15, ""space"": ""euclidean"", ""threshold"": 0.5}",0.1.0,2026-06-20T16:51:14+00:00,fuzzy_euclidean
iris,fuzzy_cover,clustering,nmi,0.7234786973342675,0,150,4,0.003,15,"{""fuzzifier"": 2.0, ""graph_algorithm"": ""umap"", ""knn"": 15, ""label_mode"": ""components"", ""n_cover"": 15, ""space"": ""euclidean"", ""threshold"": 0.5}",0.1.0,2026-06-20T16:51:14+00:00,fuzzy_euclidean
iris,fuzzy_cover,clustering,homogeneity,0.5836170109494356,0,150,4,0.003,15,"{""fuzzifier"": 2.0, ""graph_algorithm"": ""umap"", ""knn"": 15, ""label_mode"": ""components"", ""n_cover"": 15, ""space"": ""euclidean"", ""threshold"": 0.5}",0.1.0,2026-06-20T16:51:14+00:00,fuzzy_euclidean
iris,fuzzy_cover,clustering,completeness,0.9515028923610039,0,150,4,0.003,15,"{""fuzzifier"": 2.0, ""graph_algorithm"": ""umap"", ""knn"": 15, ""label_mode"": ""components"", ""n_cover"": 15, ""space"": ""euclidean"", ""threshold"": 0.5}",0.1.0,2026-06-20T16:51:14+00:00,fuzzy_euclidean
iris,fuzzy_cover,clustering,n_clusters_pred,3.0,0,150,4,0.003,15,"{""fuzzifier"": 2.0, ""graph_algorithm"": ""umap"", ""knn"": 15, ""label_mode"": ""components"", ""n_cover"": 15, ""space"": ""euclidean"", ""threshold"": 0.5}",0.1.0,2026-06-20T16:51:14+00:00,fuzzy_euclidean
iris,fuzzy_cover,clustering,n_clusters_true,3.0,0,150,4,0.003,15,"{""fuzzifier"": 2.0, ""graph_algorithm"": ""umap"", ""knn"": 15, ""label_mode"": ""components"", ""n_cover"": 15, ""space"": ""euclidean"", ""threshold"": 0.5}",0.1.0,2026-06-20T16:51:14+00:00,fuzzy_euclidean
iris,fuzzy_cover,cost,clustering_s,0.0005,0,150,4,0.003,15,"{""fuzzifier"": 2.0, ""graph_algorithm"": ""umap"", ""knn"": 15, ""label_mode"": ""components"", ""n_cover"": 15, ""space"": ""euclidean"", ""threshold"": 0.5}",0.1.0,2026-06-20T16:51:14+00:00,fuzzy_euclidean
iris,fuzzy_cover,cost,fit_s,0.003,0,150,4,0.003,15,"{""fuzzifier"": 2.0, ""graph_algorithm"": ""umap"", ""knn"": 15, ""label_mode"": ""components"", ""n_cover"": 15, ""space"": ""euclidean"", ""threshold"": 0.5}",0.1.0,2026-06-20T16:51:14+00:00,fuzzy_euclidean
iris,fuzzy_cover,clustering,ari,0.5681159420289855,1,150,4,0.003,15,"{""fuzzifier"": 2.0, ""graph_algorithm"": ""umap"", ""knn"": 15, ""label_mode"": ""components"", ""n_cover"": 15, ""space"": ""euclidean"", ""threshold"": 0.5}",0.1.0,2026-06-20T16:51:14+00:00,fuzzy_euclidean
iris,fuzzy_cover,clustering,ami,0.7315847607219574,1,150,4,0.003,15,"{""fuzzifier"": 2.0, ""graph_algorithm"": ""umap"", ""knn"": 15, ""label_mode"": ""components"", ""n_cover"": 15, ""space"": ""euclidean"", ""threshold"": 0.5}",0.1.0,2026-06-20T16:51:14+00:00,fuzzy_euclidean
iris,fuzzy_cover,clustering,nmi,0.7336804366512104,1,150,4,0.003,15,"{""fuzzifier"": 2.0, ""graph_algorithm"": ""umap"", ""knn"": 15, ""label_mode"": ""components"", ""n_cover"": 15, ""space"": ""euclidean"", ""threshold"": 0.5}",0.1.0,2026-06-20T16:51:14+00:00,fuzzy_euclidean
iris,fuzzy_cover,clustering,homogeneity,0.5793801642856945,1,150,4,0.003,15,"{""fuzzifier"": 2.0, ""graph_algorithm"": ""umap"", ""knn"": 15, ""label_mode"": ""components"", ""n_cover"": 15, ""space"": ""euclidean"", ""threshold"": 0.5}",0.1.0,2026-06-20T16:51:14+00:00,fuzzy_euclidean
iris,fuzzy_cover,clustering,completeness,0.9999999999999997,1,150,4,0.003,15,"{""fuzzifier"": 2.0, ""graph_algorithm"": ""umap"", ""knn"": 15, ""label_mode"": ""components"", ""n_cover"": 15, ""space"": ""euclidean"", ""threshold"": 0.5}",0.1.0,2026-06-20T16:51:14+00:00,fuzzy_euclidean
iris,fuzzy_cover,clustering,n_clusters_pred,2.0,1,150,4,0.003,15,"{""fuzzifier"": 2.0, ""graph_algorithm"": ""umap"", ""knn"": 15, ""label_mode"": ""components"", ""n_cover"": 15, ""space"": ""euclidean"", ""threshold"": 0.5}",0.1.0,2026-06-20T16:51:14+00:00,fuzzy_euclidean
iris,fuzzy_cover,clustering,n_clusters_true,3.0,1,150,4,0.003,15,"{""fuzzifier"": 2.0, ""graph_algorithm"": ""umap"", ""knn"": 15, ""label_mode"": ""components"", ""n_cover"": 15, ""space"": ""euclidean"", ""threshold"": 0.5}",0.1.0,2026-06-20T16:51:14+00:00,fuzzy_euclidean
iris,fuzzy_cover,cost,clustering_s,0.0005,1,150,4,0.003,15,"{""fuzzifier"": 2.0, ""graph_algorithm"": ""umap"", ""knn"": 15, ""label_mode"": ""components"", ""n_cover"": 15, ""space"": ""euclidean"", ""threshold"": 0.5}",0.1.0,2026-06-20T16:51:14+00:00,fuzzy_euclidean
iris,fuzzy_cover,cost,fit_s,0.003,1,150,4,0.003,15,"{""fuzzifier"": 2.0, ""graph_algorithm"": ""umap"", ""knn"": 15, ""label_mode"": ""components"", ""n_cover"": 15, ""space"": ""euclidean"", ""threshold"": 0.5}",0.1.0,2026-06-20T16:51:14+00:00,fuzzy_euclidean
iris,fuzzy_cover,clustering,ari,0.5681159420289855,2,150,4,0.003,15,"{""fuzzifier"": 2.0, ""graph_algorithm"": ""umap"", ""knn"": 15, ""label_mode"": ""components"", ""n_cover"": 15, ""space"": ""euclidean"", ""threshold"": 0.5}",0.1.0,2026-06-20T16:51:14+00:00,fuzzy_euclidean
iris,fuzzy_cover,clustering,ami,0.7315847607219574,2,150,4,0.003,15,"{""fuzzifier"": 2.0, ""graph_algorithm"": ""umap"", ""knn"": 15, ""label_mode"": ""components"", ""n_cover"": 15, ""space"": ""euclidean"", ""threshold"": 0.5}",0.1.0,2026-06-20T16:51:14+00:00,fuzzy_euclidean
iris,fuzzy_cover,clustering,nmi,0.7336804366512104,2,150,4,0.003,15,"{""fuzzifier"": 2.0, ""graph_algorithm"": ""umap"", ""knn"": 15, ""label_mode"": ""components"", ""n_cover"": 15, ""space"": ""euclidean"", ""threshold"": 0.5}",0.1.0,2026-06-20T16:51:14+00:00,fuzzy_euclidean
iris,fuzzy_cover,clustering,homogeneity,0.5793801642856945,2,150,4,0.003,15,"{""fuzzifier"": 2.0, ""graph_algorithm"": ""umap"", ""knn"": 15, ""label_mode"": ""components"", ""n_cover"": 15, ""space"": ""euclidean"", ""threshold"": 0.5}",0.1.0,2026-06-20T16:51:14+00:00,fuzzy_euclidean
iris,fuzzy_cover,clustering,completeness,0.9999999999999997,2,150,4,0.003,15,"{""fuzzifier"": 2.0, ""graph_algorithm"": ""umap"", ""knn"": 15, ""label_mode"": ""components"", ""n_cover"": 15, ""space"": ""euclidean"", ""threshold"": 0.5}",0.1.0,2026-06-20T16:51:14+00:00,fuzzy_euclidean
iris,fuzzy_cover,clustering,n_clusters_pred,2.0,2,150,4,0.003,15,"{""fuzzifier"": 2.0, ""graph_algorithm"": ""umap"", ""knn"": 15, ""label_mode"": ""components"", ""n_cover"": 15, ""space"": ""euclidean"", ""threshold"": 0.5}",0.1.0,2026-06-20T16:51:14+00:00,fuzzy_euclidean
iris,fuzzy_cover,clustering,n_clusters_true,3.0,2,150,4,0.003,15,"{""fuzzifier"": 2.0, ""graph_algorithm"": ""umap"", ""knn"": 15, ""label_mode"": ""components"", ""n_cover"": 15, ""space"": ""euclidean"", ""threshold"": 0.5}",0.1.0,2026-06-20T16:51:14+00:00,fuzzy_euclidean
iris,fuzzy_cover,cost,clustering_s,0.0005,2,150,4,0.003,15,"{""fuzzifier"": 2.0, ""graph_algorithm"": ""umap"", ""knn"": 15, ""label_mode"": ""components"", ""n_cover"": 15, ""space"": ""euclidean"", ""threshold"": 0.5}",0.1.0,2026-06-20T16:51:14+00:00,fuzzy_euclidean
iris,fuzzy_cover,cost,fit_s,0.003,2,150,4,0.003,15,"{""fuzzifier"": 2.0, ""graph_algorithm"": ""umap"", ""knn"": 15, ""label_mode"": ""components"", ""n_cover"": 15, ""space"": ""euclidean"", ""threshold"": 0.5}",0.1.0,2026-06-20T16:51:14+00:00,fuzzy_euclidean
wine,fuzzy_cover,clustering,ari,0.0,0,178,13,0.008,15,"{""fuzzifier"": 2.0, ""graph_algorithm"": ""umap"", ""knn"": 15, ""label_mode"": ""components"", ""n_cover"": 15, ""space"": ""euclidean"", ""threshold"": 0.5}",0.1.0,2026-06-20T16:51:14+00:00,fuzzy_euclidean
wine,fuzzy_cover,clustering,ami,0.0,0,178,13,0.008,15,"{""fuzzifier"": 2.0, ""graph_algorithm"": ""umap"", ""knn"": 15, ""label_mode"": ""components"", ""n_cover"": 15, ""space"": ""euclidean"", ""threshold"": 0.5}",0.1.0,2026-06-20T16:51:14+00:00,fuzzy_euclidean
wine,fuzzy_cover,clustering,nmi,0.0,0,178,13,0.008,15,"{""fuzzifier"": 2.0, ""graph_algorithm"": ""umap"", ""knn"": 15, ""label_mode"": ""components"", ""n_cover"": 15, ""space"": ""euclidean"", ""threshold"": 0.5}",0.1.0,2026-06-20T16:51:14+00:00,fuzzy_euclidean
wine,fuzzy_cover,clustering,homogeneity,0.0,0,178,13,0.008,15,"{""fuzzifier"": 2.0, ""graph_algorithm"": ""umap"", ""knn"": 15, ""label_mode"": ""components"", ""n_cover"": 15, ""space"": ""euclidean"", ""threshold"": 0.5}",0.1.0,2026-06-20T16:51:14+00:00,fuzzy_euclidean
wine,fuzzy_cover,clustering,completeness,1.0,0,178,13,0.008,15,"{""fuzzifier"": 2.0, ""graph_algorithm"": ""umap"", ""knn"": 15, ""label_mode"": ""components"", ""n_cover"": 15, ""space"": ""euclidean"", ""threshold"": 0.5}",0.1.0,2026-06-20T16:51:14+00:00,fuzzy_euclidean
wine,fuzzy_cover,clustering,n_clusters_pred,1.0,0,178,13,0.008,15,"{""fuzzifier"": 2.0, ""graph_algorithm"": ""umap"", ""knn"": 15, ""label_mode"": ""components"", ""n_cover"": 15, ""space"": ""euclidean"", ""threshold"": 0.5}",0.1.0,2026-06-20T16:51:14+00:00,fuzzy_euclidean
wine,fuzzy_cover,clustering,n_clusters_true,3.0,0,178,13,0.008,15,"{""fuzzifier"": 2.0, ""graph_algorithm"": ""umap"", ""knn"": 15, ""label_mode"": ""components"", ""n_cover"": 15, ""space"": ""euclidean"", ""threshold"": 0.5}",0.1.0,2026-06-20T16:51:14+00:00,fuzzy_euclidean
wine,fuzzy_cover,cost,clustering_s,0.0005,0,178,13,0.008,15,"{""fuzzifier"": 2.0, ""graph_algorithm"": ""umap"", ""knn"": 15, ""label_mode"": ""components"", ""n_cover"": 15, ""space"": ""euclidean"", ""threshold"": 0.5}",0.1.0,2026-06-20T16:51:14+00:00,fuzzy_euclidean
wine,fuzzy_cover,cost,fit_s,0.008,0,178,13,0.008,15,"{""fuzzifier"": 2.0, ""graph_algorithm"": ""umap"", ""knn"": 15, ""label_mode"": ""components"", ""n_cover"": 15, ""space"": ""euclidean"", ""threshold"": 0.5}",0.1.0,2026-06-20T16:51:14+00:00,fuzzy_euclidean
wine,fuzzy_cover,clustering,ari,0.0,1,178,13,0.006,15,"{""fuzzifier"": 2.0, ""graph_algorithm"": ""umap"", ""knn"": 15, ""label_mode"": ""components"", ""n_cover"": 15, ""space"": ""euclidean"", ""threshold"": 0.5}",0.1.0,2026-06-20T16:51:14+00:00,fuzzy_euclidean
wine,fuzzy_cover,clustering,ami,0.0,1,178,13,0.006,15,"{""fuzzifier"": 2.0, ""graph_algorithm"": ""umap"", ""knn"": 15, ""label_mode"": ""components"", ""n_cover"": 15, ""space"": ""euclidean"", ""threshold"": 0.5}",0.1.0,2026-06-20T16:51:14+00:00,fuzzy_euclidean
wine,fuzzy_cover,clustering,nmi,0.0,1,178,13,0.006,15,"{""fuzzifier"": 2.0, ""graph_algorithm"": ""umap"", ""knn"": 15, ""label_mode"": ""components"", ""n_cover"": 15, ""space"": ""euclidean"", ""threshold"": 0.5}",0.1.0,2026-06-20T16:51:14+00:00,fuzzy_euclidean
wine,fuzzy_cover,clustering,homogeneity,0.0,1,178,13,0.006,15,"{""fuzzifier"": 2.0, ""graph_algorithm"": ""umap"", ""knn"": 15, ""label_mode"": ""components"", ""n_cover"": 15, ""space"": ""euclidean"", ""threshold"": 0.5}",0.1.0,2026-06-20T16:51:14+00:00,fuzzy_euclidean
wine,fuzzy_cover,clustering,completeness,1.0,1,178,13,0.006,15,"{""fuzzifier"": 2.0, ""graph_algorithm"": ""umap"", ""knn"": 15, ""label_mode"": ""components"", ""n_cover"": 15, ""space"": ""euclidean"", ""threshold"": 0.5}",0.1.0,2026-06-20T16:51:14+00:00,fuzzy_euclidean
wine,fuzzy_cover,clustering,n_clusters_pred,1.0,1,178,13,0.006,15,"{""fuzzifier"": 2.0, ""graph_algorithm"": ""umap"", ""knn"": 15, ""label_mode"": ""components"", ""n_cover"": 15, ""space"": ""euclidean"", ""threshold"": 0.5}",0.1.0,2026-06-20T16:51:14+00:00,fuzzy_euclidean
wine,fuzzy_cover,clustering,n_clusters_true,3.0,1,178,13,0.006,15,"{""fuzzifier"": 2.0, ""graph_algorithm"": ""umap"", ""knn"": 15, ""label_mode"": ""components"", ""n_cover"": 15, ""space"": ""euclidean"", ""threshold"": 0.5}",0.1.0,2026-06-20T16:51:14+00:00,fuzzy_euclidean
wine,fuzzy_cover,cost,clustering_s,0.0006,1,178,13,0.006,15,"{""fuzzifier"": 2.0, ""graph_algorithm"": ""umap"", ""knn"": 15, ""label_mode"": ""components"", ""n_cover"": 15, ""space"": ""euclidean"", ""threshold"": 0.5}",0.1.0,2026-06-20T16:51:14+00:00,fuzzy_euclidean
wine,fuzzy_cover,cost,fit_s,0.006,1,178,13,0.006,15,"{""fuzzifier"": 2.0, ""graph_algorithm"": ""umap"", ""knn"": 15, ""label_mode"": ""components"", ""n_cover"": 15, ""space"": ""euclidean"", ""threshold"": 0.5}",0.1.0,2026-06-20T16:51:14+00:00,fuzzy_euclidean
wine,fuzzy_cover,clustering,ari,0.0,2,178,13,0.004,15,"{""fuzzifier"": 2.0, ""graph_algorithm"": ""umap"", ""knn"": 15, ""label_mode"": ""components"", ""n_cover"": 15, ""space"": ""euclidean"", ""threshold"": 0.5}",0.1.0,2026-06-20T16:51:14+00:00,fuzzy_euclidean
wine,fuzzy_cover,clustering,ami,0.0,2,178,13,0.004,15,"{""fuzzifier"": 2.0, ""graph_algorithm"": ""umap"", ""knn"": 15, ""label_mode"": ""components"", ""n_cover"": 15, ""space"": ""euclidean"", ""threshold"": 0.5}",0.1.0,2026-06-20T16:51:14+00:00,fuzzy_euclidean
wine,fuzzy_cover,clustering,nmi,0.0,2,178,13,0.004,15,"{""fuzzifier"": 2.0, ""graph_algorithm"": ""umap"", ""knn"": 15, ""label_mode"": ""components"", ""n_cover"": 15, ""space"": ""euclidean"", ""threshold"": 0.5}",0.1.0,2026-06-20T16:51:14+00:00,fuzzy_euclidean
wine,fuzzy_cover,clustering,homogeneity,0.0,2,178,13,0.004,15,"{""fuzzifier"": 2.0, ""graph_algorithm"": ""umap"", ""knn"": 15, ""label_mode"": ""components"", ""n_cover"": 15, ""space"": ""euclidean"", ""threshold"": 0.5}",0.1.0,2026-06-20T16:51:14+00:00,fuzzy_euclidean
wine,fuzzy_cover,clustering,completeness,1.0,2,178,13,0.004,15,"{""fuzzifier"": 2.0, ""graph_algorithm"": ""umap"", ""knn"": 15, ""label_mode"": ""components"", ""n_cover"": 15, ""space"": ""euclidean"", ""threshold"": 0.5}",0.1.0,2026-06-20T16:51:14+00:00,fuzzy_euclidean
wine,fuzzy_cover,clustering,n_clusters_pred,1.0,2,178,13,0.004,15,"{""fuzzifier"": 2.0, ""graph_algorithm"": ""umap"", ""knn"": 15, ""label_mode"": ""components"", ""n_cover"": 15, ""space"": ""euclidean"", ""threshold"": 0.5}",0.1.0,2026-06-20T16:51:14+00:00,fuzzy_euclidean
wine,fuzzy_cover,clustering,n_clusters_true,3.0,2,178,13,0.004,15,"{""fuzzifier"": 2.0, ""graph_algorithm"": ""umap"", ""knn"": 15, ""label_mode"": ""components"", ""n_cover"": 15, ""space"": ""euclidean"", ""threshold"": 0.5}",0.1.0,2026-06-20T16:51:14+00:00,fuzzy_euclidean
wine,fuzzy_cover,cost,clustering_s,0.0005,2,178,13,0.004,15,"{""fuzzifier"": 2.0, ""graph_algorithm"": ""umap"", ""knn"": 15, ""label_mode"": ""components"", ""n_cover"": 15, ""space"": ""euclidean"", ""threshold"": 0.5}",0.1.0,2026-06-20T16:51:14+00:00,fuzzy_euclidean
wine,fuzzy_cover,cost,fit_s,0.004,2,178,13,0.004,15,"{""fuzzifier"": 2.0, ""graph_algorithm"": ""umap"", ""knn"": 15, ""label_mode"": ""components"", ""n_cover"": 15, ""space"": ""euclidean"", ""threshold"": 0.5}",0.1.0,2026-06-20T16:51:14+00:00,fuzzy_euclidean
digits,fuzzy_cover,clustering,ari,0.0,0,1797,64,0.006,15,"{""fuzzifier"": 2.0, ""graph_algorithm"": ""umap"", ""knn"": 15, ""label_mode"": ""components"", ""n_cover"": 15, ""space"": ""euclidean"", ""threshold"": 0.5}",0.1.0,2026-06-20T16:51:14+00:00,fuzzy_euclidean
digits,fuzzy_cover,clustering,ami,0.0,0,1797,64,0.006,15,"{""fuzzifier"": 2.0, ""graph_algorithm"": ""umap"", ""knn"": 15, ""label_mode"": ""components"", ""n_cover"": 15, ""space"": ""euclidean"", ""threshold"": 0.5}",0.1.0,2026-06-20T16:51:14+00:00,fuzzy_euclidean
digits,fuzzy_cover,clustering,nmi,0.0,0,1797,64,0.006,15,"{""fuzzifier"": 2.0, ""graph_algorithm"": ""umap"", ""knn"": 15, ""label_mode"": ""components"", ""n_cover"": 15, ""space"": ""euclidean"", ""threshold"": 0.5}",0.1.0,2026-06-20T16:51:14+00:00,fuzzy_euclidean
digits,fuzzy_cover,clustering,homogeneity,0.0,0,1797,64,0.006,15,"{""fuzzifier"": 2.0, ""graph_algorithm"": ""umap"", ""knn"": 15, ""label_mode"": ""components"", ""n_cover"": 15, ""space"": ""euclidean"", ""threshold"": 0.5}",0.1.0,2026-06-20T16:51:14+00:00,fuzzy_euclidean
digits,fuzzy_cover,clustering,completeness,1.0,0,1797,64,0.006,15,"{""fuzzifier"": 2.0, ""graph_algorithm"": ""umap"", ""knn"": 15, ""label_mode"": ""components"", ""n_cover"": 15, ""space"": ""euclidean"", ""threshold"": 0.5}",0.1.0,2026-06-20T16:51:14+00:00,fuzzy_euclidean
digits,fuzzy_cover,clustering,n_clusters_pred,1.0,0,1797,64,0.006,15,"{""fuzzifier"": 2.0, ""graph_algorithm"": ""umap"", ""knn"": 15, ""label_mode"": ""components"", ""n_cover"": 15, ""space"": ""euclidean"", ""threshold"": 0.5}",0.1.0,2026-06-20T16:51:14+00:00,fuzzy_euclidean
digits,fuzzy_cover,clustering,n_clusters_true,10.0,0,1797,64,0.006,15,"{""fuzzifier"": 2.0, ""graph_algorithm"": ""umap"", ""knn"": 15, ""label_mode"": ""components"", ""n_cover"": 15, ""space"": ""euclidean"", ""threshold"": 0.5}",0.1.0,2026-06-20T16:51:14+00:00,fuzzy_euclidean
digits,fuzzy_cover,cost,clustering_s,0.0008,0,1797,64,0.006,15,"{""fuzzifier"": 2.0, ""graph_algorithm"": ""umap"", ""knn"": 15, ""label_mode"": ""components"", ""n_cover"": 15, ""space"": ""euclidean"", ""threshold"": 0.5}",0.1.0,2026-06-20T16:51:14+00:00,fuzzy_euclidean
digits,fuzzy_cover,cost,fit_s,0.006,0,1797,64,0.006,15,"{""fuzzifier"": 2.0, ""graph_algorithm"": ""umap"", ""knn"": 15, ""label_mode"": ""components"", ""n_cover"": 15, ""space"": ""euclidean"", ""threshold"": 0.5}",0.1.0,2026-06-20T16:51:14+00:00,fuzzy_euclidean
digits,fuzzy_cover,clustering,ari,0.0,1,1797,64,0.007,15,"{""fuzzifier"": 2.0, ""graph_algorithm"": ""umap"", ""knn"": 15, ""label_mode"": ""components"", ""n_cover"": 15, ""space"": ""euclidean"", ""threshold"": 0.5}",0.1.0,2026-06-20T16:51:14+00:00,fuzzy_euclidean
digits,fuzzy_cover,clustering,ami,0.0,1,1797,64,0.007,15,"{""fuzzifier"": 2.0, ""graph_algorithm"": ""umap"", ""knn"": 15, ""label_mode"": ""components"", ""n_cover"": 15, ""space"": ""euclidean"", ""threshold"": 0.5}",0.1.0,2026-06-20T16:51:14+00:00,fuzzy_euclidean
digits,fuzzy_cover,clustering,nmi,0.0,1,1797,64,0.007,15,"{""fuzzifier"": 2.0, ""graph_algorithm"": ""umap"", ""knn"": 15, ""label_mode"": ""components"", ""n_cover"": 15, ""space"": ""euclidean"", ""threshold"": 0.5}",0.1.0,2026-06-20T16:51:14+00:00,fuzzy_euclidean
digits,fuzzy_cover,clustering,homogeneity,0.0,1,1797,64,0.007,15,"{""fuzzifier"": 2.0, ""graph_algorithm"": ""umap"", ""knn"": 15, ""label_mode"": ""components"", ""n_cover"": 15, ""space"": ""euclidean"", ""threshold"": 0.5}",0.1.0,2026-06-20T16:51:14+00:00,fuzzy_euclidean
digits,fuzzy_cover,clustering,completeness,1.0,1,1797,64,0.007,15,"{""fuzzifier"": 2.0, ""graph_algorithm"": ""umap"", ""knn"": 15, ""label_mode"": ""components"", ""n_cover"": 15, ""space"": ""euclidean"", ""threshold"": 0.5}",0.1.0,2026-06-20T16:51:14+00:00,fuzzy_euclidean
digits,fuzzy_cover,clustering,n_clusters_pred,1.0,1,1797,64,0.007,15,"{""fuzzifier"": 2.0, ""graph_algorithm"": ""umap"", ""knn"": 15, ""label_mode"": ""components"", ""n_cover"": 15, ""space"": ""euclidean"", ""threshold"": 0.5}",0.1.0,2026-06-20T16:51:14+00:00,fuzzy_euclidean
digits,fuzzy_cover,clustering,n_clusters_true,10.0,1,1797,64,0.007,15,"{""fuzzifier"": 2.0, ""graph_algorithm"": ""umap"", ""knn"": 15, ""label_mode"": ""components"", ""n_cover"": 15, ""space"": ""euclidean"", ""threshold"": 0.5}",0.1.0,2026-06-20T16:51:14+00:00,fuzzy_euclidean
digits,fuzzy_cover,cost,clustering_s,0.0009,1,1797,64,0.007,15,"{""fuzzifier"": 2.0, ""graph_algorithm"": ""umap"", ""knn"": 15, ""label_mode"": ""components"", ""n_cover"": 15, ""space"": ""euclidean"", ""threshold"": 0.5}",0.1.0,2026-06-20T16:51:14+00:00,fuzzy_euclidean
digits,fuzzy_cover,cost,fit_s,0.007,1,1797,64,0.007,15,"{""fuzzifier"": 2.0, ""graph_algorithm"": ""umap"", ""knn"": 15, ""label_mode"": ""components"", ""n_cover"": 15, ""space"": ""euclidean"", ""threshold"": 0.5}",0.1.0,2026-06-20T16:51:14+00:00,fuzzy_euclidean
digits,fuzzy_cover,clustering,ari,0.0,2,1797,64,0.006,15,"{""fuzzifier"": 2.0, ""graph_algorithm"": ""umap"", ""knn"": 15, ""label_mode"": ""components"", ""n_cover"": 15, ""space"": ""euclidean"", ""threshold"": 0.5}",0.1.0,2026-06-20T16:51:14+00:00,fuzzy_euclidean
digits,fuzzy_cover,clustering,ami,0.0,2,1797,64,0.006,15,"{""fuzzifier"": 2.0, ""graph_algorithm"": ""umap"", ""knn"": 15, ""label_mode"": ""components"", ""n_cover"": 15, ""space"": ""euclidean"", ""threshold"": 0.5}",0.1.0,2026-06-20T16:51:14+00:00,fuzzy_euclidean
digits,fuzzy_cover,clustering,nmi,0.0,2,1797,64,0.006,15,"{""fuzzifier"": 2.0, ""graph_algorithm"": ""umap"", ""knn"": 15, ""label_mode"": ""components"", ""n_cover"": 15, ""space"": ""euclidean"", ""threshold"": 0.5}",0.1.0,2026-06-20T16:51:14+00:00,fuzzy_euclidean
digits,fuzzy_cover,clustering,homogeneity,0.0,2,1797,64,0.006,15,"{""fuzzifier"": 2.0, ""graph_algorithm"": ""umap"", ""knn"": 15, ""label_mode"": ""components"", ""n_cover"": 15, ""space"": ""euclidean"", ""threshold"": 0.5}",0.1.0,2026-06-20T16:51:14+00:00,fuzzy_euclidean
digits,fuzzy_cover,clustering,completeness,1.0,2,1797,64,0.006,15,"{""fuzzifier"": 2.0, ""graph_algorithm"": ""umap"", ""knn"": 15, ""label_mode"": ""components"", ""n_cover"": 15, ""space"": ""euclidean"", ""threshold"": 0.5}",0.1.0,2026-06-20T16:51:14+00:00,fuzzy_euclidean
digits,fuzzy_cover,clustering,n_clusters_pred,1.0,2,1797,64,0.006,15,"{""fuzzifier"": 2.0, ""graph_algorithm"": ""umap"", ""knn"": 15, ""label_mode"": ""components"", ""n_cover"": 15, ""space"": ""euclidean"", ""threshold"": 0.5}",0.1.0,2026-06-20T16:51:14+00:00,fuzzy_euclidean
digits,fuzzy_cover,clustering,n_clusters_true,10.0,2,1797,64,0.006,15,"{""fuzzifier"": 2.0, ""graph_algorithm"": ""umap"", ""knn"": 15, ""label_mode"": ""components"", ""n_cover"": 15, ""space"": ""euclidean"", ""threshold"": 0.5}",0.1.0,2026-06-20T16:51:14+00:00,fuzzy_euclidean
digits,fuzzy_cover,cost,clustering_s,0.001,2,1797,64,0.006,15,"{""fuzzifier"": 2.0, ""graph_algorithm"": ""umap"", ""knn"": 15, ""label_mode"": ""components"", ""n_cover"": 15, ""space"": ""euclidean"", ""threshold"": 0.5}",0.1.0,2026-06-20T16:51:14+00:00,fuzzy_euclidean
digits,fuzzy_cover,cost,fit_s,0.006,2,1797,64,0.006,15,"{""fuzzifier"": 2.0, ""graph_algorithm"": ""umap"", ""knn"": 15, ""label_mode"": ""components"", ""n_cover"": 15, ""space"": ""euclidean"", ""threshold"": 0.5}",0.1.0,2026-06-20T16:51:14+00:00,fuzzy_euclidean
two_circles,fuzzy_cover,clustering,ari,0.0,0,800,2,0.094,15,"{""fuzzifier"": 2.0, ""graph_algorithm"": ""umap"", ""knn"": 15, ""label_mode"": ""components"", ""n_cover"": 15, ""space"": ""spectral"", ""threshold"": 0.5}",0.1.0,2026-06-20T16:51:15+00:00,fuzzy_spectral
two_circles,fuzzy_cover,clustering,ami,0.0,0,800,2,0.094,15,"{""fuzzifier"": 2.0, ""graph_algorithm"": ""umap"", ""knn"": 15, ""label_mode"": ""components"", ""n_cover"": 15, ""space"": ""spectral"", ""threshold"": 0.5}",0.1.0,2026-06-20T16:51:15+00:00,fuzzy_spectral
two_circles,fuzzy_cover,clustering,nmi,0.0,0,800,2,0.094,15,"{""fuzzifier"": 2.0, ""graph_algorithm"": ""umap"", ""knn"": 15, ""label_mode"": ""components"", ""n_cover"": 15, ""space"": ""spectral"", ""threshold"": 0.5}",0.1.0,2026-06-20T16:51:15+00:00,fuzzy_spectral
two_circles,fuzzy_cover,clustering,homogeneity,0.0,0,800,2,0.094,15,"{""fuzzifier"": 2.0, ""graph_algorithm"": ""umap"", ""knn"": 15, ""label_mode"": ""components"", ""n_cover"": 15, ""space"": ""spectral"", ""threshold"": 0.5}",0.1.0,2026-06-20T16:51:15+00:00,fuzzy_spectral
two_circles,fuzzy_cover,clustering,completeness,1.0,0,800,2,0.094,15,"{""fuzzifier"": 2.0, ""graph_algorithm"": ""umap"", ""knn"": 15, ""label_mode"": ""components"", ""n_cover"": 15, ""space"": ""spectral"", ""threshold"": 0.5}",0.1.0,2026-06-20T16:51:15+00:00,fuzzy_spectral
two_circles,fuzzy_cover,clustering,n_clusters_pred,1.0,0,800,2,0.094,15,"{""fuzzifier"": 2.0, ""graph_algorithm"": ""umap"", ""knn"": 15, ""label_mode"": ""components"", ""n_cover"": 15, ""space"": ""spectral"", ""threshold"": 0.5}",0.1.0,2026-06-20T16:51:15+00:00,fuzzy_spectral
two_circles,fuzzy_cover,clustering,n_clusters_true,2.0,0,800,2,0.094,15,"{""fuzzifier"": 2.0, ""graph_algorithm"": ""umap"", ""knn"": 15, ""label_mode"": ""components"", ""n_cover"": 15, ""space"": ""spectral"", ""threshold"": 0.5}",0.1.0,2026-06-20T16:51:15+00:00,fuzzy_spectral
two_circles,fuzzy_cover,cost,clustering_s,0.0007,0,800,2,0.094,15,"{""fuzzifier"": 2.0, ""graph_algorithm"": ""umap"", ""knn"": 15, ""label_mode"": ""components"", ""n_cover"": 15, ""space"": ""spectral"", ""threshold"": 0.5}",0.1.0,2026-06-20T16:51:15+00:00,fuzzy_spectral
two_circles,fuzzy_cover,cost,fit_s,0.094,0,800,2,0.094,15,"{""fuzzifier"": 2.0, ""graph_algorithm"": ""umap"", ""knn"": 15, ""label_mode"": ""components"", ""n_cover"": 15, ""space"": ""spectral"", ""threshold"": 0.5}",0.1.0,2026-06-20T16:51:15+00:00,fuzzy_spectral
two_circles,fuzzy_cover,clustering,ari,0.0,1,800,2,0.091,15,"{""fuzzifier"": 2.0, ""graph_algorithm"": ""umap"", ""knn"": 15, ""label_mode"": ""components"", ""n_cover"": 15, ""space"": ""spectral"", ""threshold"": 0.5}",0.1.0,2026-06-20T16:51:15+00:00,fuzzy_spectral
two_circles,fuzzy_cover,clustering,ami,0.0,1,800,2,0.091,15,"{""fuzzifier"": 2.0, ""graph_algorithm"": ""umap"", ""knn"": 15, ""label_mode"": ""components"", ""n_cover"": 15, ""space"": ""spectral"", ""threshold"": 0.5}",0.1.0,2026-06-20T16:51:15+00:00,fuzzy_spectral
two_circles,fuzzy_cover,clustering,nmi,0.0,1,800,2,0.091,15,"{""fuzzifier"": 2.0, ""graph_algorithm"": ""umap"", ""knn"": 15, ""label_mode"": ""components"", ""n_cover"": 15, ""space"": ""spectral"", ""threshold"": 0.5}",0.1.0,2026-06-20T16:51:15+00:00,fuzzy_spectral
two_circles,fuzzy_cover,clustering,homogeneity,0.0,1,800,2,0.091,15,"{""fuzzifier"": 2.0, ""graph_algorithm"": ""umap"", ""knn"": 15, ""label_mode"": ""components"", ""n_cover"": 15, ""space"": ""spectral"", ""threshold"": 0.5}",0.1.0,2026-06-20T16:51:15+00:00,fuzzy_spectral
two_circles,fuzzy_cover,clustering,completeness,1.0,1,800,2,0.091,15,"{""fuzzifier"": 2.0, ""graph_algorithm"": ""umap"", ""knn"": 15, ""label_mode"": ""components"", ""n_cover"": 15, ""space"": ""spectral"", ""threshold"": 0.5}",0.1.0,2026-06-20T16:51:15+00:00,fuzzy_spectral
two_circles,fuzzy_cover,clustering,n_clusters_pred,1.0,1,800,2,0.091,15,"{""fuzzifier"": 2.0, ""graph_algorithm"": ""umap"", ""knn"": 15, ""label_mode"": ""components"", ""n_cover"": 15, ""space"": ""spectral"", ""threshold"": 0.5}",0.1.0,2026-06-20T16:51:15+00:00,fuzzy_spectral
two_circles,fuzzy_cover,clustering,n_clusters_true,2.0,1,800,2,0.091,15,"{""fuzzifier"": 2.0, ""graph_algorithm"": ""umap"", ""knn"": 15, ""label_mode"": ""components"", ""n_cover"": 15, ""space"": ""spectral"", ""threshold"": 0.5}",0.1.0,2026-06-20T16:51:15+00:00,fuzzy_spectral
two_circles,fuzzy_cover,cost,clustering_s,0.0007,1,800,2,0.091,15,"{""fuzzifier"": 2.0, ""graph_algorithm"": ""umap"", ""knn"": 15, ""label_mode"": ""components"", ""n_cover"": 15, ""space"": ""spectral"", ""threshold"": 0.5}",0.1.0,2026-06-20T16:51:15+00:00,fuzzy_spectral
two_circles,fuzzy_cover,cost,fit_s,0.091,1,800,2,0.091,15,"{""fuzzifier"": 2.0, ""graph_algorithm"": ""umap"", ""knn"": 15, ""label_mode"": ""components"", ""n_cover"": 15, ""space"": ""spectral"", ""threshold"": 0.5}",0.1.0,2026-06-20T16:51:15+00:00,fuzzy_spectral
two_circles,fuzzy_cover,clustering,ari,0.0,2,800,2,0.089,15,"{""fuzzifier"": 2.0, ""graph_algorithm"": ""umap"", ""knn"": 15, ""label_mode"": ""components"", ""n_cover"": 15, ""space"": ""spectral"", ""threshold"": 0.5}",0.1.0,2026-06-20T16:51:15+00:00,fuzzy_spectral
two_circles,fuzzy_cover,clustering,ami,0.0,2,800,2,0.089,15,"{""fuzzifier"": 2.0, ""graph_algorithm"": ""umap"", ""knn"": 15, ""label_mode"": ""components"", ""n_cover"": 15, ""space"": ""spectral"", ""threshold"": 0.5}",0.1.0,2026-06-20T16:51:15+00:00,fuzzy_spectral
two_circles,fuzzy_cover,clustering,nmi,0.0,2,800,2,0.089,15,"{""fuzzifier"": 2.0, ""graph_algorithm"": ""umap"", ""knn"": 15, ""label_mode"": ""components"", ""n_cover"": 15, ""space"": ""spectral"", ""threshold"": 0.5}",0.1.0,2026-06-20T16:51:15+00:00,fuzzy_spectral
two_circles,fuzzy_cover,clustering,homogeneity,0.0,2,800,2,0.089,15,"{""fuzzifier"": 2.0, ""graph_algorithm"": ""umap"", ""knn"": 15, ""label_mode"": ""components"", ""n_cover"": 15, ""space"": ""spectral"", ""threshold"": 0.5}",0.1.0,2026-06-20T16:51:15+00:00,fuzzy_spectral
two_circles,fuzzy_cover,clustering,completeness,1.0,2,800,2,0.089,15,"{""fuzzifier"": 2.0, ""graph_algorithm"": ""umap"", ""knn"": 15, ""label_mode"": ""components"", ""n_cover"": 15, ""space"": ""spectral"", ""threshold"": 0.5}",0.1.0,2026-06-20T16:51:15+00:00,fuzzy_spectral
two_circles,fuzzy_cover,clustering,n_clusters_pred,1.0,2,800,2,0.089,15,"{""fuzzifier"": 2.0, ""graph_algorithm"": ""umap"", ""knn"": 15, ""label_mode"": ""components"", ""n_cover"": 15, ""space"": ""spectral"", ""threshold"": 0.5}",0.1.0,2026-06-20T16:51:15+00:00,fuzzy_spectral
two_circles,fuzzy_cover,clustering,n_clusters_true,2.0,2,800,2,0.089,15,"{""fuzzifier"": 2.0, ""graph_algorithm"": ""umap"", ""knn"": 15, ""label_mode"": ""components"", ""n_cover"": 15, ""space"": ""spectral"", ""threshold"": 0.5}",0.1.0,2026-06-20T16:51:15+00:00,fuzzy_spectral
two_circles,fuzzy_cover,cost,clustering_s,0.0006,2,800,2,0.089,15,"{""fuzzifier"": 2.0, ""graph_algorithm"": ""umap"", ""knn"": 15, ""label_mode"": ""components"", ""n_cover"": 15, ""space"": ""spectral"", ""threshold"": 0.5}",0.1.0,2026-06-20T16:51:15+00:00,fuzzy_spectral
two_circles,fuzzy_cover,cost,fit_s,0.089,2,800,2,0.089,15,"{""fuzzifier"": 2.0, ""graph_algorithm"": ""umap"", ""knn"": 15, ""label_mode"": ""components"", ""n_cover"": 15, ""space"": ""spectral"", ""threshold"": 0.5}",0.1.0,2026-06-20T16:51:15+00:00,fuzzy_spectral
blobs,fuzzy_cover,clustering,ari,0.0,0,900,10,0.08,15,"{""fuzzifier"": 2.0, ""graph_algorithm"": ""umap"", ""knn"": 15, ""label_mode"": ""components"", ""n_cover"": 15, ""space"": ""spectral"", ""threshold"": 0.5}",0.1.0,2026-06-20T16:51:15+00:00,fuzzy_spectral
blobs,fuzzy_cover,clustering,ami,0.0,0,900,10,0.08,15,"{""fuzzifier"": 2.0, ""graph_algorithm"": ""umap"", ""knn"": 15, ""label_mode"": ""components"", ""n_cover"": 15, ""space"": ""spectral"", ""threshold"": 0.5}",0.1.0,2026-06-20T16:51:15+00:00,fuzzy_spectral
blobs,fuzzy_cover,clustering,nmi,0.0,0,900,10,0.08,15,"{""fuzzifier"": 2.0, ""graph_algorithm"": ""umap"", ""knn"": 15, ""label_mode"": ""components"", ""n_cover"": 15, ""space"": ""spectral"", ""threshold"": 0.5}",0.1.0,2026-06-20T16:51:15+00:00,fuzzy_spectral
blobs,fuzzy_cover,clustering,homogeneity,0.0,0,900,10,0.08,15,"{""fuzzifier"": 2.0, ""graph_algorithm"": ""umap"", ""knn"": 15, ""label_mode"": ""components"", ""n_cover"": 15, ""space"": ""spectral"", ""threshold"": 0.5}",0.1.0,2026-06-20T16:51:15+00:00,fuzzy_spectral
blobs,fuzzy_cover,clustering,completeness,1.0,0,900,10,0.08,15,"{""fuzzifier"": 2.0, ""graph_algorithm"": ""umap"", ""knn"": 15, ""label_mode"": ""components"", ""n_cover"": 15, ""space"": ""spectral"", ""threshold"": 0.5}",0.1.0,2026-06-20T16:51:15+00:00,fuzzy_spectral
blobs,fuzzy_cover,clustering,n_clusters_pred,1.0,0,900,10,0.08,15,"{""fuzzifier"": 2.0, ""graph_algorithm"": ""umap"", ""knn"": 15, ""label_mode"": ""components"", ""n_cover"": 15, ""space"": ""spectral"", ""threshold"": 0.5}",0.1.0,2026-06-20T16:51:15+00:00,fuzzy_spectral
blobs,fuzzy_cover,clustering,n_clusters_true,5.0,0,900,10,0.08,15,"{""fuzzifier"": 2.0, ""graph_algorithm"": ""umap"", ""knn"": 15, ""label_mode"": ""components"", ""n_cover"": 15, ""space"": ""spectral"", ""threshold"": 0.5}",0.1.0,2026-06-20T16:51:15+00:00,fuzzy_spectral
blobs,fuzzy_cover,cost,clustering_s,0.0007,0,900,10,0.08,15,"{""fuzzifier"": 2.0, ""graph_algorithm"": ""umap"", ""knn"": 15, ""label_mode"": ""components"", ""n_cover"": 15, ""space"": ""spectral"", ""threshold"": 0.5}",0.1.0,2026-06-20T16:51:15+00:00,fuzzy_spectral
blobs,fuzzy_cover,cost,fit_s,0.08,0,900,10,0.08,15,"{""fuzzifier"": 2.0, ""graph_algorithm"": ""umap"", ""knn"": 15, ""label_mode"": ""components"", ""n_cover"": 15, ""space"": ""spectral"", ""threshold"": 0.5}",0.1.0,2026-06-20T16:51:15+00:00,fuzzy_spectral
blobs,fuzzy_cover,clustering,ari,0.0,1,900,10,0.079,15,"{""fuzzifier"": 2.0, ""graph_algorithm"": ""umap"", ""knn"": 15, ""label_mode"": ""components"", ""n_cover"": 15, ""space"": ""spectral"", ""threshold"": 0.5}",0.1.0,2026-06-20T16:51:15+00:00,fuzzy_spectral
blobs,fuzzy_cover,clustering,ami,0.0,1,900,10,0.079,15,"{""fuzzifier"": 2.0, ""graph_algorithm"": ""umap"", ""knn"": 15, ""label_mode"": ""components"", ""n_cover"": 15, ""space"": ""spectral"", ""threshold"": 0.5}",0.1.0,2026-06-20T16:51:15+00:00,fuzzy_spectral
blobs,fuzzy_cover,clustering,nmi,0.0,1,900,10,0.079,15,"{""fuzzifier"": 2.0, ""graph_algorithm"": ""umap"", ""knn"": 15, ""label_mode"": ""components"", ""n_cover"": 15, ""space"": ""spectral"", ""threshold"": 0.5}",0.1.0,2026-06-20T16:51:15+00:00,fuzzy_spectral
blobs,fuzzy_cover,clustering,homogeneity,0.0,1,900,10,0.079,15,"{""fuzzifier"": 2.0, ""graph_algorithm"": ""umap"", ""knn"": 15, ""label_mode"": ""components"", ""n_cover"": 15, ""space"": ""spectral"", ""threshold"": 0.5}",0.1.0,2026-06-20T16:51:15+00:00,fuzzy_spectral
blobs,fuzzy_cover,clustering,completeness,1.0,1,900,10,0.079,15,"{""fuzzifier"": 2.0, ""graph_algorithm"": ""umap"", ""knn"": 15, ""label_mode"": ""components"", ""n_cover"": 15, ""space"": ""spectral"", ""threshold"": 0.5}",0.1.0,2026-06-20T16:51:15+00:00,fuzzy_spectral
blobs,fuzzy_cover,clustering,n_clusters_pred,1.0,1,900,10,0.079,15,"{""fuzzifier"": 2.0, ""graph_algorithm"": ""umap"", ""knn"": 15, ""label_mode"": ""components"", ""n_cover"": 15, ""space"": ""spectral"", ""threshold"": 0.5}",0.1.0,2026-06-20T16:51:15+00:00,fuzzy_spectral
blobs,fuzzy_cover,clustering,n_clusters_true,5.0,1,900,10,0.079,15,"{""fuzzifier"": 2.0, ""graph_algorithm"": ""umap"", ""knn"": 15, ""label_mode"": ""components"", ""n_cover"": 15, ""space"": ""spectral"", ""threshold"": 0.5}",0.1.0,2026-06-20T16:51:15+00:00,fuzzy_spectral
blobs,fuzzy_cover,cost,clustering_s,0.0007,1,900,10,0.079,15,"{""fuzzifier"": 2.0, ""graph_algorithm"": ""umap"", ""knn"": 15, ""label_mode"": ""components"", ""n_cover"": 15, ""space"": ""spectral"", ""threshold"": 0.5}",0.1.0,2026-06-20T16:51:15+00:00,fuzzy_spectral
blobs,fuzzy_cover,cost,fit_s,0.079,1,900,10,0.079,15,"{""fuzzifier"": 2.0, ""graph_algorithm"": ""umap"", ""knn"": 15, ""label_mode"": ""components"", ""n_cover"": 15, ""space"": ""spectral"", ""threshold"": 0.5}",0.1.0,2026-06-20T16:51:15+00:00,fuzzy_spectral
blobs,fuzzy_cover,clustering,ari,0.0,2,900,10,0.082,15,"{""fuzzifier"": 2.0, ""graph_algorithm"": ""umap"", ""knn"": 15, ""label_mode"": ""components"", ""n_cover"": 15, ""space"": ""spectral"", ""threshold"": 0.5}",0.1.0,2026-06-20T16:51:15+00:00,fuzzy_spectral
blobs,fuzzy_cover,clustering,ami,0.0,2,900,10,0.082,15,"{""fuzzifier"": 2.0, ""graph_algorithm"": ""umap"", ""knn"": 15, ""label_mode"": ""components"", ""n_cover"": 15, ""space"": ""spectral"", ""threshold"": 0.5}",0.1.0,2026-06-20T16:51:15+00:00,fuzzy_spectral
blobs,fuzzy_cover,clustering,nmi,0.0,2,900,10,0.082,15,"{""fuzzifier"": 2.0, ""graph_algorithm"": ""umap"", ""knn"": 15, ""label_mode"": ""components"", ""n_cover"": 15, ""space"": ""spectral"", ""threshold"": 0.5}",0.1.0,2026-06-20T16:51:15+00:00,fuzzy_spectral
blobs,fuzzy_cover,clustering,homogeneity,0.0,2,900,10,0.082,15,"{""fuzzifier"": 2.0, ""graph_algorithm"": ""umap"", ""knn"": 15, ""label_mode"": ""components"", ""n_cover"": 15, ""space"": ""spectral"", ""threshold"": 0.5}",0.1.0,2026-06-20T16:51:15+00:00,fuzzy_spectral
blobs,fuzzy_cover,clustering,completeness,1.0,2,900,10,0.082,15,"{""fuzzifier"": 2.0, ""graph_algorithm"": ""umap"", ""knn"": 15, ""label_mode"": ""components"", ""n_cover"": 15, ""space"": ""spectral"", ""threshold"": 0.5}",0.1.0,2026-06-20T16:51:15+00:00,fuzzy_spectral
blobs,fuzzy_cover,clustering,n_clusters_pred,1.0,2,900,10,0.082,15,"{""fuzzifier"": 2.0, ""graph_algorithm"": ""umap"", ""knn"": 15, ""label_mode"": ""components"", ""n_cover"": 15, ""space"": ""spectral"", ""threshold"": 0.5}",0.1.0,2026-06-20T16:51:15+00:00,fuzzy_spectral
blobs,fuzzy_cover,clustering,n_clusters_true,5.0,2,900,10,0.082,15,"{""fuzzifier"": 2.0, ""graph_algorithm"": ""umap"", ""knn"": 15, ""label_mode"": ""components"", ""n_cover"": 15, ""space"": ""spectral"", ""threshold"": 0.5}",0.1.0,2026-06-20T16:51:15+00:00,fuzzy_spectral
blobs,fuzzy_cover,cost,clustering_s,0.0007,2,900,10,0.082,15,"{""fuzzifier"": 2.0, ""graph_algorithm"": ""umap"", ""knn"": 15, ""label_mode"": ""components"", ""n_cover"": 15, ""space"": ""spectral"", ""threshold"": 0.5}",0.1.0,2026-06-20T16:51:15+00:00,fuzzy_spectral
blobs,fuzzy_cover,cost,fit_s,0.082,2,900,10,0.082,15,"{""fuzzifier"": 2.0, ""graph_algorithm"": ""umap"", ""knn"": 15, ""label_mode"": ""components"", ""n_cover"": 15, ""space"": ""spectral"", ""threshold"": 0.5}",0.1.0,2026-06-20T16:51:15+00:00,fuzzy_spectral
moons,fuzzy_cover,clustering,ari,0.0,0,800,2,0.08,15,"{""fuzzifier"": 2.0, ""graph_algorithm"": ""umap"", ""knn"": 15, ""label_mode"": ""components"", ""n_cover"": 15, ""space"": ""spectral"", ""threshold"": 0.5}",0.1.0,2026-06-20T16:51:15+00:00,fuzzy_spectral
moons,fuzzy_cover,clustering,ami,0.0,0,800,2,0.08,15,"{""fuzzifier"": 2.0, ""graph_algorithm"": ""umap"", ""knn"": 15, ""label_mode"": ""components"", ""n_cover"": 15, ""space"": ""spectral"", ""threshold"": 0.5}",0.1.0,2026-06-20T16:51:15+00:00,fuzzy_spectral
moons,fuzzy_cover,clustering,nmi,0.0,0,800,2,0.08,15,"{""fuzzifier"": 2.0, ""graph_algorithm"": ""umap"", ""knn"": 15, ""label_mode"": ""components"", ""n_cover"": 15, ""space"": ""spectral"", ""threshold"": 0.5}",0.1.0,2026-06-20T16:51:15+00:00,fuzzy_spectral
moons,fuzzy_cover,clustering,homogeneity,0.0,0,800,2,0.08,15,"{""fuzzifier"": 2.0, ""graph_algorithm"": ""umap"", ""knn"": 15, ""label_mode"": ""components"", ""n_cover"": 15, ""space"": ""spectral"", ""threshold"": 0.5}",0.1.0,2026-06-20T16:51:15+00:00,fuzzy_spectral
moons,fuzzy_cover,clustering,completeness,1.0,0,800,2,0.08,15,"{""fuzzifier"": 2.0, ""graph_algorithm"": ""umap"", ""knn"": 15, ""label_mode"": ""components"", ""n_cover"": 15, ""space"": ""spectral"", ""threshold"": 0.5}",0.1.0,2026-06-20T16:51:15+00:00,fuzzy_spectral
moons,fuzzy_cover,clustering,n_clusters_pred,1.0,0,800,2,0.08,15,"{""fuzzifier"": 2.0, ""graph_algorithm"": ""umap"", ""knn"": 15, ""label_mode"": ""components"", ""n_cover"": 15, ""space"": ""spectral"", ""threshold"": 0.5}",0.1.0,2026-06-20T16:51:15+00:00,fuzzy_spectral
moons,fuzzy_cover,clustering,n_clusters_true,2.0,0,800,2,0.08,15,"{""fuzzifier"": 2.0, ""graph_algorithm"": ""umap"", ""knn"": 15, ""label_mode"": ""components"", ""n_cover"": 15, ""space"": ""spectral"", ""threshold"": 0.5}",0.1.0,2026-06-20T16:51:15+00:00,fuzzy_spectral
moons,fuzzy_cover,cost,clustering_s,0.0007,0,800,2,0.08,15,"{""fuzzifier"": 2.0, ""graph_algorithm"": ""umap"", ""knn"": 15, ""label_mode"": ""components"", ""n_cover"": 15, ""space"": ""spectral"", ""threshold"": 0.5}",0.1.0,2026-06-20T16:51:15+00:00,fuzzy_spectral
moons,fuzzy_cover,cost,fit_s,0.08,0,800,2,0.08,15,"{""fuzzifier"": 2.0, ""graph_algorithm"": ""umap"", ""knn"": 15, ""label_mode"": ""components"", ""n_cover"": 15, ""space"": ""spectral"", ""threshold"": 0.5}",0.1.0,2026-06-20T16:51:15+00:00,fuzzy_spectral
moons,fuzzy_cover,clustering,ari,0.0,1,800,2,0.082,15,"{""fuzzifier"": 2.0, ""graph_algorithm"": ""umap"", ""knn"": 15, ""label_mode"": ""components"", ""n_cover"": 15, ""space"": ""spectral"", ""threshold"": 0.5}",0.1.0,2026-06-20T16:51:15+00:00,fuzzy_spectral
moons,fuzzy_cover,clustering,ami,0.0,1,800,2,0.082,15,"{""fuzzifier"": 2.0, ""graph_algorithm"": ""umap"", ""knn"": 15, ""label_mode"": ""components"", ""n_cover"": 15, ""space"": ""spectral"", ""threshold"": 0.5}",0.1.0,2026-06-20T16:51:15+00:00,fuzzy_spectral
moons,fuzzy_cover,clustering,nmi,0.0,1,800,2,0.082,15,"{""fuzzifier"": 2.0, ""graph_algorithm"": ""umap"", ""knn"": 15, ""label_mode"": ""components"", ""n_cover"": 15, ""space"": ""spectral"", ""threshold"": 0.5}",0.1.0,2026-06-20T16:51:15+00:00,fuzzy_spectral
moons,fuzzy_cover,clustering,homogeneity,0.0,1,800,2,0.082,15,"{""fuzzifier"": 2.0, ""graph_algorithm"": ""umap"", ""knn"": 15, ""label_mode"": ""components"", ""n_cover"": 15, ""space"": ""spectral"", ""threshold"": 0.5}",0.1.0,2026-06-20T16:51:15+00:00,fuzzy_spectral
moons,fuzzy_cover,clustering,completeness,1.0,1,800,2,0.082,15,"{""fuzzifier"": 2.0, ""graph_algorithm"": ""umap"", ""knn"": 15, ""label_mode"": ""components"", ""n_cover"": 15, ""space"": ""spectral"", ""threshold"": 0.5}",0.1.0,2026-06-20T16:51:15+00:00,fuzzy_spectral
moons,fuzzy_cover,clustering,n_clusters_pred,1.0,1,800,2,0.082,15,"{""fuzzifier"": 2.0, ""graph_algorithm"": ""umap"", ""knn"": 15, ""label_mode"": ""components"", ""n_cover"": 15, ""space"": ""spectral"", ""threshold"": 0.5}",0.1.0,2026-06-20T16:51:15+00:00,fuzzy_spectral
moons,fuzzy_cover,clustering,n_clusters_true,2.0,1,800,2,0.082,15,"{""fuzzifier"": 2.0, ""graph_algorithm"": ""umap"", ""knn"": 15, ""label_mode"": ""components"", ""n_cover"": 15, ""space"": ""spectral"", ""threshold"": 0.5}",0.1.0,2026-06-20T16:51:15+00:00,fuzzy_spectral
moons,fuzzy_cover,cost,clustering_s,0.0007,1,800,2,0.082,15,"{""fuzzifier"": 2.0, ""graph_algorithm"": ""umap"", ""knn"": 15, ""label_mode"": ""components"", ""n_cover"": 15, ""space"": ""spectral"", ""threshold"": 0.5}",0.1.0,2026-06-20T16:51:15+00:00,fuzzy_spectral
moons,fuzzy_cover,cost,fit_s,0.082,1,800,2,0.082,15,"{""fuzzifier"": 2.0, ""graph_algorithm"": ""umap"", ""knn"": 15, ""label_mode"": ""components"", ""n_cover"": 15, ""space"": ""spectral"", ""threshold"": 0.5}",0.1.0,2026-06-20T16:51:15+00:00,fuzzy_spectral
moons,fuzzy_cover,clustering,ari,0.0,2,800,2,0.08,15,"{""fuzzifier"": 2.0, ""graph_algorithm"": ""umap"", ""knn"": 15, ""label_mode"": ""components"", ""n_cover"": 15, ""space"": ""spectral"", ""threshold"": 0.5}",0.1.0,2026-06-20T16:51:15+00:00,fuzzy_spectral
moons,fuzzy_cover,clustering,ami,0.0,2,800,2,0.08,15,"{""fuzzifier"": 2.0, ""graph_algorithm"": ""umap"", ""knn"": 15, ""label_mode"": ""components"", ""n_cover"": 15, ""space"": ""spectral"", ""threshold"": 0.5}",0.1.0,2026-06-20T16:51:15+00:00,fuzzy_spectral
moons,fuzzy_cover,clustering,nmi,0.0,2,800,2,0.08,15,"{""fuzzifier"": 2.0, ""graph_algorithm"": ""umap"", ""knn"": 15, ""label_mode"": ""components"", ""n_cover"": 15, ""space"": ""spectral"", ""threshold"": 0.5}",0.1.0,2026-06-20T16:51:15+00:00,fuzzy_spectral
moons,fuzzy_cover,clustering,homogeneity,0.0,2,800,2,0.08,15,"{""fuzzifier"": 2.0, ""graph_algorithm"": ""umap"", ""knn"": 15, ""label_mode"": ""components"", ""n_cover"": 15, ""space"": ""spectral"", ""threshold"": 0.5}",0.1.0,2026-06-20T16:51:15+00:00,fuzzy_spectral
moons,fuzzy_cover,clustering,completeness,1.0,2,800,2,0.08,15,"{""fuzzifier"": 2.0, ""graph_algorithm"": ""umap"", ""knn"": 15, ""label_mode"": ""components"", ""n_cover"": 15, ""space"": ""spectral"", ""threshold"": 0.5}",0.1.0,2026-06-20T16:51:15+00:00,fuzzy_spectral
moons,fuzzy_cover,clustering,n_clusters_pred,1.0,2,800,2,0.08,15,"{""fuzzifier"": 2.0, ""graph_algorithm"": ""umap"", ""knn"": 15, ""label_mode"": ""components"", ""n_cover"": 15, ""space"": ""spectral"", ""threshold"": 0.5}",0.1.0,2026-06-20T16:51:15+00:00,fuzzy_spectral
moons,fuzzy_cover,clustering,n_clusters_true,2.0,2,800,2,0.08,15,"{""fuzzifier"": 2.0, ""graph_algorithm"": ""umap"", ""knn"": 15, ""label_mode"": ""components"", ""n_cover"": 15, ""space"": ""spectral"", ""threshold"": 0.5}",0.1.0,2026-06-20T16:51:15+00:00,fuzzy_spectral
moons,fuzzy_cover,cost,clustering_s,0.0007,2,800,2,0.08,15,"{""fuzzifier"": 2.0, ""graph_algorithm"": ""umap"", ""knn"": 15, ""label_mode"": ""components"", ""n_cover"": 15, ""space"": ""spectral"", ""threshold"": 0.5}",0.1.0,2026-06-20T16:51:15+00:00,fuzzy_spectral
moons,fuzzy_cover,cost,fit_s,0.08,2,800,2,0.08,15,"{""fuzzifier"": 2.0, ""graph_algorithm"": ""umap"", ""knn"": 15, ""label_mode"": ""components"", ""n_cover"": 15, ""space"": ""spectral"", ""threshold"": 0.5}",0.1.0,2026-06-20T16:51:15+00:00,fuzzy_spectral
nested_circles,fuzzy_cover,clustering,ari,0.0,0,800,2,0.085,15,"{""fuzzifier"": 2.0, ""graph_algorithm"": ""umap"", ""knn"": 15, ""label_mode"": ""components"", ""n_cover"": 15, ""space"": ""spectral"", ""threshold"": 0.5}",0.1.0,2026-06-20T16:51:15+00:00,fuzzy_spectral
nested_circles,fuzzy_cover,clustering,ami,0.0,0,800,2,0.085,15,"{""fuzzifier"": 2.0, ""graph_algorithm"": ""umap"", ""knn"": 15, ""label_mode"": ""components"", ""n_cover"": 15, ""space"": ""spectral"", ""threshold"": 0.5}",0.1.0,2026-06-20T16:51:15+00:00,fuzzy_spectral
nested_circles,fuzzy_cover,clustering,nmi,0.0,0,800,2,0.085,15,"{""fuzzifier"": 2.0, ""graph_algorithm"": ""umap"", ""knn"": 15, ""label_mode"": ""components"", ""n_cover"": 15, ""space"": ""spectral"", ""threshold"": 0.5}",0.1.0,2026-06-20T16:51:15+00:00,fuzzy_spectral
nested_circles,fuzzy_cover,clustering,homogeneity,0.0,0,800,2,0.085,15,"{""fuzzifier"": 2.0, ""graph_algorithm"": ""umap"", ""knn"": 15, ""label_mode"": ""components"", ""n_cover"": 15, ""space"": ""spectral"", ""threshold"": 0.5}",0.1.0,2026-06-20T16:51:15+00:00,fuzzy_spectral
nested_circles,fuzzy_cover,clustering,completeness,1.0,0,800,2,0.085,15,"{""fuzzifier"": 2.0, ""graph_algorithm"": ""umap"", ""knn"": 15, ""label_mode"": ""components"", ""n_cover"": 15, ""space"": ""spectral"", ""threshold"": 0.5}",0.1.0,2026-06-20T16:51:15+00:00,fuzzy_spectral
nested_circles,fuzzy_cover,clustering,n_clusters_pred,1.0,0,800,2,0.085,15,"{""fuzzifier"": 2.0, ""graph_algorithm"": ""umap"", ""knn"": 15, ""label_mode"": ""components"", ""n_cover"": 15, ""space"": ""spectral"", ""threshold"": 0.5}",0.1.0,2026-06-20T16:51:15+00:00,fuzzy_spectral
nested_circles,fuzzy_cover,clustering,n_clusters_true,2.0,0,800,2,0.085,15,"{""fuzzifier"": 2.0, ""graph_algorithm"": ""umap"", ""knn"": 15, ""label_mode"": ""components"", ""n_cover"": 15, ""space"": ""spectral"", ""threshold"": 0.5}",0.1.0,2026-06-20T16:51:15+00:00,fuzzy_spectral
nested_circles,fuzzy_cover,cost,clustering_s,0.0007,0,800,2,0.085,15,"{""fuzzifier"": 2.0, ""graph_algorithm"": ""umap"", ""knn"": 15, ""label_mode"": ""components"", ""n_cover"": 15, ""space"": ""spectral"", ""threshold"": 0.5}",0.1.0,2026-06-20T16:51:15+00:00,fuzzy_spectral
nested_circles,fuzzy_cover,cost,fit_s,0.085,0,800,2,0.085,15,"{""fuzzifier"": 2.0, ""graph_algorithm"": ""umap"", ""knn"": 15, ""label_mode"": ""components"", ""n_cover"": 15, ""space"": ""spectral"", ""threshold"": 0.5}",0.1.0,2026-06-20T16:51:15+00:00,fuzzy_spectral
nested_circles,fuzzy_cover,clustering,ari,0.0,1,800,2,0.084,15,"{""fuzzifier"": 2.0, ""graph_algorithm"": ""umap"", ""knn"": 15, ""label_mode"": ""components"", ""n_cover"": 15, ""space"": ""spectral"", ""threshold"": 0.5}",0.1.0,2026-06-20T16:51:15+00:00,fuzzy_spectral
nested_circles,fuzzy_cover,clustering,ami,0.0,1,800,2,0.084,15,"{""fuzzifier"": 2.0, ""graph_algorithm"": ""umap"", ""knn"": 15, ""label_mode"": ""components"", ""n_cover"": 15, ""space"": ""spectral"", ""threshold"": 0.5}",0.1.0,2026-06-20T16:51:15+00:00,fuzzy_spectral
nested_circles,fuzzy_cover,clustering,nmi,0.0,1,800,2,0.084,15,"{""fuzzifier"": 2.0, ""graph_algorithm"": ""umap"", ""knn"": 15, ""label_mode"": ""components"", ""n_cover"": 15, ""space"": ""spectral"", ""threshold"": 0.5}",0.1.0,2026-06-20T16:51:15+00:00,fuzzy_spectral
nested_circles,fuzzy_cover,clustering,homogeneity,0.0,1,800,2,0.084,15,"{""fuzzifier"": 2.0, ""graph_algorithm"": ""umap"", ""knn"": 15, ""label_mode"": ""components"", ""n_cover"": 15, ""space"": ""spectral"", ""threshold"": 0.5}",0.1.0,2026-06-20T16:51:15+00:00,fuzzy_spectral
nested_circles,fuzzy_cover,clustering,completeness,1.0,1,800,2,0.084,15,"{""fuzzifier"": 2.0, ""graph_algorithm"": ""umap"", ""knn"": 15, ""label_mode"": ""components"", ""n_cover"": 15, ""space"": ""spectral"", ""threshold"": 0.5}",0.1.0,2026-06-20T16:51:15+00:00,fuzzy_spectral
nested_circles,fuzzy_cover,clustering,n_clusters_pred,1.0,1,800,2,0.084,15,"{""fuzzifier"": 2.0, ""graph_algorithm"": ""umap"", ""knn"": 15, ""label_mode"": ""components"", ""n_cover"": 15, ""space"": ""spectral"", ""threshold"": 0.5}",0.1.0,2026-06-20T16:51:15+00:00,fuzzy_spectral
nested_circles,fuzzy_cover,clustering,n_clusters_true,2.0,1,800,2,0.084,15,"{""fuzzifier"": 2.0, ""graph_algorithm"": ""umap"", ""knn"": 15, ""label_mode"": ""components"", ""n_cover"": 15, ""space"": ""spectral"", ""threshold"": 0.5}",0.1.0,2026-06-20T16:51:15+00:00,fuzzy_spectral
nested_circles,fuzzy_cover,cost,clustering_s,0.0007,1,800,2,0.084,15,"{""fuzzifier"": 2.0, ""graph_algorithm"": ""umap"", ""knn"": 15, ""label_mode"": ""components"", ""n_cover"": 15, ""space"": ""spectral"", ""threshold"": 0.5}",0.1.0,2026-06-20T16:51:15+00:00,fuzzy_spectral
nested_circles,fuzzy_cover,cost,fit_s,0.084,1,800,2,0.084,15,"{""fuzzifier"": 2.0, ""graph_algorithm"": ""umap"", ""knn"": 15, ""label_mode"": ""components"", ""n_cover"": 15, ""space"": ""spectral"", ""threshold"": 0.5}",0.1.0,2026-06-20T16:51:15+00:00,fuzzy_spectral
nested_circles,fuzzy_cover,clustering,ari,0.0,2,800,2,0.084,15,"{""fuzzifier"": 2.0, ""graph_algorithm"": ""umap"", ""knn"": 15, ""label_mode"": ""components"", ""n_cover"": 15, ""space"": ""spectral"", ""threshold"": 0.5}",0.1.0,2026-06-20T16:51:15+00:00,fuzzy_spectral
nested_circles,fuzzy_cover,clustering,ami,0.0,2,800,2,0.084,15,"{""fuzzifier"": 2.0, ""graph_algorithm"": ""umap"", ""knn"": 15, ""label_mode"": ""components"", ""n_cover"": 15, ""space"": ""spectral"", ""threshold"": 0.5}",0.1.0,2026-06-20T16:51:15+00:00,fuzzy_spectral
nested_circles,fuzzy_cover,clustering,nmi,0.0,2,800,2,0.084,15,"{""fuzzifier"": 2.0, ""graph_algorithm"": ""umap"", ""knn"": 15, ""label_mode"": ""components"", ""n_cover"": 15, ""space"": ""spectral"", ""threshold"": 0.5}",0.1.0,2026-06-20T16:51:15+00:00,fuzzy_spectral
nested_circles,fuzzy_cover,clustering,homogeneity,0.0,2,800,2,0.084,15,"{""fuzzifier"": 2.0, ""graph_algorithm"": ""umap"", ""knn"": 15, ""label_mode"": ""components"", ""n_cover"": 15, ""space"": ""spectral"", ""threshold"": 0.5}",0.1.0,2026-06-20T16:51:15+00:00,fuzzy_spectral
nested_circles,fuzzy_cover,clustering,completeness,1.0,2,800,2,0.084,15,"{""fuzzifier"": 2.0, ""graph_algorithm"": ""umap"", ""knn"": 15, ""label_mode"": ""components"", ""n_cover"": 15, ""space"": ""spectral"", ""threshold"": 0.5}",0.1.0,2026-06-20T16:51:15+00:00,fuzzy_spectral
nested_circles,fuzzy_cover,clustering,n_clusters_pred,1.0,2,800,2,0.084,15,"{""fuzzifier"": 2.0, ""graph_algorithm"": ""umap"", ""knn"": 15, ""label_mode"": ""components"", ""n_cover"": 15, ""space"": ""spectral"", ""threshold"": 0.5}",0.1.0,2026-06-20T16:51:15+00:00,fuzzy_spectral
nested_circles,fuzzy_cover,clustering,n_clusters_true,2.0,2,800,2,0.084,15,"{""fuzzifier"": 2.0, ""graph_algorithm"": ""umap"", ""knn"": 15, ""label_mode"": ""components"", ""n_cover"": 15, ""space"": ""spectral"", ""threshold"": 0.5}",0.1.0,2026-06-20T16:51:15+00:00,fuzzy_spectral
nested_circles,fuzzy_cover,cost,clustering_s,0.0006,2,800,2,0.084,15,"{""fuzzifier"": 2.0, ""graph_algorithm"": ""umap"", ""knn"": 15, ""label_mode"": ""components"", ""n_cover"": 15, ""space"": ""spectral"", ""threshold"": 0.5}",0.1.0,2026-06-20T16:51:15+00:00,fuzzy_spectral
nested_circles,fuzzy_cover,cost,fit_s,0.084,2,800,2,0.084,15,"{""fuzzifier"": 2.0, ""graph_algorithm"": ""umap"", ""knn"": 15, ""label_mode"": ""components"", ""n_cover"": 15, ""space"": ""spectral"", ""threshold"": 0.5}",0.1.0,2026-06-20T16:51:15+00:00,fuzzy_spectral
iris,fuzzy_cover,clustering,ari,0.0,0,150,4,0.065,15,"{""fuzzifier"": 2.0, ""graph_algorithm"": ""umap"", ""knn"": 15, ""label_mode"": ""components"", ""n_cover"": 15, ""space"": ""spectral"", ""threshold"": 0.5}",0.1.0,2026-06-20T16:51:15+00:00,fuzzy_spectral
iris,fuzzy_cover,clustering,ami,0.0,0,150,4,0.065,15,"{""fuzzifier"": 2.0, ""graph_algorithm"": ""umap"", ""knn"": 15, ""label_mode"": ""components"", ""n_cover"": 15, ""space"": ""spectral"", ""threshold"": 0.5}",0.1.0,2026-06-20T16:51:15+00:00,fuzzy_spectral
iris,fuzzy_cover,clustering,nmi,0.0,0,150,4,0.065,15,"{""fuzzifier"": 2.0, ""graph_algorithm"": ""umap"", ""knn"": 15, ""label_mode"": ""components"", ""n_cover"": 15, ""space"": ""spectral"", ""threshold"": 0.5}",0.1.0,2026-06-20T16:51:15+00:00,fuzzy_spectral
iris,fuzzy_cover,clustering,homogeneity,0.0,0,150,4,0.065,15,"{""fuzzifier"": 2.0, ""graph_algorithm"": ""umap"", ""knn"": 15, ""label_mode"": ""components"", ""n_cover"": 15, ""space"": ""spectral"", ""threshold"": 0.5}",0.1.0,2026-06-20T16:51:15+00:00,fuzzy_spectral
iris,fuzzy_cover,clustering,completeness,1.0,0,150,4,0.065,15,"{""fuzzifier"": 2.0, ""graph_algorithm"": ""umap"", ""knn"": 15, ""label_mode"": ""components"", ""n_cover"": 15, ""space"": ""spectral"", ""threshold"": 0.5}",0.1.0,2026-06-20T16:51:15+00:00,fuzzy_spectral
iris,fuzzy_cover,clustering,n_clusters_pred,1.0,0,150,4,0.065,15,"{""fuzzifier"": 2.0, ""graph_algorithm"": ""umap"", ""knn"": 15, ""label_mode"": ""components"", ""n_cover"": 15, ""space"": ""spectral"", ""threshold"": 0.5}",0.1.0,2026-06-20T16:51:15+00:00,fuzzy_spectral
iris,fuzzy_cover,clustering,n_clusters_true,3.0,0,150,4,0.065,15,"{""fuzzifier"": 2.0, ""graph_algorithm"": ""umap"", ""knn"": 15, ""label_mode"": ""components"", ""n_cover"": 15, ""space"": ""spectral"", ""threshold"": 0.5}",0.1.0,2026-06-20T16:51:15+00:00,fuzzy_spectral
iris,fuzzy_cover,cost,clustering_s,0.0006,0,150,4,0.065,15,"{""fuzzifier"": 2.0, ""graph_algorithm"": ""umap"", ""knn"": 15, ""label_mode"": ""components"", ""n_cover"": 15, ""space"": ""spectral"", ""threshold"": 0.5}",0.1.0,2026-06-20T16:51:15+00:00,fuzzy_spectral
iris,fuzzy_cover,cost,fit_s,0.065,0,150,4,0.065,15,"{""fuzzifier"": 2.0, ""graph_algorithm"": ""umap"", ""knn"": 15, ""label_mode"": ""components"", ""n_cover"": 15, ""space"": ""spectral"", ""threshold"": 0.5}",0.1.0,2026-06-20T16:51:15+00:00,fuzzy_spectral
iris,fuzzy_cover,clustering,ari,0.0,1,150,4,0.065,15,"{""fuzzifier"": 2.0, ""graph_algorithm"": ""umap"", ""knn"": 15, ""label_mode"": ""components"", ""n_cover"": 15, ""space"": ""spectral"", ""threshold"": 0.5}",0.1.0,2026-06-20T16:51:15+00:00,fuzzy_spectral
iris,fuzzy_cover,clustering,ami,0.0,1,150,4,0.065,15,"{""fuzzifier"": 2.0, ""graph_algorithm"": ""umap"", ""knn"": 15, ""label_mode"": ""components"", ""n_cover"": 15, ""space"": ""spectral"", ""threshold"": 0.5}",0.1.0,2026-06-20T16:51:15+00:00,fuzzy_spectral
iris,fuzzy_cover,clustering,nmi,0.0,1,150,4,0.065,15,"{""fuzzifier"": 2.0, ""graph_algorithm"": ""umap"", ""knn"": 15, ""label_mode"": ""components"", ""n_cover"": 15, ""space"": ""spectral"", ""threshold"": 0.5}",0.1.0,2026-06-20T16:51:15+00:00,fuzzy_spectral
iris,fuzzy_cover,clustering,homogeneity,0.0,1,150,4,0.065,15,"{""fuzzifier"": 2.0, ""graph_algorithm"": ""umap"", ""knn"": 15, ""label_mode"": ""components"", ""n_cover"": 15, ""space"": ""spectral"", ""threshold"": 0.5}",0.1.0,2026-06-20T16:51:15+00:00,fuzzy_spectral
iris,fuzzy_cover,clustering,completeness,1.0,1,150,4,0.065,15,"{""fuzzifier"": 2.0, ""graph_algorithm"": ""umap"", ""knn"": 15, ""label_mode"": ""components"", ""n_cover"": 15, ""space"": ""spectral"", ""threshold"": 0.5}",0.1.0,2026-06-20T16:51:15+00:00,fuzzy_spectral
iris,fuzzy_cover,clustering,n_clusters_pred,1.0,1,150,4,0.065,15,"{""fuzzifier"": 2.0, ""graph_algorithm"": ""umap"", ""knn"": 15, ""label_mode"": ""components"", ""n_cover"": 15, ""space"": ""spectral"", ""threshold"": 0.5}",0.1.0,2026-06-20T16:51:15+00:00,fuzzy_spectral
iris,fuzzy_cover,clustering,n_clusters_true,3.0,1,150,4,0.065,15,"{""fuzzifier"": 2.0, ""graph_algorithm"": ""umap"", ""knn"": 15, ""label_mode"": ""components"", ""n_cover"": 15, ""space"": ""spectral"", ""threshold"": 0.5}",0.1.0,2026-06-20T16:51:15+00:00,fuzzy_spectral
iris,fuzzy_cover,cost,clustering_s,0.0007,1,150,4,0.065,15,"{""fuzzifier"": 2.0, ""graph_algorithm"": ""umap"", ""knn"": 15, ""label_mode"": ""components"", ""n_cover"": 15, ""space"": ""spectral"", ""threshold"": 0.5}",0.1.0,2026-06-20T16:51:15+00:00,fuzzy_spectral
iris,fuzzy_cover,cost,fit_s,0.065,1,150,4,0.065,15,"{""fuzzifier"": 2.0, ""graph_algorithm"": ""umap"", ""knn"": 15, ""label_mode"": ""components"", ""n_cover"": 15, ""space"": ""spectral"", ""threshold"": 0.5}",0.1.0,2026-06-20T16:51:15+00:00,fuzzy_spectral
iris,fuzzy_cover,clustering,ari,0.0,2,150,4,0.064,15,"{""fuzzifier"": 2.0, ""graph_algorithm"": ""umap"", ""knn"": 15, ""label_mode"": ""components"", ""n_cover"": 15, ""space"": ""spectral"", ""threshold"": 0.5}",0.1.0,2026-06-20T16:51:15+00:00,fuzzy_spectral
iris,fuzzy_cover,clustering,ami,0.0,2,150,4,0.064,15,"{""fuzzifier"": 2.0, ""graph_algorithm"": ""umap"", ""knn"": 15, ""label_mode"": ""components"", ""n_cover"": 15, ""space"": ""spectral"", ""threshold"": 0.5}",0.1.0,2026-06-20T16:51:15+00:00,fuzzy_spectral
iris,fuzzy_cover,clustering,nmi,0.0,2,150,4,0.064,15,"{""fuzzifier"": 2.0, ""graph_algorithm"": ""umap"", ""knn"": 15, ""label_mode"": ""components"", ""n_cover"": 15, ""space"": ""spectral"", ""threshold"": 0.5}",0.1.0,2026-06-20T16:51:15+00:00,fuzzy_spectral
iris,fuzzy_cover,clustering,homogeneity,0.0,2,150,4,0.064,15,"{""fuzzifier"": 2.0, ""graph_algorithm"": ""umap"", ""knn"": 15, ""label_mode"": ""components"", ""n_cover"": 15, ""space"": ""spectral"", ""threshold"": 0.5}",0.1.0,2026-06-20T16:51:15+00:00,fuzzy_spectral
iris,fuzzy_cover,clustering,completeness,1.0,2,150,4,0.064,15,"{""fuzzifier"": 2.0, ""graph_algorithm"": ""umap"", ""knn"": 15, ""label_mode"": ""components"", ""n_cover"": 15, ""space"": ""spectral"", ""threshold"": 0.5}",0.1.0,2026-06-20T16:51:15+00:00,fuzzy_spectral
iris,fuzzy_cover,clustering,n_clusters_pred,1.0,2,150,4,0.064,15,"{""fuzzifier"": 2.0, ""graph_algorithm"": ""umap"", ""knn"": 15, ""label_mode"": ""components"", ""n_cover"": 15, ""space"": ""spectral"", ""threshold"": 0.5}",0.1.0,2026-06-20T16:51:15+00:00,fuzzy_spectral
iris,fuzzy_cover,clustering,n_clusters_true,3.0,2,150,4,0.064,15,"{""fuzzifier"": 2.0, ""graph_algorithm"": ""umap"", ""knn"": 15, ""label_mode"": ""components"", ""n_cover"": 15, ""space"": ""spectral"", ""threshold"": 0.5}",0.1.0,2026-06-20T16:51:15+00:00,fuzzy_spectral
iris,fuzzy_cover,cost,clustering_s,0.0006,2,150,4,0.064,15,"{""fuzzifier"": 2.0, ""graph_algorithm"": ""umap"", ""knn"": 15, ""label_mode"": ""components"", ""n_cover"": 15, ""space"": ""spectral"", ""threshold"": 0.5}",0.1.0,2026-06-20T16:51:15+00:00,fuzzy_spectral
iris,fuzzy_cover,cost,fit_s,0.064,2,150,4,0.064,15,"{""fuzzifier"": 2.0, ""graph_algorithm"": ""umap"", ""knn"": 15, ""label_mode"": ""components"", ""n_cover"": 15, ""space"": ""spectral"", ""threshold"": 0.5}",0.1.0,2026-06-20T16:51:15+00:00,fuzzy_spectral
wine,fuzzy_cover,clustering,ari,0.0,0,178,13,0.066,15,"{""fuzzifier"": 2.0, ""graph_algorithm"": ""umap"", ""knn"": 15, ""label_mode"": ""components"", ""n_cover"": 15, ""space"": ""spectral"", ""threshold"": 0.5}",0.1.0,2026-06-20T16:51:15+00:00,fuzzy_spectral
wine,fuzzy_cover,clustering,ami,0.0,0,178,13,0.066,15,"{""fuzzifier"": 2.0, ""graph_algorithm"": ""umap"", ""knn"": 15, ""label_mode"": ""components"", ""n_cover"": 15, ""space"": ""spectral"", ""threshold"": 0.5}",0.1.0,2026-06-20T16:51:15+00:00,fuzzy_spectral
wine,fuzzy_cover,clustering,nmi,0.0,0,178,13,0.066,15,"{""fuzzifier"": 2.0, ""graph_algorithm"": ""umap"", ""knn"": 15, ""label_mode"": ""components"", ""n_cover"": 15, ""space"": ""spectral"", ""threshold"": 0.5}",0.1.0,2026-06-20T16:51:15+00:00,fuzzy_spectral
wine,fuzzy_cover,clustering,homogeneity,0.0,0,178,13,0.066,15,"{""fuzzifier"": 2.0, ""graph_algorithm"": ""umap"", ""knn"": 15, ""label_mode"": ""components"", ""n_cover"": 15, ""space"": ""spectral"", ""threshold"": 0.5}",0.1.0,2026-06-20T16:51:15+00:00,fuzzy_spectral
wine,fuzzy_cover,clustering,completeness,1.0,0,178,13,0.066,15,"{""fuzzifier"": 2.0, ""graph_algorithm"": ""umap"", ""knn"": 15, ""label_mode"": ""components"", ""n_cover"": 15, ""space"": ""spectral"", ""threshold"": 0.5}",0.1.0,2026-06-20T16:51:15+00:00,fuzzy_spectral
wine,fuzzy_cover,clustering,n_clusters_pred,1.0,0,178,13,0.066,15,"{""fuzzifier"": 2.0, ""graph_algorithm"": ""umap"", ""knn"": 15, ""label_mode"": ""components"", ""n_cover"": 15, ""space"": ""spectral"", ""threshold"": 0.5}",0.1.0,2026-06-20T16:51:15+00:00,fuzzy_spectral
wine,fuzzy_cover,clustering,n_clusters_true,3.0,0,178,13,0.066,15,"{""fuzzifier"": 2.0, ""graph_algorithm"": ""umap"", ""knn"": 15, ""label_mode"": ""components"", ""n_cover"": 15, ""space"": ""spectral"", ""threshold"": 0.5}",0.1.0,2026-06-20T16:51:15+00:00,fuzzy_spectral
wine,fuzzy_cover,cost,clustering_s,0.0006,0,178,13,0.066,15,"{""fuzzifier"": 2.0, ""graph_algorithm"": ""umap"", ""knn"": 15, ""label_mode"": ""components"", ""n_cover"": 15, ""space"": ""spectral"", ""threshold"": 0.5}",0.1.0,2026-06-20T16:51:15+00:00,fuzzy_spectral
wine,fuzzy_cover,cost,fit_s,0.066,0,178,13,0.066,15,"{""fuzzifier"": 2.0, ""graph_algorithm"": ""umap"", ""knn"": 15, ""label_mode"": ""components"", ""n_cover"": 15, ""space"": ""spectral"", ""threshold"": 0.5}",0.1.0,2026-06-20T16:51:15+00:00,fuzzy_spectral
wine,fuzzy_cover,clustering,ari,0.0,1,178,13,0.065,15,"{""fuzzifier"": 2.0, ""graph_algorithm"": ""umap"", ""knn"": 15, ""label_mode"": ""components"", ""n_cover"": 15, ""space"": ""spectral"", ""threshold"": 0.5}",0.1.0,2026-06-20T16:51:15+00:00,fuzzy_spectral
wine,fuzzy_cover,clustering,ami,0.0,1,178,13,0.065,15,"{""fuzzifier"": 2.0, ""graph_algorithm"": ""umap"", ""knn"": 15, ""label_mode"": ""components"", ""n_cover"": 15, ""space"": ""spectral"", ""threshold"": 0.5}",0.1.0,2026-06-20T16:51:15+00:00,fuzzy_spectral
wine,fuzzy_cover,clustering,nmi,0.0,1,178,13,0.065,15,"{""fuzzifier"": 2.0, ""graph_algorithm"": ""umap"", ""knn"": 15, ""label_mode"": ""components"", ""n_cover"": 15, ""space"": ""spectral"", ""threshold"": 0.5}",0.1.0,2026-06-20T16:51:15+00:00,fuzzy_spectral
wine,fuzzy_cover,clustering,homogeneity,0.0,1,178,13,0.065,15,"{""fuzzifier"": 2.0, ""graph_algorithm"": ""umap"", ""knn"": 15, ""label_mode"": ""components"", ""n_cover"": 15, ""space"": ""spectral"", ""threshold"": 0.5}",0.1.0,2026-06-20T16:51:15+00:00,fuzzy_spectral
wine,fuzzy_cover,clustering,completeness,1.0,1,178,13,0.065,15,"{""fuzzifier"": 2.0, ""graph_algorithm"": ""umap"", ""knn"": 15, ""label_mode"": ""components"", ""n_cover"": 15, ""space"": ""spectral"", ""threshold"": 0.5}",0.1.0,2026-06-20T16:51:15+00:00,fuzzy_spectral
wine,fuzzy_cover,clustering,n_clusters_pred,1.0,1,178,13,0.065,15,"{""fuzzifier"": 2.0, ""graph_algorithm"": ""umap"", ""knn"": 15, ""label_mode"": ""components"", ""n_cover"": 15, ""space"": ""spectral"", ""threshold"": 0.5}",0.1.0,2026-06-20T16:51:15+00:00,fuzzy_spectral
wine,fuzzy_cover,clustering,n_clusters_true,3.0,1,178,13,0.065,15,"{""fuzzifier"": 2.0, ""graph_algorithm"": ""umap"", ""knn"": 15, ""label_mode"": ""components"", ""n_cover"": 15, ""space"": ""spectral"", ""threshold"": 0.5}",0.1.0,2026-06-20T16:51:15+00:00,fuzzy_spectral
wine,fuzzy_cover,cost,clustering_s,0.0006,1,178,13,0.065,15,"{""fuzzifier"": 2.0, ""graph_algorithm"": ""umap"", ""knn"": 15, ""label_mode"": ""components"", ""n_cover"": 15, ""space"": ""spectral"", ""threshold"": 0.5}",0.1.0,2026-06-20T16:51:15+00:00,fuzzy_spectral
wine,fuzzy_cover,cost,fit_s,0.065,1,178,13,0.065,15,"{""fuzzifier"": 2.0, ""graph_algorithm"": ""umap"", ""knn"": 15, ""label_mode"": ""components"", ""n_cover"": 15, ""space"": ""spectral"", ""threshold"": 0.5}",0.1.0,2026-06-20T16:51:15+00:00,fuzzy_spectral
wine,fuzzy_cover,clustering,ari,0.0,2,178,13,0.064,15,"{""fuzzifier"": 2.0, ""graph_algorithm"": ""umap"", ""knn"": 15, ""label_mode"": ""components"", ""n_cover"": 15, ""space"": ""spectral"", ""threshold"": 0.5}",0.1.0,2026-06-20T16:51:15+00:00,fuzzy_spectral
wine,fuzzy_cover,clustering,ami,0.0,2,178,13,0.064,15,"{""fuzzifier"": 2.0, ""graph_algorithm"": ""umap"", ""knn"": 15, ""label_mode"": ""components"", ""n_cover"": 15, ""space"": ""spectral"", ""threshold"": 0.5}",0.1.0,2026-06-20T16:51:15+00:00,fuzzy_spectral
wine,fuzzy_cover,clustering,nmi,0.0,2,178,13,0.064,15,"{""fuzzifier"": 2.0, ""graph_algorithm"": ""umap"", ""knn"": 15, ""label_mode"": ""components"", ""n_cover"": 15, ""space"": ""spectral"", ""threshold"": 0.5}",0.1.0,2026-06-20T16:51:15+00:00,fuzzy_spectral
wine,fuzzy_cover,clustering,homogeneity,0.0,2,178,13,0.064,15,"{""fuzzifier"": 2.0, ""graph_algorithm"": ""umap"", ""knn"": 15, ""label_mode"": ""components"", ""n_cover"": 15, ""space"": ""spectral"", ""threshold"": 0.5}",0.1.0,2026-06-20T16:51:15+00:00,fuzzy_spectral
wine,fuzzy_cover,clustering,completeness,1.0,2,178,13,0.064,15,"{""fuzzifier"": 2.0, ""graph_algorithm"": ""umap"", ""knn"": 15, ""label_mode"": ""components"", ""n_cover"": 15, ""space"": ""spectral"", ""threshold"": 0.5}",0.1.0,2026-06-20T16:51:15+00:00,fuzzy_spectral
wine,fuzzy_cover,clustering,n_clusters_pred,1.0,2,178,13,0.064,15,"{""fuzzifier"": 2.0, ""graph_algorithm"": ""umap"", ""knn"": 15, ""label_mode"": ""components"", ""n_cover"": 15, ""space"": ""spectral"", ""threshold"": 0.5}",0.1.0,2026-06-20T16:51:15+00:00,fuzzy_spectral
wine,fuzzy_cover,clustering,n_clusters_true,3.0,2,178,13,0.064,15,"{""fuzzifier"": 2.0, ""graph_algorithm"": ""umap"", ""knn"": 15, ""label_mode"": ""components"", ""n_cover"": 15, ""space"": ""spectral"", ""threshold"": 0.5}",0.1.0,2026-06-20T16:51:15+00:00,fuzzy_spectral
wine,fuzzy_cover,cost,clustering_s,0.0006,2,178,13,0.064,15,"{""fuzzifier"": 2.0, ""graph_algorithm"": ""umap"", ""knn"": 15, ""label_mode"": ""components"", ""n_cover"": 15, ""space"": ""spectral"", ""threshold"": 0.5}",0.1.0,2026-06-20T16:51:15+00:00,fuzzy_spectral
wine,fuzzy_cover,cost,fit_s,0.064,2,178,13,0.064,15,"{""fuzzifier"": 2.0, ""graph_algorithm"": ""umap"", ""knn"": 15, ""label_mode"": ""components"", ""n_cover"": 15, ""space"": ""spectral"", ""threshold"": 0.5}",0.1.0,2026-06-20T16:51:15+00:00,fuzzy_spectral
digits,fuzzy_cover,clustering,ari,0.0,0,1797,64,0.107,15,"{""fuzzifier"": 2.0, ""graph_algorithm"": ""umap"", ""knn"": 15, ""label_mode"": ""components"", ""n_cover"": 15, ""space"": ""spectral"", ""threshold"": 0.5}",0.1.0,2026-06-20T16:51:15+00:00,fuzzy_spectral
digits,fuzzy_cover,clustering,ami,0.0,0,1797,64,0.107,15,"{""fuzzifier"": 2.0, ""graph_algorithm"": ""umap"", ""knn"": 15, ""label_mode"": ""components"", ""n_cover"": 15, ""space"": ""spectral"", ""threshold"": 0.5}",0.1.0,2026-06-20T16:51:15+00:00,fuzzy_spectral
digits,fuzzy_cover,clustering,nmi,0.0,0,1797,64,0.107,15,"{""fuzzifier"": 2.0, ""graph_algorithm"": ""umap"", ""knn"": 15, ""label_mode"": ""components"", ""n_cover"": 15, ""space"": ""spectral"", ""threshold"": 0.5}",0.1.0,2026-06-20T16:51:15+00:00,fuzzy_spectral
digits,fuzzy_cover,clustering,homogeneity,0.0,0,1797,64,0.107,15,"{""fuzzifier"": 2.0, ""graph_algorithm"": ""umap"", ""knn"": 15, ""label_mode"": ""components"", ""n_cover"": 15, ""space"": ""spectral"", ""threshold"": 0.5}",0.1.0,2026-06-20T16:51:15+00:00,fuzzy_spectral
digits,fuzzy_cover,clustering,completeness,1.0,0,1797,64,0.107,15,"{""fuzzifier"": 2.0, ""graph_algorithm"": ""umap"", ""knn"": 15, ""label_mode"": ""components"", ""n_cover"": 15, ""space"": ""spectral"", ""threshold"": 0.5}",0.1.0,2026-06-20T16:51:15+00:00,fuzzy_spectral
digits,fuzzy_cover,clustering,n_clusters_pred,1.0,0,1797,64,0.107,15,"{""fuzzifier"": 2.0, ""graph_algorithm"": ""umap"", ""knn"": 15, ""label_mode"": ""components"", ""n_cover"": 15, ""space"": ""spectral"", ""threshold"": 0.5}",0.1.0,2026-06-20T16:51:15+00:00,fuzzy_spectral
digits,fuzzy_cover,clustering,n_clusters_true,10.0,0,1797,64,0.107,15,"{""fuzzifier"": 2.0, ""graph_algorithm"": ""umap"", ""knn"": 15, ""label_mode"": ""components"", ""n_cover"": 15, ""space"": ""spectral"", ""threshold"": 0.5}",0.1.0,2026-06-20T16:51:15+00:00,fuzzy_spectral
digits,fuzzy_cover,cost,clustering_s,0.0009,0,1797,64,0.107,15,"{""fuzzifier"": 2.0, ""graph_algorithm"": ""umap"", ""knn"": 15, ""label_mode"": ""components"", ""n_cover"": 15, ""space"": ""spectral"", ""threshold"": 0.5}",0.1.0,2026-06-20T16:51:15+00:00,fuzzy_spectral
digits,fuzzy_cover,cost,fit_s,0.107,0,1797,64,0.107,15,"{""fuzzifier"": 2.0, ""graph_algorithm"": ""umap"", ""knn"": 15, ""label_mode"": ""components"", ""n_cover"": 15, ""space"": ""spectral"", ""threshold"": 0.5}",0.1.0,2026-06-20T16:51:15+00:00,fuzzy_spectral
digits,fuzzy_cover,clustering,ari,0.0,1,1797,64,0.105,15,"{""fuzzifier"": 2.0, ""graph_algorithm"": ""umap"", ""knn"": 15, ""label_mode"": ""components"", ""n_cover"": 15, ""space"": ""spectral"", ""threshold"": 0.5}",0.1.0,2026-06-20T16:51:15+00:00,fuzzy_spectral
digits,fuzzy_cover,clustering,ami,0.0,1,1797,64,0.105,15,"{""fuzzifier"": 2.0, ""graph_algorithm"": ""umap"", ""knn"": 15, ""label_mode"": ""components"", ""n_cover"": 15, ""space"": ""spectral"", ""threshold"": 0.5}",0.1.0,2026-06-20T16:51:15+00:00,fuzzy_spectral
digits,fuzzy_cover,clustering,nmi,0.0,1,1797,64,0.105,15,"{""fuzzifier"": 2.0, ""graph_algorithm"": ""umap"", ""knn"": 15, ""label_mode"": ""components"", ""n_cover"": 15, ""space"": ""spectral"", ""threshold"": 0.5}",0.1.0,2026-06-20T16:51:15+00:00,fuzzy_spectral
digits,fuzzy_cover,clustering,homogeneity,0.0,1,1797,64,0.105,15,"{""fuzzifier"": 2.0, ""graph_algorithm"": ""umap"", ""knn"": 15, ""label_mode"": ""components"", ""n_cover"": 15, ""space"": ""spectral"", ""threshold"": 0.5}",0.1.0,2026-06-20T16:51:15+00:00,fuzzy_spectral
digits,fuzzy_cover,clustering,completeness,1.0,1,1797,64,0.105,15,"{""fuzzifier"": 2.0, ""graph_algorithm"": ""umap"", ""knn"": 15, ""label_mode"": ""components"", ""n_cover"": 15, ""space"": ""spectral"", ""threshold"": 0.5}",0.1.0,2026-06-20T16:51:15+00:00,fuzzy_spectral
digits,fuzzy_cover,clustering,n_clusters_pred,1.0,1,1797,64,0.105,15,"{""fuzzifier"": 2.0, ""graph_algorithm"": ""umap"", ""knn"": 15, ""label_mode"": ""components"", ""n_cover"": 15, ""space"": ""spectral"", ""threshold"": 0.5}",0.1.0,2026-06-20T16:51:15+00:00,fuzzy_spectral
digits,fuzzy_cover,clustering,n_clusters_true,10.0,1,1797,64,0.105,15,"{""fuzzifier"": 2.0, ""graph_algorithm"": ""umap"", ""knn"": 15, ""label_mode"": ""components"", ""n_cover"": 15, ""space"": ""spectral"", ""threshold"": 0.5}",0.1.0,2026-06-20T16:51:15+00:00,fuzzy_spectral
digits,fuzzy_cover,cost,clustering_s,0.0011,1,1797,64,0.105,15,"{""fuzzifier"": 2.0, ""graph_algorithm"": ""umap"", ""knn"": 15, ""label_mode"": ""components"", ""n_cover"": 15, ""space"": ""spectral"", ""threshold"": 0.5}",0.1.0,2026-06-20T16:51:15+00:00,fuzzy_spectral
digits,fuzzy_cover,cost,fit_s,0.105,1,1797,64,0.105,15,"{""fuzzifier"": 2.0, ""graph_algorithm"": ""umap"", ""knn"": 15, ""label_mode"": ""components"", ""n_cover"": 15, ""space"": ""spectral"", ""threshold"": 0.5}",0.1.0,2026-06-20T16:51:15+00:00,fuzzy_spectral
digits,fuzzy_cover,clustering,ari,0.0,2,1797,64,0.106,15,"{""fuzzifier"": 2.0, ""graph_algorithm"": ""umap"", ""knn"": 15, ""label_mode"": ""components"", ""n_cover"": 15, ""space"": ""spectral"", ""threshold"": 0.5}",0.1.0,2026-06-20T16:51:15+00:00,fuzzy_spectral
digits,fuzzy_cover,clustering,ami,0.0,2,1797,64,0.106,15,"{""fuzzifier"": 2.0, ""graph_algorithm"": ""umap"", ""knn"": 15, ""label_mode"": ""components"", ""n_cover"": 15, ""space"": ""spectral"", ""threshold"": 0.5}",0.1.0,2026-06-20T16:51:15+00:00,fuzzy_spectral
digits,fuzzy_cover,clustering,nmi,0.0,2,1797,64,0.106,15,"{""fuzzifier"": 2.0, ""graph_algorithm"": ""umap"", ""knn"": 15, ""label_mode"": ""components"", ""n_cover"": 15, ""space"": ""spectral"", ""threshold"": 0.5}",0.1.0,2026-06-20T16:51:15+00:00,fuzzy_spectral
digits,fuzzy_cover,clustering,homogeneity,0.0,2,1797,64,0.106,15,"{""fuzzifier"": 2.0, ""graph_algorithm"": ""umap"", ""knn"": 15, ""label_mode"": ""components"", ""n_cover"": 15, ""space"": ""spectral"", ""threshold"": 0.5}",0.1.0,2026-06-20T16:51:15+00:00,fuzzy_spectral
digits,fuzzy_cover,clustering,completeness,1.0,2,1797,64,0.106,15,"{""fuzzifier"": 2.0, ""graph_algorithm"": ""umap"", ""knn"": 15, ""label_mode"": ""components"", ""n_cover"": 15, ""space"": ""spectral"", ""threshold"": 0.5}",0.1.0,2026-06-20T16:51:15+00:00,fuzzy_spectral
digits,fuzzy_cover,clustering,n_clusters_pred,1.0,2,1797,64,0.106,15,"{""fuzzifier"": 2.0, ""graph_algorithm"": ""umap"", ""knn"": 15, ""label_mode"": ""components"", ""n_cover"": 15, ""space"": ""spectral"", ""threshold"": 0.5}",0.1.0,2026-06-20T16:51:15+00:00,fuzzy_spectral
digits,fuzzy_cover,clustering,n_clusters_true,10.0,2,1797,64,0.106,15,"{""fuzzifier"": 2.0, ""graph_algorithm"": ""umap"", ""knn"": 15, ""label_mode"": ""components"", ""n_cover"": 15, ""space"": ""spectral"", ""threshold"": 0.5}",0.1.0,2026-06-20T16:51:15+00:00,fuzzy_spectral
digits,fuzzy_cover,cost,clustering_s,0.001,2,1797,64,0.106,15,"{""fuzzifier"": 2.0, ""graph_algorithm"": ""umap"", ""knn"": 15, ""label_mode"": ""components"", ""n_cover"": 15, ""space"": ""spectral"", ""threshold"": 0.5}",0.1.0,2026-06-20T16:51:15+00:00,fuzzy_spectral
digits,fuzzy_cover,cost,fit_s,0.106,2,1797,64,0.106,15,"{""fuzzifier"": 2.0, ""graph_algorithm"": ""umap"", ""knn"": 15, ""label_mode"": ""components"", ""n_cover"": 15, ""space"": ""spectral"", ""threshold"": 0.5}",0.1.0,2026-06-20T16:51:15+00:00,fuzzy_spectral
s_curve,shapediscover,embedding,trustworthiness,0.9938615812833822,0,1500,3,2.229,15,"{""knn"": 15, ""label_mode"": ""components"", ""lite"": false, ""loss_weights"": [1, 10, 1, 10], ""n_cover"": 15, ""regularization"": 10.0, ""threshold"": 0.5}",0.1.0,2026-06-20T16:51:17+00:00,shapediscover
s_curve,shapediscover,embedding,continuity,0.9952327390355826,0,1500,3,2.229,15,"{""knn"": 15, ""label_mode"": ""components"", ""lite"": false, ""loss_weights"": [1, 10, 1, 10], ""n_cover"": 15, ""regularization"": 10.0, ""threshold"": 0.5}",0.1.0,2026-06-20T16:51:17+00:00,shapediscover
s_curve,shapediscover,embedding,knn_recall,0.6657333333333334,0,1500,3,2.229,15,"{""knn"": 15, ""label_mode"": ""components"", ""lite"": false, ""loss_weights"": [1, 10, 1, 10], ""n_cover"": 15, ""regularization"": 10.0, ""threshold"": 0.5}",0.1.0,2026-06-20T16:51:17+00:00,shapediscover
s_curve,shapediscover,embedding,global_corr,0.8850406072954939,0,1500,3,2.229,15,"{""knn"": 15, ""label_mode"": ""components"", ""lite"": false, ""loss_weights"": [1, 10, 1, 10], ""n_cover"": 15, ""regularization"": 10.0, ""threshold"": 0.5}",0.1.0,2026-06-20T16:51:17+00:00,shapediscover
s_curve,shapediscover,cost,embedding_s,0.2663,0,1500,3,2.229,15,"{""knn"": 15, ""label_mode"": ""components"", ""lite"": false, ""loss_weights"": [1, 10, 1, 10], ""n_cover"": 15, ""regularization"": 10.0, ""threshold"": 0.5}",0.1.0,2026-06-20T16:51:17+00:00,shapediscover
s_curve,shapediscover,cost,fit_s,2.229,0,1500,3,2.229,15,"{""knn"": 15, ""label_mode"": ""components"", ""lite"": false, ""loss_weights"": [1, 10, 1, 10], ""n_cover"": 15, ""regularization"": 10.0, ""threshold"": 0.5}",0.1.0,2026-06-20T16:51:17+00:00,shapediscover
s_curve,shapediscover,embedding,trustworthiness,0.9922938388625593,1,1500,3,2.224,15,"{""knn"": 15, ""label_mode"": ""components"", ""lite"": false, ""loss_weights"": [1, 10, 1, 10], ""n_cover"": 15, ""regularization"": 10.0, ""threshold"": 0.5}",0.1.0,2026-06-20T16:51:17+00:00,shapediscover
s_curve,shapediscover,embedding,continuity,0.9941104340630407,1,1500,3,2.224,15,"{""knn"": 15, ""label_mode"": ""components"", ""lite"": false, ""loss_weights"": [1, 10, 1, 10], ""n_cover"": 15, ""regularization"": 10.0, ""threshold"": 0.5}",0.1.0,2026-06-20T16:51:17+00:00,shapediscover
s_curve,shapediscover,embedding,knn_recall,0.6401333333333333,1,1500,3,2.224,15,"{""knn"": 15, ""label_mode"": ""components"", ""lite"": false, ""loss_weights"": [1, 10, 1, 10], ""n_cover"": 15, ""regularization"": 10.0, ""threshold"": 0.5}",0.1.0,2026-06-20T16:51:17+00:00,shapediscover
s_curve,shapediscover,embedding,global_corr,0.8662997077702017,1,1500,3,2.224,15,"{""knn"": 15, ""label_mode"": ""components"", ""lite"": false, ""loss_weights"": [1, 10, 1, 10], ""n_cover"": 15, ""regularization"": 10.0, ""threshold"": 0.5}",0.1.0,2026-06-20T16:51:17+00:00,shapediscover
s_curve,shapediscover,cost,embedding_s,0.0032,1,1500,3,2.224,15,"{""knn"": 15, ""label_mode"": ""components"", ""lite"": false, ""loss_weights"": [1, 10, 1, 10], ""n_cover"": 15, ""regularization"": 10.0, ""threshold"": 0.5}",0.1.0,2026-06-20T16:51:17+00:00,shapediscover
s_curve,shapediscover,cost,fit_s,2.224,1,1500,3,2.224,15,"{""knn"": 15, ""label_mode"": ""components"", ""lite"": false, ""loss_weights"": [1, 10, 1, 10], ""n_cover"": 15, ""regularization"": 10.0, ""threshold"": 0.5}",0.1.0,2026-06-20T16:51:17+00:00,shapediscover
s_curve,shapediscover,embedding,trustworthiness,0.9925826826149101,2,1500,3,2.236,15,"{""knn"": 15, ""label_mode"": ""components"", ""lite"": false, ""loss_weights"": [1, 10, 1, 10], ""n_cover"": 15, ""regularization"": 10.0, ""threshold"": 0.5}",0.1.0,2026-06-20T16:51:17+00:00,shapediscover
s_curve,shapediscover,embedding,continuity,0.9948079440306928,2,1500,3,2.236,15,"{""knn"": 15, ""label_mode"": ""components"", ""lite"": false, ""loss_weights"": [1, 10, 1, 10], ""n_cover"": 15, ""regularization"": 10.0, ""threshold"": 0.5}",0.1.0,2026-06-20T16:51:17+00:00,shapediscover
s_curve,shapediscover,embedding,knn_recall,0.6342666666666666,2,1500,3,2.236,15,"{""knn"": 15, ""label_mode"": ""components"", ""lite"": false, ""loss_weights"": [1, 10, 1, 10], ""n_cover"": 15, ""regularization"": 10.0, ""threshold"": 0.5}",0.1.0,2026-06-20T16:51:17+00:00,shapediscover
s_curve,shapediscover,embedding,global_corr,0.8949206643310772,2,1500,3,2.236,15,"{""knn"": 15, ""label_mode"": ""components"", ""lite"": false, ""loss_weights"": [1, 10, 1, 10], ""n_cover"": 15, ""regularization"": 10.0, ""threshold"": 0.5}",0.1.0,2026-06-20T16:51:17+00:00,shapediscover
s_curve,shapediscover,cost,embedding_s,0.0031,2,1500,3,2.236,15,"{""knn"": 15, ""label_mode"": ""components"", ""lite"": false, ""loss_weights"": [1, 10, 1, 10], ""n_cover"": 15, ""regularization"": 10.0, ""threshold"": 0.5}",0.1.0,2026-06-20T16:51:17+00:00,shapediscover
s_curve,shapediscover,cost,fit_s,2.236,2,1500,3,2.236,15,"{""knn"": 15, ""label_mode"": ""components"", ""lite"": false, ""loss_weights"": [1, 10, 1, 10], ""n_cover"": 15, ""regularization"": 10.0, ""threshold"": 0.5}",0.1.0,2026-06-20T16:51:17+00:00,shapediscover
swiss_roll,shapediscover,embedding,trustworthiness,0.982033972767622,0,1500,3,2.287,13,"{""knn"": 15, ""label_mode"": ""components"", ""lite"": false, ""loss_weights"": [1, 10, 1, 10], ""n_cover"": 15, ""regularization"": 10.0, ""threshold"": 0.5}",0.1.0,2026-06-20T16:51:17+00:00,shapediscover
swiss_roll,shapediscover,embedding,continuity,0.9928475137290304,0,1500,3,2.287,13,"{""knn"": 15, ""label_mode"": ""components"", ""lite"": false, ""loss_weights"": [1, 10, 1, 10], ""n_cover"": 15, ""regularization"": 10.0, ""threshold"": 0.5}",0.1.0,2026-06-20T16:51:17+00:00,shapediscover
swiss_roll,shapediscover,embedding,knn_recall,0.5730222222222222,0,1500,3,2.287,13,"{""knn"": 15, ""label_mode"": ""components"", ""lite"": false, ""loss_weights"": [1, 10, 1, 10], ""n_cover"": 15, ""regularization"": 10.0, ""threshold"": 0.5}",0.1.0,2026-06-20T16:51:17+00:00,shapediscover
swiss_roll,shapediscover,embedding,global_corr,0.3057583847545683,0,1500,3,2.287,13,"{""knn"": 15, ""label_mode"": ""components"", ""lite"": false, ""loss_weights"": [1, 10, 1, 10], ""n_cover"": 15, ""regularization"": 10.0, ""threshold"": 0.5}",0.1.0,2026-06-20T16:51:17+00:00,shapediscover
swiss_roll,shapediscover,cost,embedding_s,0.0029,0,1500,3,2.287,13,"{""knn"": 15, ""label_mode"": ""components"", ""lite"": false, ""loss_weights"": [1, 10, 1, 10], ""n_cover"": 15, ""regularization"": 10.0, ""threshold"": 0.5}",0.1.0,2026-06-20T16:51:17+00:00,shapediscover
swiss_roll,shapediscover,cost,fit_s,2.287,0,1500,3,2.287,13,"{""knn"": 15, ""label_mode"": ""components"", ""lite"": false, ""loss_weights"": [1, 10, 1, 10], ""n_cover"": 15, ""regularization"": 10.0, ""threshold"": 0.5}",0.1.0,2026-06-20T16:51:17+00:00,shapediscover
swiss_roll,shapediscover,embedding,trustworthiness,0.9807925374257128,1,1500,3,2.262,12,"{""knn"": 15, ""label_mode"": ""components"", ""lite"": false, ""loss_weights"": [1, 10, 1, 10], ""n_cover"": 15, ""regularization"": 10.0, ""threshold"": 0.5}",0.1.0,2026-06-20T16:51:17+00:00,shapediscover
swiss_roll,shapediscover,embedding,continuity,0.9927987662679606,1,1500,3,2.262,12,"{""knn"": 15, ""label_mode"": ""components"", ""lite"": false, ""loss_weights"": [1, 10, 1, 10], ""n_cover"": 15, ""regularization"": 10.0, ""threshold"": 0.5}",0.1.0,2026-06-20T16:51:17+00:00,shapediscover
swiss_roll,shapediscover,embedding,knn_recall,0.5729333333333333,1,1500,3,2.262,12,"{""knn"": 15, ""label_mode"": ""components"", ""lite"": false, ""loss_weights"": [1, 10, 1, 10], ""n_cover"": 15, ""regularization"": 10.0, ""threshold"": 0.5}",0.1.0,2026-06-20T16:51:17+00:00,shapediscover
swiss_roll,shapediscover,embedding,global_corr,0.3149042027481065,1,1500,3,2.262,12,"{""knn"": 15, ""label_mode"": ""components"", ""lite"": false, ""loss_weights"": [1, 10, 1, 10], ""n_cover"": 15, ""regularization"": 10.0, ""threshold"": 0.5}",0.1.0,2026-06-20T16:51:17+00:00,shapediscover
swiss_roll,shapediscover,cost,embedding_s,0.0037,1,1500,3,2.262,12,"{""knn"": 15, ""label_mode"": ""components"", ""lite"": false, ""loss_weights"": [1, 10, 1, 10], ""n_cover"": 15, ""regularization"": 10.0, ""threshold"": 0.5}",0.1.0,2026-06-20T16:51:17+00:00,shapediscover
swiss_roll,shapediscover,cost,fit_s,2.262,1,1500,3,2.262,12,"{""knn"": 15, ""label_mode"": ""components"", ""lite"": false, ""loss_weights"": [1, 10, 1, 10], ""n_cover"": 15, ""regularization"": 10.0, ""threshold"": 0.5}",0.1.0,2026-06-20T16:51:17+00:00,shapediscover
swiss_roll,shapediscover,embedding,trustworthiness,0.9791443316030993,2,1500,3,2.282,13,"{""knn"": 15, ""label_mode"": ""components"", ""lite"": false, ""loss_weights"": [1, 10, 1, 10], ""n_cover"": 15, ""regularization"": 10.0, ""threshold"": 0.5}",0.1.0,2026-06-20T16:51:17+00:00,shapediscover
swiss_roll,shapediscover,embedding,continuity,0.9926053712480253,2,1500,3,2.282,13,"{""knn"": 15, ""label_mode"": ""components"", ""lite"": false, ""loss_weights"": [1, 10, 1, 10], ""n_cover"": 15, ""regularization"": 10.0, ""threshold"": 0.5}",0.1.0,2026-06-20T16:51:17+00:00,shapediscover
swiss_roll,shapediscover,embedding,knn_recall,0.5721777777777778,2,1500,3,2.282,13,"{""knn"": 15, ""label_mode"": ""components"", ""lite"": false, ""loss_weights"": [1, 10, 1, 10], ""n_cover"": 15, ""regularization"": 10.0, ""threshold"": 0.5}",0.1.0,2026-06-20T16:51:17+00:00,shapediscover
swiss_roll,shapediscover,embedding,global_corr,0.2778664978442417,2,1500,3,2.282,13,"{""knn"": 15, ""label_mode"": ""components"", ""lite"": false, ""loss_weights"": [1, 10, 1, 10], ""n_cover"": 15, ""regularization"": 10.0, ""threshold"": 0.5}",0.1.0,2026-06-20T16:51:17+00:00,shapediscover
swiss_roll,shapediscover,cost,embedding_s,0.0029,2,1500,3,2.282,13,"{""knn"": 15, ""label_mode"": ""components"", ""lite"": false, ""loss_weights"": [1, 10, 1, 10], ""n_cover"": 15, ""regularization"": 10.0, ""threshold"": 0.5}",0.1.0,2026-06-20T16:51:17+00:00,shapediscover
swiss_roll,shapediscover,cost,fit_s,2.282,2,1500,3,2.282,13,"{""knn"": 15, ""label_mode"": ""components"", ""lite"": false, ""loss_weights"": [1, 10, 1, 10], ""n_cover"": 15, ""regularization"": 10.0, ""threshold"": 0.5}",0.1.0,2026-06-20T16:51:17+00:00,shapediscover
torus,shapediscover,embedding,trustworthiness,0.9676887470607994,0,3000,3,1.378,15,"{""knn"": 15, ""label_mode"": ""components"", ""lite"": false, ""loss_weights"": [1, 10, 1, 10], ""n_cover"": 15, ""regularization"": 10.0, ""threshold"": 0.5}",0.1.0,2026-06-20T16:51:17+00:00,shapediscover
torus,shapediscover,embedding,continuity,0.9939236890232523,0,3000,3,1.378,15,"{""knn"": 15, ""label_mode"": ""components"", ""lite"": false, ""loss_weights"": [1, 10, 1, 10], ""n_cover"": 15, ""regularization"": 10.0, ""threshold"": 0.5}",0.1.0,2026-06-20T16:51:17+00:00,shapediscover
torus,shapediscover,embedding,knn_recall,0.5057333333333334,0,3000,3,1.378,15,"{""knn"": 15, ""label_mode"": ""components"", ""lite"": false, ""loss_weights"": [1, 10, 1, 10], ""n_cover"": 15, ""regularization"": 10.0, ""threshold"": 0.5}",0.1.0,2026-06-20T16:51:17+00:00,shapediscover
torus,shapediscover,embedding,global_corr,0.918615409469282,0,3000,3,1.378,15,"{""knn"": 15, ""label_mode"": ""components"", ""lite"": false, ""loss_weights"": [1, 10, 1, 10], ""n_cover"": 15, ""regularization"": 10.0, ""threshold"": 0.5}",0.1.0,2026-06-20T16:51:17+00:00,shapediscover
torus,shapediscover,cost,embedding_s,0.0034,0,3000,3,1.378,15,"{""knn"": 15, ""label_mode"": ""components"", ""lite"": false, ""loss_weights"": [1, 10, 1, 10], ""n_cover"": 15, ""regularization"": 10.0, ""threshold"": 0.5}",0.1.0,2026-06-20T16:51:17+00:00,shapediscover
torus,shapediscover,cost,fit_s,1.378,0,3000,3,1.378,15,"{""knn"": 15, ""label_mode"": ""components"", ""lite"": false, ""loss_weights"": [1, 10, 1, 10], ""n_cover"": 15, ""regularization"": 10.0, ""threshold"": 0.5}",0.1.0,2026-06-20T16:51:17+00:00,shapediscover
torus,shapediscover,embedding,trustworthiness,0.9662635464486993,1,3000,3,1.351,15,"{""knn"": 15, ""label_mode"": ""components"", ""lite"": false, ""loss_weights"": [1, 10, 1, 10], ""n_cover"": 15, ""regularization"": 10.0, ""threshold"": 0.5}",0.1.0,2026-06-20T16:51:17+00:00,shapediscover
torus,shapediscover,embedding,continuity,0.9925397827790841,1,3000,3,1.351,15,"{""knn"": 15, ""label_mode"": ""components"", ""lite"": false, ""loss_weights"": [1, 10, 1, 10], ""n_cover"": 15, ""regularization"": 10.0, ""threshold"": 0.5}",0.1.0,2026-06-20T16:51:17+00:00,shapediscover
torus,shapediscover,embedding,knn_recall,0.47028888888888887,1,3000,3,1.351,15,"{""knn"": 15, ""label_mode"": ""components"", ""lite"": false, ""loss_weights"": [1, 10, 1, 10], ""n_cover"": 15, ""regularization"": 10.0, ""threshold"": 0.5}",0.1.0,2026-06-20T16:51:17+00:00,shapediscover
torus,shapediscover,embedding,global_corr,0.8892544009876857,1,3000,3,1.351,15,"{""knn"": 15, ""label_mode"": ""components"", ""lite"": false, ""loss_weights"": [1, 10, 1, 10], ""n_cover"": 15, ""regularization"": 10.0, ""threshold"": 0.5}",0.1.0,2026-06-20T16:51:17+00:00,shapediscover
torus,shapediscover,cost,embedding_s,0.0044,1,3000,3,1.351,15,"{""knn"": 15, ""label_mode"": ""components"", ""lite"": false, ""loss_weights"": [1, 10, 1, 10], ""n_cover"": 15, ""regularization"": 10.0, ""threshold"": 0.5}",0.1.0,2026-06-20T16:51:17+00:00,shapediscover
torus,shapediscover,cost,fit_s,1.351,1,3000,3,1.351,15,"{""knn"": 15, ""label_mode"": ""components"", ""lite"": false, ""loss_weights"": [1, 10, 1, 10], ""n_cover"": 15, ""regularization"": 10.0, ""threshold"": 0.5}",0.1.0,2026-06-20T16:51:17+00:00,shapediscover
torus,shapediscover,embedding,trustworthiness,0.9655982458104729,2,3000,3,1.302,15,"{""knn"": 15, ""label_mode"": ""components"", ""lite"": false, ""loss_weights"": [1, 10, 1, 10], ""n_cover"": 15, ""regularization"": 10.0, ""threshold"": 0.5}",0.1.0,2026-06-20T16:51:17+00:00,shapediscover
torus,shapediscover,embedding,continuity,0.9935635501810174,2,3000,3,1.302,15,"{""knn"": 15, ""label_mode"": ""components"", ""lite"": false, ""loss_weights"": [1, 10, 1, 10], ""n_cover"": 15, ""regularization"": 10.0, ""threshold"": 0.5}",0.1.0,2026-06-20T16:51:17+00:00,shapediscover
torus,shapediscover,embedding,knn_recall,0.4928666666666667,2,3000,3,1.302,15,"{""knn"": 15, ""label_mode"": ""components"", ""lite"": false, ""loss_weights"": [1, 10, 1, 10], ""n_cover"": 15, ""regularization"": 10.0, ""threshold"": 0.5}",0.1.0,2026-06-20T16:51:17+00:00,shapediscover
torus,shapediscover,embedding,global_corr,0.9216398379703123,2,3000,3,1.302,15,"{""knn"": 15, ""label_mode"": ""components"", ""lite"": false, ""loss_weights"": [1, 10, 1, 10], ""n_cover"": 15, ""regularization"": 10.0, ""threshold"": 0.5}",0.1.0,2026-06-20T16:51:17+00:00,shapediscover
torus,shapediscover,cost,embedding_s,0.0036,2,3000,3,1.302,15,"{""knn"": 15, ""label_mode"": ""components"", ""lite"": false, ""loss_weights"": [1, 10, 1, 10], ""n_cover"": 15, ""regularization"": 10.0, ""threshold"": 0.5}",0.1.0,2026-06-20T16:51:17+00:00,shapediscover
torus,shapediscover,cost,fit_s,1.302,2,3000,3,1.302,15,"{""knn"": 15, ""label_mode"": ""components"", ""lite"": false, ""loss_weights"": [1, 10, 1, 10], ""n_cover"": 15, ""regularization"": 10.0, ""threshold"": 0.5}",0.1.0,2026-06-20T16:51:17+00:00,shapediscover
digits,shapediscover,embedding,trustworthiness,0.7994650987271157,0,1797,64,1.288,12,"{""knn"": 15, ""label_mode"": ""components"", ""lite"": false, ""loss_weights"": [1, 10, 1, 10], ""n_cover"": 15, ""regularization"": 10.0, ""threshold"": 0.5}",0.1.0,2026-06-20T16:51:17+00:00,shapediscover
digits,shapediscover,embedding,continuity,0.8680113647176377,0,1797,64,1.288,12,"{""knn"": 15, ""label_mode"": ""components"", ""lite"": false, ""loss_weights"": [1, 10, 1, 10], ""n_cover"": 15, ""regularization"": 10.0, ""threshold"": 0.5}",0.1.0,2026-06-20T16:51:17+00:00,shapediscover
digits,shapediscover,embedding,knn_recall,0.1843813763680208,0,1797,64,1.288,12,"{""knn"": 15, ""label_mode"": ""components"", ""lite"": false, ""loss_weights"": [1, 10, 1, 10], ""n_cover"": 15, ""regularization"": 10.0, ""threshold"": 0.5}",0.1.0,2026-06-20T16:51:17+00:00,shapediscover
digits,shapediscover,embedding,global_corr,0.20925917422329776,0,1797,64,1.288,12,"{""knn"": 15, ""label_mode"": ""components"", ""lite"": false, ""loss_weights"": [1, 10, 1, 10], ""n_cover"": 15, ""regularization"": 10.0, ""threshold"": 0.5}",0.1.0,2026-06-20T16:51:17+00:00,shapediscover
digits,shapediscover,cost,embedding_s,0.0028,0,1797,64,1.288,12,"{""knn"": 15, ""label_mode"": ""components"", ""lite"": false, ""loss_weights"": [1, 10, 1, 10], ""n_cover"": 15, ""regularization"": 10.0, ""threshold"": 0.5}",0.1.0,2026-06-20T16:51:17+00:00,shapediscover
digits,shapediscover,cost,fit_s,1.288,0,1797,64,1.288,12,"{""knn"": 15, ""label_mode"": ""components"", ""lite"": false, ""loss_weights"": [1, 10, 1, 10], ""n_cover"": 15, ""regularization"": 10.0, ""threshold"": 0.5}",0.1.0,2026-06-20T16:51:17+00:00,shapediscover
digits,shapediscover,embedding,trustworthiness,0.7595073379010531,1,1797,64,1.881,11,"{""knn"": 15, ""label_mode"": ""components"", ""lite"": false, ""loss_weights"": [1, 10, 1, 10], ""n_cover"": 15, ""regularization"": 10.0, ""threshold"": 0.5}",0.1.0,2026-06-20T16:51:17+00:00,shapediscover
digits,shapediscover,embedding,continuity,0.8744116305580075,1,1797,64,1.881,11,"{""knn"": 15, ""label_mode"": ""components"", ""lite"": false, ""loss_weights"": [1, 10, 1, 10], ""n_cover"": 15, ""regularization"": 10.0, ""threshold"": 0.5}",0.1.0,2026-06-20T16:51:17+00:00,shapediscover
digits,shapediscover,embedding,knn_recall,0.1784826562789835,1,1797,64,1.881,11,"{""knn"": 15, ""label_mode"": ""components"", ""lite"": false, ""loss_weights"": [1, 10, 1, 10], ""n_cover"": 15, ""regularization"": 10.0, ""threshold"": 0.5}",0.1.0,2026-06-20T16:51:17+00:00,shapediscover
digits,shapediscover,embedding,global_corr,0.1709678464831667,1,1797,64,1.881,11,"{""knn"": 15, ""label_mode"": ""components"", ""lite"": false, ""loss_weights"": [1, 10, 1, 10], ""n_cover"": 15, ""regularization"": 10.0, ""threshold"": 0.5}",0.1.0,2026-06-20T16:51:17+00:00,shapediscover
digits,shapediscover,cost,embedding_s,0.0027,1,1797,64,1.881,11,"{""knn"": 15, ""label_mode"": ""components"", ""lite"": false, ""loss_weights"": [1, 10, 1, 10], ""n_cover"": 15, ""regularization"": 10.0, ""threshold"": 0.5}",0.1.0,2026-06-20T16:51:17+00:00,shapediscover
digits,shapediscover,cost,fit_s,1.881,1,1797,64,1.881,11,"{""knn"": 15, ""label_mode"": ""components"", ""lite"": false, ""loss_weights"": [1, 10, 1, 10], ""n_cover"": 15, ""regularization"": 10.0, ""threshold"": 0.5}",0.1.0,2026-06-20T16:51:17+00:00,shapediscover
digits,shapediscover,embedding,trustworthiness,0.7715642610329922,2,1797,64,2.975,12,"{""knn"": 15, ""label_mode"": ""components"", ""lite"": false, ""loss_weights"": [1, 10, 1, 10], ""n_cover"": 15, ""regularization"": 10.0, ""threshold"": 0.5}",0.1.0,2026-06-20T16:51:17+00:00,shapediscover
digits,shapediscover,embedding,continuity,0.8463146122070334,2,1797,64,2.975,12,"{""knn"": 15, ""label_mode"": ""components"", ""lite"": false, ""loss_weights"": [1, 10, 1, 10], ""n_cover"": 15, ""regularization"": 10.0, ""threshold"": 0.5}",0.1.0,2026-06-20T16:51:17+00:00,shapediscover
digits,shapediscover,embedding,knn_recall,0.19892413281394916,2,1797,64,2.975,12,"{""knn"": 15, ""label_mode"": ""components"", ""lite"": false, ""loss_weights"": [1, 10, 1, 10], ""n_cover"": 15, ""regularization"": 10.0, ""threshold"": 0.5}",0.1.0,2026-06-20T16:51:17+00:00,shapediscover
digits,shapediscover,embedding,global_corr,0.1638735842692065,2,1797,64,2.975,12,"{""knn"": 15, ""label_mode"": ""components"", ""lite"": false, ""loss_weights"": [1, 10, 1, 10], ""n_cover"": 15, ""regularization"": 10.0, ""threshold"": 0.5}",0.1.0,2026-06-20T16:51:17+00:00,shapediscover
digits,shapediscover,cost,embedding_s,0.0028,2,1797,64,2.975,12,"{""knn"": 15, ""label_mode"": ""components"", ""lite"": false, ""loss_weights"": [1, 10, 1, 10], ""n_cover"": 15, ""regularization"": 10.0, ""threshold"": 0.5}",0.1.0,2026-06-20T16:51:17+00:00,shapediscover
digits,shapediscover,cost,fit_s,2.975,2,1797,64,2.975,12,"{""knn"": 15, ""label_mode"": ""components"", ""lite"": false, ""loss_weights"": [1, 10, 1, 10], ""n_cover"": 15, ""regularization"": 10.0, ""threshold"": 0.5}",0.1.0,2026-06-20T16:51:17+00:00,shapediscover
s_curve,fuzzy_cover,embedding,trustworthiness,0.9706023922365155,0,1500,3,0.084,15,"{""fuzzifier"": 2.0, ""graph_algorithm"": ""umap"", ""knn"": 15, ""label_mode"": ""components"", ""n_cover"": 15, ""space"": ""euclidean"", ""threshold"": 0.5}",0.1.0,2026-06-20T16:51:52+00:00,fuzzy_euclidean
s_curve,fuzzy_cover,embedding,continuity,0.9827046415406605,0,1500,3,0.084,15,"{""fuzzifier"": 2.0, ""graph_algorithm"": ""umap"", ""knn"": 15, ""label_mode"": ""components"", ""n_cover"": 15, ""space"": ""euclidean"", ""threshold"": 0.5}",0.1.0,2026-06-20T16:51:52+00:00,fuzzy_euclidean
s_curve,fuzzy_cover,embedding,knn_recall,0.42835555555555554,0,1500,3,0.084,15,"{""fuzzifier"": 2.0, ""graph_algorithm"": ""umap"", ""knn"": 15, ""label_mode"": ""components"", ""n_cover"": 15, ""space"": ""euclidean"", ""threshold"": 0.5}",0.1.0,2026-06-20T16:51:52+00:00,fuzzy_euclidean
s_curve,fuzzy_cover,embedding,global_corr,0.8824062163189709,0,1500,3,0.084,15,"{""fuzzifier"": 2.0, ""graph_algorithm"": ""umap"", ""knn"": 15, ""label_mode"": ""components"", ""n_cover"": 15, ""space"": ""euclidean"", ""threshold"": 0.5}",0.1.0,2026-06-20T16:51:52+00:00,fuzzy_euclidean
s_curve,fuzzy_cover,cost,embedding_s,0.0032,0,1500,3,0.084,15,"{""fuzzifier"": 2.0, ""graph_algorithm"": ""umap"", ""knn"": 15, ""label_mode"": ""components"", ""n_cover"": 15, ""space"": ""euclidean"", ""threshold"": 0.5}",0.1.0,2026-06-20T16:51:52+00:00,fuzzy_euclidean
s_curve,fuzzy_cover,cost,fit_s,0.084,0,1500,3,0.084,15,"{""fuzzifier"": 2.0, ""graph_algorithm"": ""umap"", ""knn"": 15, ""label_mode"": ""components"", ""n_cover"": 15, ""space"": ""euclidean"", ""threshold"": 0.5}",0.1.0,2026-06-20T16:51:52+00:00,fuzzy_euclidean
s_curve,fuzzy_cover,embedding,trustworthiness,0.939662890242985,1,1500,3,0.157,15,"{""fuzzifier"": 2.0, ""graph_algorithm"": ""umap"", ""knn"": 15, ""label_mode"": ""components"", ""n_cover"": 15, ""space"": ""euclidean"", ""threshold"": 0.5}",0.1.0,2026-06-20T16:51:52+00:00,fuzzy_euclidean
s_curve,fuzzy_cover,embedding,continuity,0.9717515384036711,1,1500,3,0.157,15,"{""fuzzifier"": 2.0, ""graph_algorithm"": ""umap"", ""knn"": 15, ""label_mode"": ""components"", ""n_cover"": 15, ""space"": ""euclidean"", ""threshold"": 0.5}",0.1.0,2026-06-20T16:51:52+00:00,fuzzy_euclidean
s_curve,fuzzy_cover,embedding,knn_recall,0.34413333333333335,1,1500,3,0.157,15,"{""fuzzifier"": 2.0, ""graph_algorithm"": ""umap"", ""knn"": 15, ""label_mode"": ""components"", ""n_cover"": 15, ""space"": ""euclidean"", ""threshold"": 0.5}",0.1.0,2026-06-20T16:51:52+00:00,fuzzy_euclidean
s_curve,fuzzy_cover,embedding,global_corr,0.8781817856984492,1,1500,3,0.157,15,"{""fuzzifier"": 2.0, ""graph_algorithm"": ""umap"", ""knn"": 15, ""label_mode"": ""components"", ""n_cover"": 15, ""space"": ""euclidean"", ""threshold"": 0.5}",0.1.0,2026-06-20T16:51:52+00:00,fuzzy_euclidean
s_curve,fuzzy_cover,cost,embedding_s,0.0032,1,1500,3,0.157,15,"{""fuzzifier"": 2.0, ""graph_algorithm"": ""umap"", ""knn"": 15, ""label_mode"": ""components"", ""n_cover"": 15, ""space"": ""euclidean"", ""threshold"": 0.5}",0.1.0,2026-06-20T16:51:52+00:00,fuzzy_euclidean
s_curve,fuzzy_cover,cost,fit_s,0.157,1,1500,3,0.157,15,"{""fuzzifier"": 2.0, ""graph_algorithm"": ""umap"", ""knn"": 15, ""label_mode"": ""components"", ""n_cover"": 15, ""space"": ""euclidean"", ""threshold"": 0.5}",0.1.0,2026-06-20T16:51:52+00:00,fuzzy_euclidean
s_curve,fuzzy_cover,embedding,trustworthiness,0.9538898367561874,2,1500,3,0.125,15,"{""fuzzifier"": 2.0, ""graph_algorithm"": ""umap"", ""knn"": 15, ""label_mode"": ""components"", ""n_cover"": 15, ""space"": ""euclidean"", ""threshold"": 0.5}",0.1.0,2026-06-20T16:51:52+00:00,fuzzy_euclidean
s_curve,fuzzy_cover,embedding,continuity,0.9758429248476642,2,1500,3,0.125,15,"{""fuzzifier"": 2.0, ""graph_algorithm"": ""umap"", ""knn"": 15, ""label_mode"": ""components"", ""n_cover"": 15, ""space"": ""euclidean"", ""threshold"": 0.5}",0.1.0,2026-06-20T16:51:52+00:00,fuzzy_euclidean
s_curve,fuzzy_cover,embedding,knn_recall,0.37795555555555554,2,1500,3,0.125,15,"{""fuzzifier"": 2.0, ""graph_algorithm"": ""umap"", ""knn"": 15, ""label_mode"": ""components"", ""n_cover"": 15, ""space"": ""euclidean"", ""threshold"": 0.5}",0.1.0,2026-06-20T16:51:52+00:00,fuzzy_euclidean
s_curve,fuzzy_cover,embedding,global_corr,0.8827246588634696,2,1500,3,0.125,15,"{""fuzzifier"": 2.0, ""graph_algorithm"": ""umap"", ""knn"": 15, ""label_mode"": ""components"", ""n_cover"": 15, ""space"": ""euclidean"", ""threshold"": 0.5}",0.1.0,2026-06-20T16:51:52+00:00,fuzzy_euclidean
s_curve,fuzzy_cover,cost,embedding_s,0.0034,2,1500,3,0.125,15,"{""fuzzifier"": 2.0, ""graph_algorithm"": ""umap"", ""knn"": 15, ""label_mode"": ""components"", ""n_cover"": 15, ""space"": ""euclidean"", ""threshold"": 0.5}",0.1.0,2026-06-20T16:51:52+00:00,fuzzy_euclidean
s_curve,fuzzy_cover,cost,fit_s,0.125,2,1500,3,0.125,15,"{""fuzzifier"": 2.0, ""graph_algorithm"": ""umap"", ""knn"": 15, ""label_mode"": ""components"", ""n_cover"": 15, ""space"": ""euclidean"", ""threshold"": 0.5}",0.1.0,2026-06-20T16:51:52+00:00,fuzzy_euclidean
swiss_roll,fuzzy_cover,embedding,trustworthiness,0.9021121793425111,0,1500,3,0.174,15,"{""fuzzifier"": 2.0, ""graph_algorithm"": ""umap"", ""knn"": 15, ""label_mode"": ""components"", ""n_cover"": 15, ""space"": ""euclidean"", ""threshold"": 0.5}",0.1.0,2026-06-20T16:51:52+00:00,fuzzy_euclidean
swiss_roll,fuzzy_cover,embedding,continuity,0.9769100729707365,0,1500,3,0.174,15,"{""fuzzifier"": 2.0, ""graph_algorithm"": ""umap"", ""knn"": 15, ""label_mode"": ""components"", ""n_cover"": 15, ""space"": ""euclidean"", ""threshold"": 0.5}",0.1.0,2026-06-20T16:51:52+00:00,fuzzy_euclidean
swiss_roll,fuzzy_cover,embedding,knn_recall,0.3595111111111111,0,1500,3,0.174,15,"{""fuzzifier"": 2.0, ""graph_algorithm"": ""umap"", ""knn"": 15, ""label_mode"": ""components"", ""n_cover"": 15, ""space"": ""euclidean"", ""threshold"": 0.5}",0.1.0,2026-06-20T16:51:52+00:00,fuzzy_euclidean
swiss_roll,fuzzy_cover,embedding,global_corr,0.6485809896661636,0,1500,3,0.174,15,"{""fuzzifier"": 2.0, ""graph_algorithm"": ""umap"", ""knn"": 15, ""label_mode"": ""components"", ""n_cover"": 15, ""space"": ""euclidean"", ""threshold"": 0.5}",0.1.0,2026-06-20T16:51:52+00:00,fuzzy_euclidean
swiss_roll,fuzzy_cover,cost,embedding_s,0.0033,0,1500,3,0.174,15,"{""fuzzifier"": 2.0, ""graph_algorithm"": ""umap"", ""knn"": 15, ""label_mode"": ""components"", ""n_cover"": 15, ""space"": ""euclidean"", ""threshold"": 0.5}",0.1.0,2026-06-20T16:51:52+00:00,fuzzy_euclidean
swiss_roll,fuzzy_cover,cost,fit_s,0.174,0,1500,3,0.174,15,"{""fuzzifier"": 2.0, ""graph_algorithm"": ""umap"", ""knn"": 15, ""label_mode"": ""components"", ""n_cover"": 15, ""space"": ""euclidean"", ""threshold"": 0.5}",0.1.0,2026-06-20T16:51:52+00:00,fuzzy_euclidean
swiss_roll,fuzzy_cover,embedding,trustworthiness,0.9095660874144287,1,1500,3,0.136,15,"{""fuzzifier"": 2.0, ""graph_algorithm"": ""umap"", ""knn"": 15, ""label_mode"": ""components"", ""n_cover"": 15, ""space"": ""euclidean"", ""threshold"": 0.5}",0.1.0,2026-06-20T16:51:52+00:00,fuzzy_euclidean
swiss_roll,fuzzy_cover,embedding,continuity,0.9770980215150831,1,1500,3,0.136,15,"{""fuzzifier"": 2.0, ""graph_algorithm"": ""umap"", ""knn"": 15, ""label_mode"": ""components"", ""n_cover"": 15, ""space"": ""euclidean"", ""threshold"": 0.5}",0.1.0,2026-06-20T16:51:52+00:00,fuzzy_euclidean
swiss_roll,fuzzy_cover,embedding,knn_recall,0.3760888888888889,1,1500,3,0.136,15,"{""fuzzifier"": 2.0, ""graph_algorithm"": ""umap"", ""knn"": 15, ""label_mode"": ""components"", ""n_cover"": 15, ""space"": ""euclidean"", ""threshold"": 0.5}",0.1.0,2026-06-20T16:51:52+00:00,fuzzy_euclidean
swiss_roll,fuzzy_cover,embedding,global_corr,0.6468496777853651,1,1500,3,0.136,15,"{""fuzzifier"": 2.0, ""graph_algorithm"": ""umap"", ""knn"": 15, ""label_mode"": ""components"", ""n_cover"": 15, ""space"": ""euclidean"", ""threshold"": 0.5}",0.1.0,2026-06-20T16:51:52+00:00,fuzzy_euclidean
swiss_roll,fuzzy_cover,cost,embedding_s,0.0033,1,1500,3,0.136,15,"{""fuzzifier"": 2.0, ""graph_algorithm"": ""umap"", ""knn"": 15, ""label_mode"": ""components"", ""n_cover"": 15, ""space"": ""euclidean"", ""threshold"": 0.5}",0.1.0,2026-06-20T16:51:52+00:00,fuzzy_euclidean
swiss_roll,fuzzy_cover,cost,fit_s,0.136,1,1500,3,0.136,15,"{""fuzzifier"": 2.0, ""graph_algorithm"": ""umap"", ""knn"": 15, ""label_mode"": ""components"", ""n_cover"": 15, ""space"": ""euclidean"", ""threshold"": 0.5}",0.1.0,2026-06-20T16:51:52+00:00,fuzzy_euclidean
swiss_roll,fuzzy_cover,embedding,trustworthiness,0.9129271646731363,2,1500,3,0.04,15,"{""fuzzifier"": 2.0, ""graph_algorithm"": ""umap"", ""knn"": 15, ""label_mode"": ""components"", ""n_cover"": 15, ""space"": ""euclidean"", ""threshold"": 0.5}",0.1.0,2026-06-20T16:51:52+00:00,fuzzy_euclidean
swiss_roll,fuzzy_cover,embedding,continuity,0.9770657940269315,2,1500,3,0.04,15,"{""fuzzifier"": 2.0, ""graph_algorithm"": ""umap"", ""knn"": 15, ""label_mode"": ""components"", ""n_cover"": 15, ""space"": ""euclidean"", ""threshold"": 0.5}",0.1.0,2026-06-20T16:51:52+00:00,fuzzy_euclidean
swiss_roll,fuzzy_cover,embedding,knn_recall,0.37435555555555555,2,1500,3,0.04,15,"{""fuzzifier"": 2.0, ""graph_algorithm"": ""umap"", ""knn"": 15, ""label_mode"": ""components"", ""n_cover"": 15, ""space"": ""euclidean"", ""threshold"": 0.5}",0.1.0,2026-06-20T16:51:52+00:00,fuzzy_euclidean
swiss_roll,fuzzy_cover,embedding,global_corr,0.6230520569289879,2,1500,3,0.04,15,"{""fuzzifier"": 2.0, ""graph_algorithm"": ""umap"", ""knn"": 15, ""label_mode"": ""components"", ""n_cover"": 15, ""space"": ""euclidean"", ""threshold"": 0.5}",0.1.0,2026-06-20T16:51:52+00:00,fuzzy_euclidean
swiss_roll,fuzzy_cover,cost,embedding_s,0.0033,2,1500,3,0.04,15,"{""fuzzifier"": 2.0, ""graph_algorithm"": ""umap"", ""knn"": 15, ""label_mode"": ""components"", ""n_cover"": 15, ""space"": ""euclidean"", ""threshold"": 0.5}",0.1.0,2026-06-20T16:51:52+00:00,fuzzy_euclidean
swiss_roll,fuzzy_cover,cost,fit_s,0.04,2,1500,3,0.04,15,"{""fuzzifier"": 2.0, ""graph_algorithm"": ""umap"", ""knn"": 15, ""label_mode"": ""components"", ""n_cover"": 15, ""space"": ""euclidean"", ""threshold"": 0.5}",0.1.0,2026-06-20T16:51:52+00:00,fuzzy_euclidean
torus,fuzzy_cover,embedding,trustworthiness,0.9523256746165043,0,3000,3,0.228,15,"{""fuzzifier"": 2.0, ""graph_algorithm"": ""umap"", ""knn"": 15, ""label_mode"": ""components"", ""n_cover"": 15, ""space"": ""euclidean"", ""threshold"": 0.5}",0.1.0,2026-06-20T16:51:52+00:00,fuzzy_euclidean
torus,fuzzy_cover,embedding,continuity,0.9907635203224723,0,3000,3,0.228,15,"{""fuzzifier"": 2.0, ""graph_algorithm"": ""umap"", ""knn"": 15, ""label_mode"": ""components"", ""n_cover"": 15, ""space"": ""euclidean"", ""threshold"": 0.5}",0.1.0,2026-06-20T16:51:52+00:00,fuzzy_euclidean
torus,fuzzy_cover,embedding,knn_recall,0.36035555555555554,0,3000,3,0.228,15,"{""fuzzifier"": 2.0, ""graph_algorithm"": ""umap"", ""knn"": 15, ""label_mode"": ""components"", ""n_cover"": 15, ""space"": ""euclidean"", ""threshold"": 0.5}",0.1.0,2026-06-20T16:51:52+00:00,fuzzy_euclidean
torus,fuzzy_cover,embedding,global_corr,0.8589001041344204,0,3000,3,0.228,15,"{""fuzzifier"": 2.0, ""graph_algorithm"": ""umap"", ""knn"": 15, ""label_mode"": ""components"", ""n_cover"": 15, ""space"": ""euclidean"", ""threshold"": 0.5}",0.1.0,2026-06-20T16:51:52+00:00,fuzzy_euclidean
torus,fuzzy_cover,cost,embedding_s,0.0038,0,3000,3,0.228,15,"{""fuzzifier"": 2.0, ""graph_algorithm"": ""umap"", ""knn"": 15, ""label_mode"": ""components"", ""n_cover"": 15, ""space"": ""euclidean"", ""threshold"": 0.5}",0.1.0,2026-06-20T16:51:52+00:00,fuzzy_euclidean
torus,fuzzy_cover,cost,fit_s,0.228,0,3000,3,0.228,15,"{""fuzzifier"": 2.0, ""graph_algorithm"": ""umap"", ""knn"": 15, ""label_mode"": ""components"", ""n_cover"": 15, ""space"": ""euclidean"", ""threshold"": 0.5}",0.1.0,2026-06-20T16:51:52+00:00,fuzzy_euclidean
torus,fuzzy_cover,embedding,trustworthiness,0.9529696861120442,1,3000,3,0.206,15,"{""fuzzifier"": 2.0, ""graph_algorithm"": ""umap"", ""knn"": 15, ""label_mode"": ""components"", ""n_cover"": 15, ""space"": ""euclidean"", ""threshold"": 0.5}",0.1.0,2026-06-20T16:51:52+00:00,fuzzy_euclidean
torus,fuzzy_cover,embedding,continuity,0.9908989736125108,1,3000,3,0.206,15,"{""fuzzifier"": 2.0, ""graph_algorithm"": ""umap"", ""knn"": 15, ""label_mode"": ""components"", ""n_cover"": 15, ""space"": ""euclidean"", ""threshold"": 0.5}",0.1.0,2026-06-20T16:51:52+00:00,fuzzy_euclidean
torus,fuzzy_cover,embedding,knn_recall,0.36764444444444444,1,3000,3,0.206,15,"{""fuzzifier"": 2.0, ""graph_algorithm"": ""umap"", ""knn"": 15, ""label_mode"": ""components"", ""n_cover"": 15, ""space"": ""euclidean"", ""threshold"": 0.5}",0.1.0,2026-06-20T16:51:52+00:00,fuzzy_euclidean
torus,fuzzy_cover,embedding,global_corr,0.8576569720495105,1,3000,3,0.206,15,"{""fuzzifier"": 2.0, ""graph_algorithm"": ""umap"", ""knn"": 15, ""label_mode"": ""components"", ""n_cover"": 15, ""space"": ""euclidean"", ""threshold"": 0.5}",0.1.0,2026-06-20T16:51:52+00:00,fuzzy_euclidean
torus,fuzzy_cover,cost,embedding_s,0.004,1,3000,3,0.206,15,"{""fuzzifier"": 2.0, ""graph_algorithm"": ""umap"", ""knn"": 15, ""label_mode"": ""components"", ""n_cover"": 15, ""space"": ""euclidean"", ""threshold"": 0.5}",0.1.0,2026-06-20T16:51:52+00:00,fuzzy_euclidean
torus,fuzzy_cover,cost,fit_s,0.206,1,3000,3,0.206,15,"{""fuzzifier"": 2.0, ""graph_algorithm"": ""umap"", ""knn"": 15, ""label_mode"": ""components"", ""n_cover"": 15, ""space"": ""euclidean"", ""threshold"": 0.5}",0.1.0,2026-06-20T16:51:52+00:00,fuzzy_euclidean
torus,fuzzy_cover,embedding,trustworthiness,0.9536850893890195,2,3000,3,0.251,15,"{""fuzzifier"": 2.0, ""graph_algorithm"": ""umap"", ""knn"": 15, ""label_mode"": ""components"", ""n_cover"": 15, ""space"": ""euclidean"", ""threshold"": 0.5}",0.1.0,2026-06-20T16:51:52+00:00,fuzzy_euclidean
torus,fuzzy_cover,embedding,continuity,0.9908647258612324,2,3000,3,0.251,15,"{""fuzzifier"": 2.0, ""graph_algorithm"": ""umap"", ""knn"": 15, ""label_mode"": ""components"", ""n_cover"": 15, ""space"": ""euclidean"", ""threshold"": 0.5}",0.1.0,2026-06-20T16:51:52+00:00,fuzzy_euclidean
torus,fuzzy_cover,embedding,knn_recall,0.3670666666666667,2,3000,3,0.251,15,"{""fuzzifier"": 2.0, ""graph_algorithm"": ""umap"", ""knn"": 15, ""label_mode"": ""components"", ""n_cover"": 15, ""space"": ""euclidean"", ""threshold"": 0.5}",0.1.0,2026-06-20T16:51:52+00:00,fuzzy_euclidean
torus,fuzzy_cover,embedding,global_corr,0.8449849108194517,2,3000,3,0.251,15,"{""fuzzifier"": 2.0, ""graph_algorithm"": ""umap"", ""knn"": 15, ""label_mode"": ""components"", ""n_cover"": 15, ""space"": ""euclidean"", ""threshold"": 0.5}",0.1.0,2026-06-20T16:51:52+00:00,fuzzy_euclidean
torus,fuzzy_cover,cost,embedding_s,0.0041,2,3000,3,0.251,15,"{""fuzzifier"": 2.0, ""graph_algorithm"": ""umap"", ""knn"": 15, ""label_mode"": ""components"", ""n_cover"": 15, ""space"": ""euclidean"", ""threshold"": 0.5}",0.1.0,2026-06-20T16:51:52+00:00,fuzzy_euclidean
torus,fuzzy_cover,cost,fit_s,0.251,2,3000,3,0.251,15,"{""fuzzifier"": 2.0, ""graph_algorithm"": ""umap"", ""knn"": 15, ""label_mode"": ""components"", ""n_cover"": 15, ""space"": ""euclidean"", ""threshold"": 0.5}",0.1.0,2026-06-20T16:51:52+00:00,fuzzy_euclidean
digits,fuzzy_cover,embedding,trustworthiness,0.7895542426654972,0,1797,64,0.007,15,"{""fuzzifier"": 2.0, ""graph_algorithm"": ""umap"", ""knn"": 15, ""label_mode"": ""components"", ""n_cover"": 15, ""space"": ""euclidean"", ""threshold"": 0.5}",0.1.0,2026-06-20T16:51:52+00:00,fuzzy_euclidean
digits,fuzzy_cover,embedding,continuity,0.8901178359606818,0,1797,64,0.007,15,"{""fuzzifier"": 2.0, ""graph_algorithm"": ""umap"", ""knn"": 15, ""label_mode"": ""components"", ""n_cover"": 15, ""space"": ""euclidean"", ""threshold"": 0.5}",0.1.0,2026-06-20T16:51:52+00:00,fuzzy_euclidean
digits,fuzzy_cover,embedding,knn_recall,0.11830829159710629,0,1797,64,0.007,15,"{""fuzzifier"": 2.0, ""graph_algorithm"": ""umap"", ""knn"": 15, ""label_mode"": ""components"", ""n_cover"": 15, ""space"": ""euclidean"", ""threshold"": 0.5}",0.1.0,2026-06-20T16:51:52+00:00,fuzzy_euclidean
digits,fuzzy_cover,embedding,global_corr,0.33269603153475696,0,1797,64,0.007,15,"{""fuzzifier"": 2.0, ""graph_algorithm"": ""umap"", ""knn"": 15, ""label_mode"": ""components"", ""n_cover"": 15, ""space"": ""euclidean"", ""threshold"": 0.5}",0.1.0,2026-06-20T16:51:52+00:00,fuzzy_euclidean
digits,fuzzy_cover,cost,embedding_s,0.0035,0,1797,64,0.007,15,"{""fuzzifier"": 2.0, ""graph_algorithm"": ""umap"", ""knn"": 15, ""label_mode"": ""components"", ""n_cover"": 15, ""space"": ""euclidean"", ""threshold"": 0.5}",0.1.0,2026-06-20T16:51:52+00:00,fuzzy_euclidean
digits,fuzzy_cover,cost,fit_s,0.007,0,1797,64,0.007,15,"{""fuzzifier"": 2.0, ""graph_algorithm"": ""umap"", ""knn"": 15, ""label_mode"": ""components"", ""n_cover"": 15, ""space"": ""euclidean"", ""threshold"": 0.5}",0.1.0,2026-06-20T16:51:52+00:00,fuzzy_euclidean
digits,fuzzy_cover,embedding,trustworthiness,0.8119191721473239,1,1797,64,0.006,15,"{""fuzzifier"": 2.0, ""graph_algorithm"": ""umap"", ""knn"": 15, ""label_mode"": ""components"", ""n_cover"": 15, ""space"": ""euclidean"", ""threshold"": 0.5}",0.1.0,2026-06-20T16:51:52+00:00,fuzzy_euclidean
digits,fuzzy_cover,embedding,continuity,0.9203161057815471,1,1797,64,0.006,15,"{""fuzzifier"": 2.0, ""graph_algorithm"": ""umap"", ""knn"": 15, ""label_mode"": ""components"", ""n_cover"": 15, ""space"": ""euclidean"", ""threshold"": 0.5}",0.1.0,2026-06-20T16:51:52+00:00,fuzzy_euclidean
digits,fuzzy_cover,embedding,knn_recall,0.14271934705991468,1,1797,64,0.006,15,"{""fuzzifier"": 2.0, ""graph_algorithm"": ""umap"", ""knn"": 15, ""label_mode"": ""components"", ""n_cover"": 15, ""space"": ""euclidean"", ""threshold"": 0.5}",0.1.0,2026-06-20T16:51:52+00:00,fuzzy_euclidean
digits,fuzzy_cover,embedding,global_corr,0.4229932793458659,1,1797,64,0.006,15,"{""fuzzifier"": 2.0, ""graph_algorithm"": ""umap"", ""knn"": 15, ""label_mode"": ""components"", ""n_cover"": 15, ""space"": ""euclidean"", ""threshold"": 0.5}",0.1.0,2026-06-20T16:51:52+00:00,fuzzy_euclidean
digits,fuzzy_cover,cost,embedding_s,0.0032,1,1797,64,0.006,15,"{""fuzzifier"": 2.0, ""graph_algorithm"": ""umap"", ""knn"": 15, ""label_mode"": ""components"", ""n_cover"": 15, ""space"": ""euclidean"", ""threshold"": 0.5}",0.1.0,2026-06-20T16:51:52+00:00,fuzzy_euclidean
digits,fuzzy_cover,cost,fit_s,0.006,1,1797,64,0.006,15,"{""fuzzifier"": 2.0, ""graph_algorithm"": ""umap"", ""knn"": 15, ""label_mode"": ""components"", ""n_cover"": 15, ""space"": ""euclidean"", ""threshold"": 0.5}",0.1.0,2026-06-20T16:51:52+00:00,fuzzy_euclidean
digits,fuzzy_cover,embedding,trustworthiness,0.8043518394785916,2,1797,64,0.007,15,"{""fuzzifier"": 2.0, ""graph_algorithm"": ""umap"", ""knn"": 15, ""label_mode"": ""components"", ""n_cover"": 15, ""space"": ""euclidean"", ""threshold"": 0.5}",0.1.0,2026-06-20T16:51:52+00:00,fuzzy_euclidean
digits,fuzzy_cover,embedding,continuity,0.9041558679472678,2,1797,64,0.007,15,"{""fuzzifier"": 2.0, ""graph_algorithm"": ""umap"", ""knn"": 15, ""label_mode"": ""components"", ""n_cover"": 15, ""space"": ""euclidean"", ""threshold"": 0.5}",0.1.0,2026-06-20T16:51:52+00:00,fuzzy_euclidean
digits,fuzzy_cover,embedding,knn_recall,0.13210907067334446,2,1797,64,0.007,15,"{""fuzzifier"": 2.0, ""graph_algorithm"": ""umap"", ""knn"": 15, ""label_mode"": ""components"", ""n_cover"": 15, ""space"": ""euclidean"", ""threshold"": 0.5}",0.1.0,2026-06-20T16:51:52+00:00,fuzzy_euclidean
digits,fuzzy_cover,embedding,global_corr,0.33183763860936805,2,1797,64,0.007,15,"{""fuzzifier"": 2.0, ""graph_algorithm"": ""umap"", ""knn"": 15, ""label_mode"": ""components"", ""n_cover"": 15, ""space"": ""euclidean"", ""threshold"": 0.5}",0.1.0,2026-06-20T16:51:52+00:00,fuzzy_euclidean
digits,fuzzy_cover,cost,embedding_s,0.0032,2,1797,64,0.007,15,"{""fuzzifier"": 2.0, ""graph_algorithm"": ""umap"", ""knn"": 15, ""label_mode"": ""components"", ""n_cover"": 15, ""space"": ""euclidean"", ""threshold"": 0.5}",0.1.0,2026-06-20T16:51:52+00:00,fuzzy_euclidean
digits,fuzzy_cover,cost,fit_s,0.007,2,1797,64,0.007,15,"{""fuzzifier"": 2.0, ""graph_algorithm"": ""umap"", ""knn"": 15, ""label_mode"": ""components"", ""n_cover"": 15, ""space"": ""euclidean"", ""threshold"": 0.5}",0.1.0,2026-06-20T16:51:52+00:00,fuzzy_euclidean
s_curve,umap,embedding,trustworthiness,0.9985892123674114,0,1500,3,4.954,,"{""knn"": 15}",0.1.0,2026-06-20T16:52:05+00:00,umap
s_curve,umap,embedding,continuity,0.9944390280598812,0,1500,3,4.954,,"{""knn"": 15}",0.1.0,2026-06-20T16:52:05+00:00,umap
s_curve,umap,embedding,knn_recall,0.7779111111111111,0,1500,3,4.954,,"{""knn"": 15}",0.1.0,2026-06-20T16:52:05+00:00,umap
s_curve,umap,embedding,global_corr,0.7592117105239897,0,1500,3,4.954,,"{""knn"": 15}",0.1.0,2026-06-20T16:52:05+00:00,umap
s_curve,umap,cost,embedding_s,0.0,0,1500,3,4.954,,"{""knn"": 15}",0.1.0,2026-06-20T16:52:05+00:00,umap
s_curve,umap,cost,fit_s,4.954,0,1500,3,4.954,,"{""knn"": 15}",0.1.0,2026-06-20T16:52:05+00:00,umap
s_curve,umap,embedding,trustworthiness,0.998635372000301,1,1500,3,2.223,,"{""knn"": 15}",0.1.0,2026-06-20T16:52:05+00:00,umap
s_curve,umap,embedding,continuity,0.9947181825020688,1,1500,3,2.223,,"{""knn"": 15}",0.1.0,2026-06-20T16:52:05+00:00,umap
s_curve,umap,embedding,knn_recall,0.7832888888888888,1,1500,3,2.223,,"{""knn"": 15}",0.1.0,2026-06-20T16:52:05+00:00,umap
s_curve,umap,embedding,global_corr,0.7304373583321897,1,1500,3,2.223,,"{""knn"": 15}",0.1.0,2026-06-20T16:52:05+00:00,umap
s_curve,umap,cost,embedding_s,0.0,1,1500,3,2.223,,"{""knn"": 15}",0.1.0,2026-06-20T16:52:05+00:00,umap
s_curve,umap,cost,fit_s,2.223,1,1500,3,2.223,,"{""knn"": 15}",0.1.0,2026-06-20T16:52:05+00:00,umap
s_curve,umap,embedding,trustworthiness,0.9985192206424434,2,1500,3,2.214,,"{""knn"": 15}",0.1.0,2026-06-20T16:52:05+00:00,umap
s_curve,umap,embedding,continuity,0.9935550740991499,2,1500,3,2.214,,"{""knn"": 15}",0.1.0,2026-06-20T16:52:05+00:00,umap
s_curve,umap,embedding,knn_recall,0.7776,2,1500,3,2.214,,"{""knn"": 15}",0.1.0,2026-06-20T16:52:05+00:00,umap
s_curve,umap,embedding,global_corr,0.8090683373502897,2,1500,3,2.214,,"{""knn"": 15}",0.1.0,2026-06-20T16:52:05+00:00,umap
s_curve,umap,cost,embedding_s,0.0,2,1500,3,2.214,,"{""knn"": 15}",0.1.0,2026-06-20T16:52:05+00:00,umap
s_curve,umap,cost,fit_s,2.214,2,1500,3,2.214,,"{""knn"": 15}",0.1.0,2026-06-20T16:52:05+00:00,umap
swiss_roll,umap,embedding,trustworthiness,0.9984471827277515,0,1500,3,2.209,,"{""knn"": 15}",0.1.0,2026-06-20T16:52:05+00:00,umap
swiss_roll,umap,embedding,continuity,0.9945936357481381,0,1500,3,2.209,,"{""knn"": 15}",0.1.0,2026-06-20T16:52:05+00:00,umap
swiss_roll,umap,embedding,knn_recall,0.7781777777777777,0,1500,3,2.209,,"{""knn"": 15}",0.1.0,2026-06-20T16:52:05+00:00,umap
swiss_roll,umap,embedding,global_corr,0.32779626894881997,0,1500,3,2.209,,"{""knn"": 15}",0.1.0,2026-06-20T16:52:05+00:00,umap
swiss_roll,umap,cost,embedding_s,0.0,0,1500,3,2.209,,"{""knn"": 15}",0.1.0,2026-06-20T16:52:05+00:00,umap
swiss_roll,umap,cost,fit_s,2.209,0,1500,3,2.209,,"{""knn"": 15}",0.1.0,2026-06-20T16:52:05+00:00,umap
swiss_roll,umap,embedding,trustworthiness,0.9987269690814714,1,1500,3,2.223,,"{""knn"": 15}",0.1.0,2026-06-20T16:52:05+00:00,umap
swiss_roll,umap,embedding,continuity,0.9955601594824344,1,1500,3,2.223,,"{""knn"": 15}",0.1.0,2026-06-20T16:52:05+00:00,umap
swiss_roll,umap,embedding,knn_recall,0.7854666666666666,1,1500,3,2.223,,"{""knn"": 15}",0.1.0,2026-06-20T16:52:05+00:00,umap
swiss_roll,umap,embedding,global_corr,0.32169238889495727,1,1500,3,2.223,,"{""knn"": 15}",0.1.0,2026-06-20T16:52:05+00:00,umap
swiss_roll,umap,cost,embedding_s,0.0,1,1500,3,2.223,,"{""knn"": 15}",0.1.0,2026-06-20T16:52:05+00:00,umap
swiss_roll,umap,cost,fit_s,2.223,1,1500,3,2.223,,"{""knn"": 15}",0.1.0,2026-06-20T16:52:05+00:00,umap
swiss_roll,umap,embedding,trustworthiness,0.9985957722109381,2,1500,3,2.209,,"{""knn"": 15}",0.1.0,2026-06-20T16:52:05+00:00,umap
swiss_roll,umap,embedding,continuity,0.9930687128563905,2,1500,3,2.209,,"{""knn"": 15}",0.1.0,2026-06-20T16:52:05+00:00,umap
swiss_roll,umap,embedding,knn_recall,0.7771111111111111,2,1500,3,2.209,,"{""knn"": 15}",0.1.0,2026-06-20T16:52:05+00:00,umap
swiss_roll,umap,embedding,global_corr,0.26958700832117943,2,1500,3,2.209,,"{""knn"": 15}",0.1.0,2026-06-20T16:52:05+00:00,umap
swiss_roll,umap,cost,embedding_s,0.0,2,1500,3,2.209,,"{""knn"": 15}",0.1.0,2026-06-20T16:52:05+00:00,umap
swiss_roll,umap,cost,fit_s,2.209,2,1500,3,2.209,,"{""knn"": 15}",0.1.0,2026-06-20T16:52:05+00:00,umap
torus,umap,embedding,trustworthiness,0.9987231814279849,0,3000,3,6.359,,"{""knn"": 15}",0.1.0,2026-06-20T16:52:05+00:00,umap
torus,umap,embedding,continuity,0.9904755421192103,0,3000,3,6.359,,"{""knn"": 15}",0.1.0,2026-06-20T16:52:05+00:00,umap
torus,umap,embedding,knn_recall,0.7452666666666666,0,3000,3,6.359,,"{""knn"": 15}",0.1.0,2026-06-20T16:52:05+00:00,umap
torus,umap,embedding,global_corr,0.9007396285024206,0,3000,3,6.359,,"{""knn"": 15}",0.1.0,2026-06-20T16:52:05+00:00,umap
torus,umap,cost,embedding_s,0.0,0,3000,3,6.359,,"{""knn"": 15}",0.1.0,2026-06-20T16:52:05+00:00,umap
torus,umap,cost,fit_s,6.359,0,3000,3,6.359,,"{""knn"": 15}",0.1.0,2026-06-20T16:52:05+00:00,umap
torus,umap,embedding,trustworthiness,0.9988761915425671,1,3000,3,6.413,,"{""knn"": 15}",0.1.0,2026-06-20T16:52:05+00:00,umap
torus,umap,embedding,continuity,0.9900720635987011,1,3000,3,6.413,,"{""knn"": 15}",0.1.0,2026-06-20T16:52:05+00:00,umap
torus,umap,embedding,knn_recall,0.748311111111111,1,3000,3,6.413,,"{""knn"": 15}",0.1.0,2026-06-20T16:52:05+00:00,umap
torus,umap,embedding,global_corr,0.9004977102517597,1,3000,3,6.413,,"{""knn"": 15}",0.1.0,2026-06-20T16:52:05+00:00,umap
torus,umap,cost,embedding_s,0.0,1,3000,3,6.413,,"{""knn"": 15}",0.1.0,2026-06-20T16:52:05+00:00,umap
torus,umap,cost,fit_s,6.413,1,3000,3,6.413,,"{""knn"": 15}",0.1.0,2026-06-20T16:52:05+00:00,umap
torus,umap,embedding,trustworthiness,0.9985292501772851,2,3000,3,6.35,,"{""knn"": 15}",0.1.0,2026-06-20T16:52:05+00:00,umap
torus,umap,embedding,continuity,0.990565498451088,2,3000,3,6.35,,"{""knn"": 15}",0.1.0,2026-06-20T16:52:05+00:00,umap
torus,umap,embedding,knn_recall,0.7501777777777777,2,3000,3,6.35,,"{""knn"": 15}",0.1.0,2026-06-20T16:52:05+00:00,umap
torus,umap,embedding,global_corr,0.8597875122926274,2,3000,3,6.35,,"{""knn"": 15}",0.1.0,2026-06-20T16:52:05+00:00,umap
torus,umap,cost,embedding_s,0.0,2,3000,3,6.35,,"{""knn"": 15}",0.1.0,2026-06-20T16:52:05+00:00,umap
torus,umap,cost,fit_s,6.35,2,3000,3,6.35,,"{""knn"": 15}",0.1.0,2026-06-20T16:52:05+00:00,umap
digits,umap,embedding,trustworthiness,0.9873420501035485,0,1797,64,3.079,,"{""knn"": 15}",0.1.0,2026-06-20T16:52:05+00:00,umap
digits,umap,embedding,continuity,0.9820625716124226,0,1797,64,3.079,,"{""knn"": 15}",0.1.0,2026-06-20T16:52:05+00:00,umap
digits,umap,embedding,knn_recall,0.5361899462066407,0,1797,64,3.079,,"{""knn"": 15}",0.1.0,2026-06-20T16:52:05+00:00,umap
digits,umap,embedding,global_corr,0.35935475569902864,0,1797,64,3.079,,"{""knn"": 15}",0.1.0,2026-06-20T16:52:05+00:00,umap
digits,umap,cost,embedding_s,0.0,0,1797,64,3.079,,"{""knn"": 15}",0.1.0,2026-06-20T16:52:05+00:00,umap
digits,umap,cost,fit_s,3.079,0,1797,64,3.079,,"{""knn"": 15}",0.1.0,2026-06-20T16:52:05+00:00,umap
digits,umap,embedding,trustworthiness,0.9875232573726682,1,1797,64,3.087,,"{""knn"": 15}",0.1.0,2026-06-20T16:52:05+00:00,umap
digits,umap,embedding,continuity,0.9830100566374664,1,1797,64,3.087,,"{""knn"": 15}",0.1.0,2026-06-20T16:52:05+00:00,umap
digits,umap,embedding,knn_recall,0.5329994435169727,1,1797,64,3.087,,"{""knn"": 15}",0.1.0,2026-06-20T16:52:05+00:00,umap
digits,umap,embedding,global_corr,0.36204537313495355,1,1797,64,3.087,,"{""knn"": 15}",0.1.0,2026-06-20T16:52:05+00:00,umap
digits,umap,cost,embedding_s,0.0,1,1797,64,3.087,,"{""knn"": 15}",0.1.0,2026-06-20T16:52:05+00:00,umap
digits,umap,cost,fit_s,3.087,1,1797,64,3.087,,"{""knn"": 15}",0.1.0,2026-06-20T16:52:05+00:00,umap
digits,umap,embedding,trustworthiness,0.9871831147030512,2,1797,64,3.0,,"{""knn"": 15}",0.1.0,2026-06-20T16:52:05+00:00,umap
digits,umap,embedding,continuity,0.9816075353782883,2,1797,64,3.0,,"{""knn"": 15}",0.1.0,2026-06-20T16:52:05+00:00,umap
digits,umap,embedding,knn_recall,0.5309961046188091,2,1797,64,3.0,,"{""knn"": 15}",0.1.0,2026-06-20T16:52:05+00:00,umap
digits,umap,embedding,global_corr,0.37098837527293055,2,1797,64,3.0,,"{""knn"": 15}",0.1.0,2026-06-20T16:52:05+00:00,umap
digits,umap,cost,embedding_s,0.0,2,1797,64,3.0,,"{""knn"": 15}",0.1.0,2026-06-20T16:52:05+00:00,umap
digits,umap,cost,fit_s,3.0,2,1797,64,3.0,,"{""knn"": 15}",0.1.0,2026-06-20T16:52:05+00:00,umap
s_curve,pca,embedding,trustworthiness,0.9322530354321823,0,1500,3,0.006,,{},0.1.0,2026-06-20T16:53:01+00:00,pca
s_curve,pca,embedding,continuity,0.9853421800947867,0,1500,3,0.006,,{},0.1.0,2026-06-20T16:53:01+00:00,pca
s_curve,pca,embedding,knn_recall,0.24862222222222222,0,1500,3,0.006,,{},0.1.0,2026-06-20T16:53:01+00:00,pca
s_curve,pca,embedding,global_corr,0.9635213000403305,0,1500,3,0.006,,{},0.1.0,2026-06-20T16:53:01+00:00,pca
s_curve,pca,cost,embedding_s,0.0,0,1500,3,0.006,,{},0.1.0,2026-06-20T16:53:01+00:00,pca
s_curve,pca,cost,fit_s,0.006,0,1500,3,0.006,,{},0.1.0,2026-06-20T16:53:01+00:00,pca
s_curve,pca,embedding,trustworthiness,0.9341973369442563,1,1500,3,0.0,,{},0.1.0,2026-06-20T16:53:01+00:00,pca
s_curve,pca,embedding,continuity,0.9855447528774542,1,1500,3,0.0,,{},0.1.0,2026-06-20T16:53:01+00:00,pca
s_curve,pca,embedding,knn_recall,0.254,1,1500,3,0.0,,{},0.1.0,2026-06-20T16:53:01+00:00,pca
s_curve,pca,embedding,global_corr,0.9653018904189514,1,1500,3,0.0,,{},0.1.0,2026-06-20T16:53:01+00:00,pca
s_curve,pca,cost,embedding_s,0.0,1,1500,3,0.0,,{},0.1.0,2026-06-20T16:53:01+00:00,pca
s_curve,pca,cost,fit_s,0.0,1,1500,3,0.0,,{},0.1.0,2026-06-20T16:53:01+00:00,pca
s_curve,pca,embedding,trustworthiness,0.9319400887685247,2,1500,3,0.0,,{},0.1.0,2026-06-20T16:53:01+00:00,pca
s_curve,pca,embedding,continuity,0.9853772060482962,2,1500,3,0.0,,{},0.1.0,2026-06-20T16:53:01+00:00,pca
s_curve,pca,embedding,knn_recall,0.24880000000000002,2,1500,3,0.0,,{},0.1.0,2026-06-20T16:53:01+00:00,pca
s_curve,pca,embedding,global_corr,0.9638745030669581,2,1500,3,0.0,,{},0.1.0,2026-06-20T16:53:01+00:00,pca
s_curve,pca,cost,embedding_s,0.0,2,1500,3,0.0,,{},0.1.0,2026-06-20T16:53:01+00:00,pca
s_curve,pca,cost,fit_s,0.0,2,1500,3,0.0,,{},0.1.0,2026-06-20T16:53:01+00:00,pca
swiss_roll,pca,embedding,trustworthiness,0.9680015647333183,0,1500,3,0.0,,{},0.1.0,2026-06-20T16:53:01+00:00,pca
swiss_roll,pca,embedding,continuity,0.9891038892650267,0,1500,3,0.0,,{},0.1.0,2026-06-20T16:53:01+00:00,pca
swiss_roll,pca,embedding,knn_recall,0.4209333333333333,0,1500,3,0.0,,{},0.1.0,2026-06-20T16:53:01+00:00,pca
swiss_roll,pca,embedding,global_corr,0.8354375109773621,0,1500,3,0.0,,{},0.1.0,2026-06-20T16:53:01+00:00,pca
swiss_roll,pca,cost,embedding_s,0.0,0,1500,3,0.0,,{},0.1.0,2026-06-20T16:53:01+00:00,pca
swiss_roll,pca,cost,fit_s,0.0,0,1500,3,0.0,,{},0.1.0,2026-06-20T16:53:01+00:00,pca
swiss_roll,pca,embedding,trustworthiness,0.9654460844053261,1,1500,3,0.0,,{},0.1.0,2026-06-20T16:53:01+00:00,pca
swiss_roll,pca,embedding,continuity,0.988719656962311,1,1500,3,0.0,,{},0.1.0,2026-06-20T16:53:01+00:00,pca
swiss_roll,pca,embedding,knn_recall,0.4052888888888889,1,1500,3,0.0,,{},0.1.0,2026-06-20T16:53:01+00:00,pca
swiss_roll,pca,embedding,global_corr,0.8556804923182094,1,1500,3,0.0,,{},0.1.0,2026-06-20T16:53:01+00:00,pca
swiss_roll,pca,cost,embedding_s,0.0,1,1500,3,0.0,,{},0.1.0,2026-06-20T16:53:01+00:00,pca
swiss_roll,pca,cost,fit_s,0.0,1,1500,3,0.0,,{},0.1.0,2026-06-20T16:53:01+00:00,pca
swiss_roll,pca,embedding,trustworthiness,0.9461032423079816,2,1500,3,0.0,,{},0.1.0,2026-06-20T16:53:01+00:00,pca
swiss_roll,pca,embedding,continuity,0.9939017528022267,2,1500,3,0.0,,{},0.1.0,2026-06-20T16:53:01+00:00,pca
swiss_roll,pca,embedding,knn_recall,0.5708888888888889,2,1500,3,0.0,,{},0.1.0,2026-06-20T16:53:01+00:00,pca
swiss_roll,pca,embedding,global_corr,0.8228697492581556,2,1500,3,0.0,,{},0.1.0,2026-06-20T16:53:01+00:00,pca
swiss_roll,pca,cost,embedding_s,0.0,2,1500,3,0.0,,{},0.1.0,2026-06-20T16:53:01+00:00,pca
swiss_roll,pca,cost,fit_s,0.0,2,1500,3,0.0,,{},0.1.0,2026-06-20T16:53:01+00:00,pca
torus,pca,embedding,trustworthiness,0.9501772030007838,0,3000,3,0.0,,{},0.1.0,2026-06-20T16:53:01+00:00,pca
torus,pca,embedding,continuity,0.9979513753592356,0,3000,3,0.0,,{},0.1.0,2026-06-20T16:53:01+00:00,pca
torus,pca,embedding,knn_recall,0.5016888888888889,0,3000,3,0.0,,{},0.1.0,2026-06-20T16:53:01+00:00,pca
torus,pca,embedding,global_corr,0.9804287885472083,0,3000,3,0.0,,{},0.1.0,2026-06-20T16:53:01+00:00,pca
torus,pca,cost,embedding_s,0.0,0,3000,3,0.0,,{},0.1.0,2026-06-20T16:53:01+00:00,pca
torus,pca,cost,fit_s,0.0,0,3000,3,0.0,,{},0.1.0,2026-06-20T16:53:01+00:00,pca
torus,pca,embedding,trustworthiness,0.9502087112305453,1,3000,3,0.0,,{},0.1.0,2026-06-20T16:53:01+00:00,pca
torus,pca,embedding,continuity,0.9979448288732131,1,3000,3,0.0,,{},0.1.0,2026-06-20T16:53:01+00:00,pca
torus,pca,embedding,knn_recall,0.4984444444444444,1,3000,3,0.0,,{},0.1.0,2026-06-20T16:53:01+00:00,pca
torus,pca,embedding,global_corr,0.979844917428549,1,3000,3,0.0,,{},0.1.0,2026-06-20T16:53:01+00:00,pca
torus,pca,cost,embedding_s,0.0,1,3000,3,0.0,,{},0.1.0,2026-06-20T16:53:01+00:00,pca
torus,pca,cost,fit_s,0.0,1,3000,3,0.0,,{},0.1.0,2026-06-20T16:53:01+00:00,pca
torus,pca,embedding,trustworthiness,0.9501602134885978,2,3000,3,0.0,,{},0.1.0,2026-06-20T16:53:01+00:00,pca
torus,pca,embedding,continuity,0.9979680513566976,2,3000,3,0.0,,{},0.1.0,2026-06-20T16:53:01+00:00,pca
torus,pca,embedding,knn_recall,0.5001555555555556,2,3000,3,0.0,,{},0.1.0,2026-06-20T16:53:01+00:00,pca
torus,pca,embedding,global_corr,0.9810961599017987,2,3000,3,0.0,,{},0.1.0,2026-06-20T16:53:01+00:00,pca
torus,pca,cost,embedding_s,0.0,2,3000,3,0.0,,{},0.1.0,2026-06-20T16:53:01+00:00,pca
torus,pca,cost,fit_s,0.0,2,3000,3,0.0,,{},0.1.0,2026-06-20T16:53:01+00:00,pca
digits,pca,embedding,trustworthiness,0.8288074595911973,0,1797,64,0.006,,{},0.1.0,2026-06-20T16:53:01+00:00,pca
digits,pca,embedding,continuity,0.9455147070663725,0,1797,64,0.006,,{},0.1.0,2026-06-20T16:53:01+00:00,pca
digits,pca,embedding,knn_recall,0.15125208681135224,0,1797,64,0.006,,{},0.1.0,2026-06-20T16:53:01+00:00,pca
digits,pca,embedding,global_corr,0.5902575828481255,0,1797,64,0.006,,{},0.1.0,2026-06-20T16:53:01+00:00,pca
digits,pca,cost,embedding_s,0.0,0,1797,64,0.006,,{},0.1.0,2026-06-20T16:53:01+00:00,pca
digits,pca,cost,fit_s,0.006,0,1797,64,0.006,,{},0.1.0,2026-06-20T16:53:01+00:00,pca
digits,pca,embedding,trustworthiness,0.8288074595911973,1,1797,64,0.001,,{},0.1.0,2026-06-20T16:53:01+00:00,pca
digits,pca,embedding,continuity,0.9455147070663725,1,1797,64,0.001,,{},0.1.0,2026-06-20T16:53:01+00:00,pca
digits,pca,embedding,knn_recall,0.15125208681135224,1,1797,64,0.001,,{},0.1.0,2026-06-20T16:53:01+00:00,pca
digits,pca,embedding,global_corr,0.5906914474046067,1,1797,64,0.001,,{},0.1.0,2026-06-20T16:53:01+00:00,pca
digits,pca,cost,embedding_s,0.0,1,1797,64,0.001,,{},0.1.0,2026-06-20T16:53:01+00:00,pca
digits,pca,cost,fit_s,0.001,1,1797,64,0.001,,{},0.1.0,2026-06-20T16:53:01+00:00,pca
digits,pca,embedding,trustworthiness,0.8288074595911973,2,1797,64,0.001,,{},0.1.0,2026-06-20T16:53:01+00:00,pca
digits,pca,embedding,continuity,0.9455147070663725,2,1797,64,0.001,,{},0.1.0,2026-06-20T16:53:01+00:00,pca
digits,pca,embedding,knn_recall,0.15125208681135224,2,1797,64,0.001,,{},0.1.0,2026-06-20T16:53:01+00:00,pca
digits,pca,embedding,global_corr,0.5585130897440359,2,1797,64,0.001,,{},0.1.0,2026-06-20T16:53:01+00:00,pca
digits,pca,cost,embedding_s,0.0,2,1797,64,0.001,,{},0.1.0,2026-06-20T16:53:01+00:00,pca
digits,pca,cost,fit_s,0.001,2,1797,64,0.001,,{},0.1.0,2026-06-20T16:53:01+00:00,pca
