dataset,method,axis,metric,value,seed,n_points,n_features,fit_runtime_s,n_active_cover,params,sd_version,timestamp
circle,shapediscover,topology,recovery_quotient,0.043,0,400,2,13.165,12,"{""knn"": 15, ""label_mode"": ""components"", ""lite"": false, ""loss_weights"": [1, 10, 1, 10], ""n_cover"": 15, ""regularization"": 10.0, ""threshold"": 0.5}",0.1.0,2026-06-21T05:06:21+00:00
circle,shapediscover,topology,complex_size,575.0,0,400,2,13.165,12,"{""knn"": 15, ""label_mode"": ""components"", ""lite"": false, ""loss_weights"": [1, 10, 1, 10], ""n_cover"": 15, ""regularization"": 10.0, ""threshold"": 0.5}",0.1.0,2026-06-21T05:06:21+00:00
circle,shapediscover,topology,bar_dominance_min,4.445,0,400,2,13.165,12,"{""knn"": 15, ""label_mode"": ""components"", ""lite"": false, ""loss_weights"": [1, 10, 1, 10], ""n_cover"": 15, ""regularization"": 10.0, ""threshold"": 0.5}",0.1.0,2026-06-21T05:06:21+00:00
circle,shapediscover,topology,bar_dominance_h0,1000.0,0,400,2,13.165,12,"{""knn"": 15, ""label_mode"": ""components"", ""lite"": false, ""loss_weights"": [1, 10, 1, 10], ""n_cover"": 15, ""regularization"": 10.0, ""threshold"": 0.5}",0.1.0,2026-06-21T05:06:21+00:00
circle,shapediscover,topology,bar_dominance_h1,4.445,0,400,2,13.165,12,"{""knn"": 15, ""label_mode"": ""components"", ""lite"": false, ""loss_weights"": [1, 10, 1, 10], ""n_cover"": 15, ""regularization"": 10.0, ""threshold"": 0.5}",0.1.0,2026-06-21T05:06:21+00:00
circle,shapediscover,embedding,trustworthiness,0.8264668435013263,0,400,2,13.165,12,"{""knn"": 15, ""label_mode"": ""components"", ""lite"": false, ""loss_weights"": [1, 10, 1, 10], ""n_cover"": 15, ""regularization"": 10.0, ""threshold"": 0.5}",0.1.0,2026-06-21T05:06:21+00:00
circle,shapediscover,embedding,continuity,0.9071162687886826,0,400,2,13.165,12,"{""knn"": 15, ""label_mode"": ""components"", ""lite"": false, ""loss_weights"": [1, 10, 1, 10], ""n_cover"": 15, ""regularization"": 10.0, ""threshold"": 0.5}",0.1.0,2026-06-21T05:06:21+00:00
circle,shapediscover,embedding,knn_recall,0.45566666666666666,0,400,2,13.165,12,"{""knn"": 15, ""label_mode"": ""components"", ""lite"": false, ""loss_weights"": [1, 10, 1, 10], ""n_cover"": 15, ""regularization"": 10.0, ""threshold"": 0.5}",0.1.0,2026-06-21T05:06:21+00:00
circle,shapediscover,embedding,global_corr,0.3643174367094765,0,400,2,13.165,12,"{""knn"": 15, ""label_mode"": ""components"", ""lite"": false, ""loss_weights"": [1, 10, 1, 10], ""n_cover"": 15, ""regularization"": 10.0, ""threshold"": 0.5}",0.1.0,2026-06-21T05:06:21+00:00
circle,shapediscover,cost,persistence_s,0.2489,0,400,2,13.165,12,"{""knn"": 15, ""label_mode"": ""components"", ""lite"": false, ""loss_weights"": [1, 10, 1, 10], ""n_cover"": 15, ""regularization"": 10.0, ""threshold"": 0.5}",0.1.0,2026-06-21T05:06:21+00:00
circle,shapediscover,cost,complex_size,575.0,0,400,2,13.165,12,"{""knn"": 15, ""label_mode"": ""components"", ""lite"": false, ""loss_weights"": [1, 10, 1, 10], ""n_cover"": 15, ""regularization"": 10.0, ""threshold"": 0.5}",0.1.0,2026-06-21T05:06:21+00:00
circle,shapediscover,cost,embedding_s,0.1816,0,400,2,13.165,12,"{""knn"": 15, ""label_mode"": ""components"", ""lite"": false, ""loss_weights"": [1, 10, 1, 10], ""n_cover"": 15, ""regularization"": 10.0, ""threshold"": 0.5}",0.1.0,2026-06-21T05:06:21+00:00
circle,shapediscover,cost,fit_s,13.165,0,400,2,13.165,12,"{""knn"": 15, ""label_mode"": ""components"", ""lite"": false, ""loss_weights"": [1, 10, 1, 10], ""n_cover"": 15, ""regularization"": 10.0, ""threshold"": 0.5}",0.1.0,2026-06-21T05:06:21+00:00
circle,shapediscover,topology,recovery_quotient,0.171,1,400,2,0.893,14,"{""knn"": 15, ""label_mode"": ""components"", ""lite"": false, ""loss_weights"": [1, 10, 1, 10], ""n_cover"": 15, ""regularization"": 10.0, ""threshold"": 0.5}",0.1.0,2026-06-21T05:06:21+00:00
circle,shapediscover,topology,complex_size,575.0,1,400,2,0.893,14,"{""knn"": 15, ""label_mode"": ""components"", ""lite"": false, ""loss_weights"": [1, 10, 1, 10], ""n_cover"": 15, ""regularization"": 10.0, ""threshold"": 0.5}",0.1.0,2026-06-21T05:06:21+00:00
circle,shapediscover,topology,bar_dominance_min,1000.0,1,400,2,0.893,14,"{""knn"": 15, ""label_mode"": ""components"", ""lite"": false, ""loss_weights"": [1, 10, 1, 10], ""n_cover"": 15, ""regularization"": 10.0, ""threshold"": 0.5}",0.1.0,2026-06-21T05:06:21+00:00
circle,shapediscover,topology,bar_dominance_h0,1000.0,1,400,2,0.893,14,"{""knn"": 15, ""label_mode"": ""components"", ""lite"": false, ""loss_weights"": [1, 10, 1, 10], ""n_cover"": 15, ""regularization"": 10.0, ""threshold"": 0.5}",0.1.0,2026-06-21T05:06:21+00:00
circle,shapediscover,topology,bar_dominance_h1,1000.0,1,400,2,0.893,14,"{""knn"": 15, ""label_mode"": ""components"", ""lite"": false, ""loss_weights"": [1, 10, 1, 10], ""n_cover"": 15, ""regularization"": 10.0, ""threshold"": 0.5}",0.1.0,2026-06-21T05:06:21+00:00
circle,shapediscover,embedding,trustworthiness,0.9260963748894784,1,400,2,0.893,14,"{""knn"": 15, ""label_mode"": ""components"", ""lite"": false, ""loss_weights"": [1, 10, 1, 10], ""n_cover"": 15, ""regularization"": 10.0, ""threshold"": 0.5}",0.1.0,2026-06-21T05:06:21+00:00
circle,shapediscover,embedding,continuity,0.9555473032714412,1,400,2,0.893,14,"{""knn"": 15, ""label_mode"": ""components"", ""lite"": false, ""loss_weights"": [1, 10, 1, 10], ""n_cover"": 15, ""regularization"": 10.0, ""threshold"": 0.5}",0.1.0,2026-06-21T05:06:21+00:00
circle,shapediscover,embedding,knn_recall,0.6703333333333333,1,400,2,0.893,14,"{""knn"": 15, ""label_mode"": ""components"", ""lite"": false, ""loss_weights"": [1, 10, 1, 10], ""n_cover"": 15, ""regularization"": 10.0, ""threshold"": 0.5}",0.1.0,2026-06-21T05:06:21+00:00
circle,shapediscover,embedding,global_corr,0.5905116133325405,1,400,2,0.893,14,"{""knn"": 15, ""label_mode"": ""components"", ""lite"": false, ""loss_weights"": [1, 10, 1, 10], ""n_cover"": 15, ""regularization"": 10.0, ""threshold"": 0.5}",0.1.0,2026-06-21T05:06:21+00:00
circle,shapediscover,cost,persistence_s,0.0007,1,400,2,0.893,14,"{""knn"": 15, ""label_mode"": ""components"", ""lite"": false, ""loss_weights"": [1, 10, 1, 10], ""n_cover"": 15, ""regularization"": 10.0, ""threshold"": 0.5}",0.1.0,2026-06-21T05:06:21+00:00
circle,shapediscover,cost,complex_size,575.0,1,400,2,0.893,14,"{""knn"": 15, ""label_mode"": ""components"", ""lite"": false, ""loss_weights"": [1, 10, 1, 10], ""n_cover"": 15, ""regularization"": 10.0, ""threshold"": 0.5}",0.1.0,2026-06-21T05:06:21+00:00
circle,shapediscover,cost,embedding_s,0.0028,1,400,2,0.893,14,"{""knn"": 15, ""label_mode"": ""components"", ""lite"": false, ""loss_weights"": [1, 10, 1, 10], ""n_cover"": 15, ""regularization"": 10.0, ""threshold"": 0.5}",0.1.0,2026-06-21T05:06:21+00:00
circle,shapediscover,cost,fit_s,0.893,1,400,2,0.893,14,"{""knn"": 15, ""label_mode"": ""components"", ""lite"": false, ""loss_weights"": [1, 10, 1, 10], ""n_cover"": 15, ""regularization"": 10.0, ""threshold"": 0.5}",0.1.0,2026-06-21T05:06:21+00:00
sphere2,shapediscover,topology,recovery_quotient,0.497,0,600,3,1.119,14,"{""knn"": 15, ""label_mode"": ""components"", ""lite"": false, ""loss_weights"": [1, 10, 1, 10], ""n_cover"": 15, ""regularization"": 10.0, ""threshold"": 0.5}",0.1.0,2026-06-21T05:06:21+00:00
sphere2,shapediscover,topology,complex_size,1940.0,0,600,3,1.119,14,"{""knn"": 15, ""label_mode"": ""components"", ""lite"": false, ""loss_weights"": [1, 10, 1, 10], ""n_cover"": 15, ""regularization"": 10.0, ""threshold"": 0.5}",0.1.0,2026-06-21T05:06:21+00:00
sphere2,shapediscover,topology,bar_dominance_min,2.089,0,600,3,1.119,14,"{""knn"": 15, ""label_mode"": ""components"", ""lite"": false, ""loss_weights"": [1, 10, 1, 10], ""n_cover"": 15, ""regularization"": 10.0, ""threshold"": 0.5}",0.1.0,2026-06-21T05:06:21+00:00
sphere2,shapediscover,topology,bar_dominance_h0,1000.0,0,600,3,1.119,14,"{""knn"": 15, ""label_mode"": ""components"", ""lite"": false, ""loss_weights"": [1, 10, 1, 10], ""n_cover"": 15, ""regularization"": 10.0, ""threshold"": 0.5}",0.1.0,2026-06-21T05:06:21+00:00
sphere2,shapediscover,topology,bar_dominance_h1,2.089,0,600,3,1.119,14,"{""knn"": 15, ""label_mode"": ""components"", ""lite"": false, ""loss_weights"": [1, 10, 1, 10], ""n_cover"": 15, ""regularization"": 10.0, ""threshold"": 0.5}",0.1.0,2026-06-21T05:06:21+00:00
sphere2,shapediscover,topology,bar_dominance_h2,3.013,0,600,3,1.119,14,"{""knn"": 15, ""label_mode"": ""components"", ""lite"": false, ""loss_weights"": [1, 10, 1, 10], ""n_cover"": 15, ""regularization"": 10.0, ""threshold"": 0.5}",0.1.0,2026-06-21T05:06:21+00:00
sphere2,shapediscover,embedding,trustworthiness,0.954949932601579,0,600,3,1.119,14,"{""knn"": 15, ""label_mode"": ""components"", ""lite"": false, ""loss_weights"": [1, 10, 1, 10], ""n_cover"": 15, ""regularization"": 10.0, ""threshold"": 0.5}",0.1.0,2026-06-21T05:06:21+00:00
sphere2,shapediscover,embedding,continuity,0.9816504910456384,0,600,3,1.119,14,"{""knn"": 15, ""label_mode"": ""components"", ""lite"": false, ""loss_weights"": [1, 10, 1, 10], ""n_cover"": 15, ""regularization"": 10.0, ""threshold"": 0.5}",0.1.0,2026-06-21T05:06:21+00:00
sphere2,shapediscover,embedding,knn_recall,0.6336666666666667,0,600,3,1.119,14,"{""knn"": 15, ""label_mode"": ""components"", ""lite"": false, ""loss_weights"": [1, 10, 1, 10], ""n_cover"": 15, ""regularization"": 10.0, ""threshold"": 0.5}",0.1.0,2026-06-21T05:06:21+00:00
sphere2,shapediscover,embedding,global_corr,0.6435641665950224,0,600,3,1.119,14,"{""knn"": 15, ""label_mode"": ""components"", ""lite"": false, ""loss_weights"": [1, 10, 1, 10], ""n_cover"": 15, ""regularization"": 10.0, ""threshold"": 0.5}",0.1.0,2026-06-21T05:06:21+00:00
sphere2,shapediscover,cost,persistence_s,0.0019,0,600,3,1.119,14,"{""knn"": 15, ""label_mode"": ""components"", ""lite"": false, ""loss_weights"": [1, 10, 1, 10], ""n_cover"": 15, ""regularization"": 10.0, ""threshold"": 0.5}",0.1.0,2026-06-21T05:06:21+00:00
sphere2,shapediscover,cost,complex_size,1940.0,0,600,3,1.119,14,"{""knn"": 15, ""label_mode"": ""components"", ""lite"": false, ""loss_weights"": [1, 10, 1, 10], ""n_cover"": 15, ""regularization"": 10.0, ""threshold"": 0.5}",0.1.0,2026-06-21T05:06:21+00:00
sphere2,shapediscover,cost,embedding_s,0.0029,0,600,3,1.119,14,"{""knn"": 15, ""label_mode"": ""components"", ""lite"": false, ""loss_weights"": [1, 10, 1, 10], ""n_cover"": 15, ""regularization"": 10.0, ""threshold"": 0.5}",0.1.0,2026-06-21T05:06:21+00:00
sphere2,shapediscover,cost,fit_s,1.119,0,600,3,1.119,14,"{""knn"": 15, ""label_mode"": ""components"", ""lite"": false, ""loss_weights"": [1, 10, 1, 10], ""n_cover"": 15, ""regularization"": 10.0, ""threshold"": 0.5}",0.1.0,2026-06-21T05:06:21+00:00
sphere2,shapediscover,topology,recovery_quotient,0.555,1,600,3,1.17,12,"{""knn"": 15, ""label_mode"": ""components"", ""lite"": false, ""loss_weights"": [1, 10, 1, 10], ""n_cover"": 15, ""regularization"": 10.0, ""threshold"": 0.5}",0.1.0,2026-06-21T05:06:21+00:00
sphere2,shapediscover,topology,complex_size,1940.0,1,600,3,1.17,12,"{""knn"": 15, ""label_mode"": ""components"", ""lite"": false, ""loss_weights"": [1, 10, 1, 10], ""n_cover"": 15, ""regularization"": 10.0, ""threshold"": 0.5}",0.1.0,2026-06-21T05:06:21+00:00
sphere2,shapediscover,topology,bar_dominance_min,3.118,1,600,3,1.17,12,"{""knn"": 15, ""label_mode"": ""components"", ""lite"": false, ""loss_weights"": [1, 10, 1, 10], ""n_cover"": 15, ""regularization"": 10.0, ""threshold"": 0.5}",0.1.0,2026-06-21T05:06:21+00:00
sphere2,shapediscover,topology,bar_dominance_h0,1000.0,1,600,3,1.17,12,"{""knn"": 15, ""label_mode"": ""components"", ""lite"": false, ""loss_weights"": [1, 10, 1, 10], ""n_cover"": 15, ""regularization"": 10.0, ""threshold"": 0.5}",0.1.0,2026-06-21T05:06:21+00:00
sphere2,shapediscover,topology,bar_dominance_h1,3.118,1,600,3,1.17,12,"{""knn"": 15, ""label_mode"": ""components"", ""lite"": false, ""loss_weights"": [1, 10, 1, 10], ""n_cover"": 15, ""regularization"": 10.0, ""threshold"": 0.5}",0.1.0,2026-06-21T05:06:21+00:00
sphere2,shapediscover,topology,bar_dominance_h2,5.042,1,600,3,1.17,12,"{""knn"": 15, ""label_mode"": ""components"", ""lite"": false, ""loss_weights"": [1, 10, 1, 10], ""n_cover"": 15, ""regularization"": 10.0, ""threshold"": 0.5}",0.1.0,2026-06-21T05:06:21+00:00
sphere2,shapediscover,embedding,trustworthiness,0.899735605622954,1,600,3,1.17,12,"{""knn"": 15, ""label_mode"": ""components"", ""lite"": false, ""loss_weights"": [1, 10, 1, 10], ""n_cover"": 15, ""regularization"": 10.0, ""threshold"": 0.5}",0.1.0,2026-06-21T05:06:21+00:00
sphere2,shapediscover,embedding,continuity,0.9818578856152513,1,600,3,1.17,12,"{""knn"": 15, ""label_mode"": ""components"", ""lite"": false, ""loss_weights"": [1, 10, 1, 10], ""n_cover"": 15, ""regularization"": 10.0, ""threshold"": 0.5}",0.1.0,2026-06-21T05:06:21+00:00
sphere2,shapediscover,embedding,knn_recall,0.6128888888888889,1,600,3,1.17,12,"{""knn"": 15, ""label_mode"": ""components"", ""lite"": false, ""loss_weights"": [1, 10, 1, 10], ""n_cover"": 15, ""regularization"": 10.0, ""threshold"": 0.5}",0.1.0,2026-06-21T05:06:21+00:00
sphere2,shapediscover,embedding,global_corr,0.6441288386070358,1,600,3,1.17,12,"{""knn"": 15, ""label_mode"": ""components"", ""lite"": false, ""loss_weights"": [1, 10, 1, 10], ""n_cover"": 15, ""regularization"": 10.0, ""threshold"": 0.5}",0.1.0,2026-06-21T05:06:21+00:00
sphere2,shapediscover,cost,persistence_s,0.0019,1,600,3,1.17,12,"{""knn"": 15, ""label_mode"": ""components"", ""lite"": false, ""loss_weights"": [1, 10, 1, 10], ""n_cover"": 15, ""regularization"": 10.0, ""threshold"": 0.5}",0.1.0,2026-06-21T05:06:21+00:00
sphere2,shapediscover,cost,complex_size,1940.0,1,600,3,1.17,12,"{""knn"": 15, ""label_mode"": ""components"", ""lite"": false, ""loss_weights"": [1, 10, 1, 10], ""n_cover"": 15, ""regularization"": 10.0, ""threshold"": 0.5}",0.1.0,2026-06-21T05:06:21+00:00
sphere2,shapediscover,cost,embedding_s,0.0025,1,600,3,1.17,12,"{""knn"": 15, ""label_mode"": ""components"", ""lite"": false, ""loss_weights"": [1, 10, 1, 10], ""n_cover"": 15, ""regularization"": 10.0, ""threshold"": 0.5}",0.1.0,2026-06-21T05:06:21+00:00
sphere2,shapediscover,cost,fit_s,1.17,1,600,3,1.17,12,"{""knn"": 15, ""label_mode"": ""components"", ""lite"": false, ""loss_weights"": [1, 10, 1, 10], ""n_cover"": 15, ""regularization"": 10.0, ""threshold"": 0.5}",0.1.0,2026-06-21T05:06:21+00:00
sphere3,shapediscover,topology,recovery_quotient,0.343,0,1200,4,1.912,12,"{""knn"": 15, ""label_mode"": ""components"", ""lite"": false, ""loss_weights"": [1, 10, 1, 10], ""n_cover"": 15, ""regularization"": 10.0, ""threshold"": 0.5}",0.1.0,2026-06-21T05:06:21+00:00
sphere3,shapediscover,topology,complex_size,4943.0,0,1200,4,1.912,12,"{""knn"": 15, ""label_mode"": ""components"", ""lite"": false, ""loss_weights"": [1, 10, 1, 10], ""n_cover"": 15, ""regularization"": 10.0, ""threshold"": 0.5}",0.1.0,2026-06-21T05:06:21+00:00
sphere3,shapediscover,topology,bar_dominance_min,1.72,0,1200,4,1.912,12,"{""knn"": 15, ""label_mode"": ""components"", ""lite"": false, ""loss_weights"": [1, 10, 1, 10], ""n_cover"": 15, ""regularization"": 10.0, ""threshold"": 0.5}",0.1.0,2026-06-21T05:06:21+00:00
sphere3,shapediscover,topology,bar_dominance_h0,1000.0,0,1200,4,1.912,12,"{""knn"": 15, ""label_mode"": ""components"", ""lite"": false, ""loss_weights"": [1, 10, 1, 10], ""n_cover"": 15, ""regularization"": 10.0, ""threshold"": 0.5}",0.1.0,2026-06-21T05:06:21+00:00
sphere3,shapediscover,topology,bar_dominance_h1,1.72,0,1200,4,1.912,12,"{""knn"": 15, ""label_mode"": ""components"", ""lite"": false, ""loss_weights"": [1, 10, 1, 10], ""n_cover"": 15, ""regularization"": 10.0, ""threshold"": 0.5}",0.1.0,2026-06-21T05:06:21+00:00
sphere3,shapediscover,topology,bar_dominance_h2,1.982,0,1200,4,1.912,12,"{""knn"": 15, ""label_mode"": ""components"", ""lite"": false, ""loss_weights"": [1, 10, 1, 10], ""n_cover"": 15, ""regularization"": 10.0, ""threshold"": 0.5}",0.1.0,2026-06-21T05:06:21+00:00
sphere3,shapediscover,topology,bar_dominance_h3,4.246,0,1200,4,1.912,12,"{""knn"": 15, ""label_mode"": ""components"", ""lite"": false, ""loss_weights"": [1, 10, 1, 10], ""n_cover"": 15, ""regularization"": 10.0, ""threshold"": 0.5}",0.1.0,2026-06-21T05:06:21+00:00
sphere3,shapediscover,cost,persistence_s,0.0056,0,1200,4,1.912,12,"{""knn"": 15, ""label_mode"": ""components"", ""lite"": false, ""loss_weights"": [1, 10, 1, 10], ""n_cover"": 15, ""regularization"": 10.0, ""threshold"": 0.5}",0.1.0,2026-06-21T05:06:21+00:00
sphere3,shapediscover,cost,complex_size,4943.0,0,1200,4,1.912,12,"{""knn"": 15, ""label_mode"": ""components"", ""lite"": false, ""loss_weights"": [1, 10, 1, 10], ""n_cover"": 15, ""regularization"": 10.0, ""threshold"": 0.5}",0.1.0,2026-06-21T05:06:21+00:00
sphere3,shapediscover,cost,fit_s,1.912,0,1200,4,1.912,12,"{""knn"": 15, ""label_mode"": ""components"", ""lite"": false, ""loss_weights"": [1, 10, 1, 10], ""n_cover"": 15, ""regularization"": 10.0, ""threshold"": 0.5}",0.1.0,2026-06-21T05:06:21+00:00
sphere3,shapediscover,topology,recovery_quotient,0.29,1,1200,4,1.897,12,"{""knn"": 15, ""label_mode"": ""components"", ""lite"": false, ""loss_weights"": [1, 10, 1, 10], ""n_cover"": 15, ""regularization"": 10.0, ""threshold"": 0.5}",0.1.0,2026-06-21T05:06:21+00:00
sphere3,shapediscover,topology,complex_size,4943.0,1,1200,4,1.897,12,"{""knn"": 15, ""label_mode"": ""components"", ""lite"": false, ""loss_weights"": [1, 10, 1, 10], ""n_cover"": 15, ""regularization"": 10.0, ""threshold"": 0.5}",0.1.0,2026-06-21T05:06:21+00:00
sphere3,shapediscover,topology,bar_dominance_min,1.545,1,1200,4,1.897,12,"{""knn"": 15, ""label_mode"": ""components"", ""lite"": false, ""loss_weights"": [1, 10, 1, 10], ""n_cover"": 15, ""regularization"": 10.0, ""threshold"": 0.5}",0.1.0,2026-06-21T05:06:21+00:00
sphere3,shapediscover,topology,bar_dominance_h0,1000.0,1,1200,4,1.897,12,"{""knn"": 15, ""label_mode"": ""components"", ""lite"": false, ""loss_weights"": [1, 10, 1, 10], ""n_cover"": 15, ""regularization"": 10.0, ""threshold"": 0.5}",0.1.0,2026-06-21T05:06:21+00:00
sphere3,shapediscover,topology,bar_dominance_h1,1.545,1,1200,4,1.897,12,"{""knn"": 15, ""label_mode"": ""components"", ""lite"": false, ""loss_weights"": [1, 10, 1, 10], ""n_cover"": 15, ""regularization"": 10.0, ""threshold"": 0.5}",0.1.0,2026-06-21T05:06:21+00:00
sphere3,shapediscover,topology,bar_dominance_h2,1.815,1,1200,4,1.897,12,"{""knn"": 15, ""label_mode"": ""components"", ""lite"": false, ""loss_weights"": [1, 10, 1, 10], ""n_cover"": 15, ""regularization"": 10.0, ""threshold"": 0.5}",0.1.0,2026-06-21T05:06:21+00:00
sphere3,shapediscover,topology,bar_dominance_h3,3.673,1,1200,4,1.897,12,"{""knn"": 15, ""label_mode"": ""components"", ""lite"": false, ""loss_weights"": [1, 10, 1, 10], ""n_cover"": 15, ""regularization"": 10.0, ""threshold"": 0.5}",0.1.0,2026-06-21T05:06:21+00:00
sphere3,shapediscover,cost,persistence_s,0.0055,1,1200,4,1.897,12,"{""knn"": 15, ""label_mode"": ""components"", ""lite"": false, ""loss_weights"": [1, 10, 1, 10], ""n_cover"": 15, ""regularization"": 10.0, ""threshold"": 0.5}",0.1.0,2026-06-21T05:06:21+00:00
sphere3,shapediscover,cost,complex_size,4943.0,1,1200,4,1.897,12,"{""knn"": 15, ""label_mode"": ""components"", ""lite"": false, ""loss_weights"": [1, 10, 1, 10], ""n_cover"": 15, ""regularization"": 10.0, ""threshold"": 0.5}",0.1.0,2026-06-21T05:06:21+00:00
sphere3,shapediscover,cost,fit_s,1.897,1,1200,4,1.897,12,"{""knn"": 15, ""label_mode"": ""components"", ""lite"": false, ""loss_weights"": [1, 10, 1, 10], ""n_cover"": 15, ""regularization"": 10.0, ""threshold"": 0.5}",0.1.0,2026-06-21T05:06:21+00:00
torus,shapediscover,topology,recovery_quotient,0.027,0,3000,3,1.391,15,"{""knn"": 15, ""label_mode"": ""components"", ""lite"": false, ""loss_weights"": [1, 10, 1, 10], ""n_cover"": 15, ""regularization"": 10.0, ""threshold"": 0.5}",0.1.0,2026-06-21T05:06:21+00:00
torus,shapediscover,topology,complex_size,1940.0,0,3000,3,1.391,15,"{""knn"": 15, ""label_mode"": ""components"", ""lite"": false, ""loss_weights"": [1, 10, 1, 10], ""n_cover"": 15, ""regularization"": 10.0, ""threshold"": 0.5}",0.1.0,2026-06-21T05:06:21+00:00
torus,shapediscover,topology,bar_dominance_min,1.111,0,3000,3,1.391,15,"{""knn"": 15, ""label_mode"": ""components"", ""lite"": false, ""loss_weights"": [1, 10, 1, 10], ""n_cover"": 15, ""regularization"": 10.0, ""threshold"": 0.5}",0.1.0,2026-06-21T05:06:21+00:00
torus,shapediscover,topology,bar_dominance_h0,1000.0,0,3000,3,1.391,15,"{""knn"": 15, ""label_mode"": ""components"", ""lite"": false, ""loss_weights"": [1, 10, 1, 10], ""n_cover"": 15, ""regularization"": 10.0, ""threshold"": 0.5}",0.1.0,2026-06-21T05:06:21+00:00
torus,shapediscover,topology,bar_dominance_h1,1.458,0,3000,3,1.391,15,"{""knn"": 15, ""label_mode"": ""components"", ""lite"": false, ""loss_weights"": [1, 10, 1, 10], ""n_cover"": 15, ""regularization"": 10.0, ""threshold"": 0.5}",0.1.0,2026-06-21T05:06:21+00:00
torus,shapediscover,topology,bar_dominance_h2,1.111,0,3000,3,1.391,15,"{""knn"": 15, ""label_mode"": ""components"", ""lite"": false, ""loss_weights"": [1, 10, 1, 10], ""n_cover"": 15, ""regularization"": 10.0, ""threshold"": 0.5}",0.1.0,2026-06-21T05:06:21+00:00
torus,shapediscover,embedding,trustworthiness,0.9676887470607994,0,3000,3,1.391,15,"{""knn"": 15, ""label_mode"": ""components"", ""lite"": false, ""loss_weights"": [1, 10, 1, 10], ""n_cover"": 15, ""regularization"": 10.0, ""threshold"": 0.5}",0.1.0,2026-06-21T05:06:21+00:00
torus,shapediscover,embedding,continuity,0.9939236890232523,0,3000,3,1.391,15,"{""knn"": 15, ""label_mode"": ""components"", ""lite"": false, ""loss_weights"": [1, 10, 1, 10], ""n_cover"": 15, ""regularization"": 10.0, ""threshold"": 0.5}",0.1.0,2026-06-21T05:06:21+00:00
torus,shapediscover,embedding,knn_recall,0.5057333333333334,0,3000,3,1.391,15,"{""knn"": 15, ""label_mode"": ""components"", ""lite"": false, ""loss_weights"": [1, 10, 1, 10], ""n_cover"": 15, ""regularization"": 10.0, ""threshold"": 0.5}",0.1.0,2026-06-21T05:06:21+00:00
torus,shapediscover,embedding,global_corr,0.918615409469282,0,3000,3,1.391,15,"{""knn"": 15, ""label_mode"": ""components"", ""lite"": false, ""loss_weights"": [1, 10, 1, 10], ""n_cover"": 15, ""regularization"": 10.0, ""threshold"": 0.5}",0.1.0,2026-06-21T05:06:21+00:00
torus,shapediscover,cost,persistence_s,0.0034,0,3000,3,1.391,15,"{""knn"": 15, ""label_mode"": ""components"", ""lite"": false, ""loss_weights"": [1, 10, 1, 10], ""n_cover"": 15, ""regularization"": 10.0, ""threshold"": 0.5}",0.1.0,2026-06-21T05:06:21+00:00
torus,shapediscover,cost,complex_size,1940.0,0,3000,3,1.391,15,"{""knn"": 15, ""label_mode"": ""components"", ""lite"": false, ""loss_weights"": [1, 10, 1, 10], ""n_cover"": 15, ""regularization"": 10.0, ""threshold"": 0.5}",0.1.0,2026-06-21T05:06:21+00:00
torus,shapediscover,cost,embedding_s,0.0034,0,3000,3,1.391,15,"{""knn"": 15, ""label_mode"": ""components"", ""lite"": false, ""loss_weights"": [1, 10, 1, 10], ""n_cover"": 15, ""regularization"": 10.0, ""threshold"": 0.5}",0.1.0,2026-06-21T05:06:21+00:00
torus,shapediscover,cost,fit_s,1.391,0,3000,3,1.391,15,"{""knn"": 15, ""label_mode"": ""components"", ""lite"": false, ""loss_weights"": [1, 10, 1, 10], ""n_cover"": 15, ""regularization"": 10.0, ""threshold"": 0.5}",0.1.0,2026-06-21T05:06:21+00:00
torus,shapediscover,topology,recovery_quotient,0.0,1,3000,3,1.324,15,"{""knn"": 15, ""label_mode"": ""components"", ""lite"": false, ""loss_weights"": [1, 10, 1, 10], ""n_cover"": 15, ""regularization"": 10.0, ""threshold"": 0.5}",0.1.0,2026-06-21T05:06:21+00:00
torus,shapediscover,topology,complex_size,1940.0,1,3000,3,1.324,15,"{""knn"": 15, ""label_mode"": ""components"", ""lite"": false, ""loss_weights"": [1, 10, 1, 10], ""n_cover"": 15, ""regularization"": 10.0, ""threshold"": 0.5}",0.1.0,2026-06-21T05:06:21+00:00
torus,shapediscover,topology,bar_dominance_min,1.082,1,3000,3,1.324,15,"{""knn"": 15, ""label_mode"": ""components"", ""lite"": false, ""loss_weights"": [1, 10, 1, 10], ""n_cover"": 15, ""regularization"": 10.0, ""threshold"": 0.5}",0.1.0,2026-06-21T05:06:21+00:00
torus,shapediscover,topology,bar_dominance_h0,1000.0,1,3000,3,1.324,15,"{""knn"": 15, ""label_mode"": ""components"", ""lite"": false, ""loss_weights"": [1, 10, 1, 10], ""n_cover"": 15, ""regularization"": 10.0, ""threshold"": 0.5}",0.1.0,2026-06-21T05:06:21+00:00
torus,shapediscover,topology,bar_dominance_h1,1.082,1,3000,3,1.324,15,"{""knn"": 15, ""label_mode"": ""components"", ""lite"": false, ""loss_weights"": [1, 10, 1, 10], ""n_cover"": 15, ""regularization"": 10.0, ""threshold"": 0.5}",0.1.0,2026-06-21T05:06:21+00:00
torus,shapediscover,topology,bar_dominance_h2,1.084,1,3000,3,1.324,15,"{""knn"": 15, ""label_mode"": ""components"", ""lite"": false, ""loss_weights"": [1, 10, 1, 10], ""n_cover"": 15, ""regularization"": 10.0, ""threshold"": 0.5}",0.1.0,2026-06-21T05:06:21+00:00
torus,shapediscover,embedding,trustworthiness,0.9662635464486993,1,3000,3,1.324,15,"{""knn"": 15, ""label_mode"": ""components"", ""lite"": false, ""loss_weights"": [1, 10, 1, 10], ""n_cover"": 15, ""regularization"": 10.0, ""threshold"": 0.5}",0.1.0,2026-06-21T05:06:21+00:00
torus,shapediscover,embedding,continuity,0.9925397827790841,1,3000,3,1.324,15,"{""knn"": 15, ""label_mode"": ""components"", ""lite"": false, ""loss_weights"": [1, 10, 1, 10], ""n_cover"": 15, ""regularization"": 10.0, ""threshold"": 0.5}",0.1.0,2026-06-21T05:06:21+00:00
torus,shapediscover,embedding,knn_recall,0.47028888888888887,1,3000,3,1.324,15,"{""knn"": 15, ""label_mode"": ""components"", ""lite"": false, ""loss_weights"": [1, 10, 1, 10], ""n_cover"": 15, ""regularization"": 10.0, ""threshold"": 0.5}",0.1.0,2026-06-21T05:06:21+00:00
torus,shapediscover,embedding,global_corr,0.8892544009876857,1,3000,3,1.324,15,"{""knn"": 15, ""label_mode"": ""components"", ""lite"": false, ""loss_weights"": [1, 10, 1, 10], ""n_cover"": 15, ""regularization"": 10.0, ""threshold"": 0.5}",0.1.0,2026-06-21T05:06:21+00:00
torus,shapediscover,cost,persistence_s,0.0033,1,3000,3,1.324,15,"{""knn"": 15, ""label_mode"": ""components"", ""lite"": false, ""loss_weights"": [1, 10, 1, 10], ""n_cover"": 15, ""regularization"": 10.0, ""threshold"": 0.5}",0.1.0,2026-06-21T05:06:21+00:00
torus,shapediscover,cost,complex_size,1940.0,1,3000,3,1.324,15,"{""knn"": 15, ""label_mode"": ""components"", ""lite"": false, ""loss_weights"": [1, 10, 1, 10], ""n_cover"": 15, ""regularization"": 10.0, ""threshold"": 0.5}",0.1.0,2026-06-21T05:06:21+00:00
torus,shapediscover,cost,embedding_s,0.0034,1,3000,3,1.324,15,"{""knn"": 15, ""label_mode"": ""components"", ""lite"": false, ""loss_weights"": [1, 10, 1, 10], ""n_cover"": 15, ""regularization"": 10.0, ""threshold"": 0.5}",0.1.0,2026-06-21T05:06:21+00:00
torus,shapediscover,cost,fit_s,1.324,1,3000,3,1.324,15,"{""knn"": 15, ""label_mode"": ""components"", ""lite"": false, ""loss_weights"": [1, 10, 1, 10], ""n_cover"": 15, ""regularization"": 10.0, ""threshold"": 0.5}",0.1.0,2026-06-21T05:06:21+00:00
two_circles,shapediscover,topology,recovery_quotient,0.147,0,800,2,0.776,15,"{""knn"": 15, ""label_mode"": ""components"", ""lite"": false, ""loss_weights"": [1, 10, 1, 10], ""n_cover"": 15, ""regularization"": 10.0, ""threshold"": 0.5}",0.1.0,2026-06-21T05:06:21+00:00
two_circles,shapediscover,topology,complex_size,575.0,0,800,2,0.776,15,"{""knn"": 15, ""label_mode"": ""components"", ""lite"": false, ""loss_weights"": [1, 10, 1, 10], ""n_cover"": 15, ""regularization"": 10.0, ""threshold"": 0.5}",0.1.0,2026-06-21T05:06:21+00:00
two_circles,shapediscover,topology,bar_dominance_min,2.029,0,800,2,0.776,15,"{""knn"": 15, ""label_mode"": ""components"", ""lite"": false, ""loss_weights"": [1, 10, 1, 10], ""n_cover"": 15, ""regularization"": 10.0, ""threshold"": 0.5}",0.1.0,2026-06-21T05:06:21+00:00
two_circles,shapediscover,topology,bar_dominance_h0,2.029,0,800,2,0.776,15,"{""knn"": 15, ""label_mode"": ""components"", ""lite"": false, ""loss_weights"": [1, 10, 1, 10], ""n_cover"": 15, ""regularization"": 10.0, ""threshold"": 0.5}",0.1.0,2026-06-21T05:06:21+00:00
two_circles,shapediscover,topology,bar_dominance_h1,56.302,0,800,2,0.776,15,"{""knn"": 15, ""label_mode"": ""components"", ""lite"": false, ""loss_weights"": [1, 10, 1, 10], ""n_cover"": 15, ""regularization"": 10.0, ""threshold"": 0.5}",0.1.0,2026-06-21T05:06:21+00:00
two_circles,shapediscover,clustering,ari,0.5906407994733017,0,800,2,0.776,15,"{""knn"": 15, ""label_mode"": ""components"", ""lite"": false, ""loss_weights"": [1, 10, 1, 10], ""n_cover"": 15, ""regularization"": 10.0, ""threshold"": 0.5}",0.1.0,2026-06-21T05:06:21+00:00
two_circles,shapediscover,clustering,ami,0.6670410613892835,0,800,2,0.776,15,"{""knn"": 15, ""label_mode"": ""components"", ""lite"": false, ""loss_weights"": [1, 10, 1, 10], ""n_cover"": 15, ""regularization"": 10.0, ""threshold"": 0.5}",0.1.0,2026-06-21T05:06:21+00:00
two_circles,shapediscover,clustering,nmi,0.6678483721397918,0,800,2,0.776,15,"{""knn"": 15, ""label_mode"": ""components"", ""lite"": false, ""loss_weights"": [1, 10, 1, 10], ""n_cover"": 15, ""regularization"": 10.0, ""threshold"": 0.5}",0.1.0,2026-06-21T05:06:21+00:00
two_circles,shapediscover,clustering,homogeneity,0.9999999999999993,0,800,2,0.776,15,"{""knn"": 15, ""label_mode"": ""components"", ""lite"": false, ""loss_weights"": [1, 10, 1, 10], ""n_cover"": 15, ""regularization"": 10.0, ""threshold"": 0.5}",0.1.0,2026-06-21T05:06:21+00:00
two_circles,shapediscover,clustering,completeness,0.5013305979384156,0,800,2,0.776,15,"{""knn"": 15, ""label_mode"": ""components"", ""lite"": false, ""loss_weights"": [1, 10, 1, 10], ""n_cover"": 15, ""regularization"": 10.0, ""threshold"": 0.5}",0.1.0,2026-06-21T05:06:21+00:00
two_circles,shapediscover,clustering,n_clusters_pred,5.0,0,800,2,0.776,15,"{""knn"": 15, ""label_mode"": ""components"", ""lite"": false, ""loss_weights"": [1, 10, 1, 10], ""n_cover"": 15, ""regularization"": 10.0, ""threshold"": 0.5}",0.1.0,2026-06-21T05:06:21+00:00
two_circles,shapediscover,clustering,n_clusters_true,2.0,0,800,2,0.776,15,"{""knn"": 15, ""label_mode"": ""components"", ""lite"": false, ""loss_weights"": [1, 10, 1, 10], ""n_cover"": 15, ""regularization"": 10.0, ""threshold"": 0.5}",0.1.0,2026-06-21T05:06:21+00:00
two_circles,shapediscover,embedding,trustworthiness,0.8858785928785928,0,800,2,0.776,15,"{""knn"": 15, ""label_mode"": ""components"", ""lite"": false, ""loss_weights"": [1, 10, 1, 10], ""n_cover"": 15, ""regularization"": 10.0, ""threshold"": 0.5}",0.1.0,2026-06-21T05:06:21+00:00
two_circles,shapediscover,embedding,continuity,0.9532466752466753,0,800,2,0.776,15,"{""knn"": 15, ""label_mode"": ""components"", ""lite"": false, ""loss_weights"": [1, 10, 1, 10], ""n_cover"": 15, ""regularization"": 10.0, ""threshold"": 0.5}",0.1.0,2026-06-21T05:06:21+00:00
two_circles,shapediscover,embedding,knn_recall,0.40399999999999997,0,800,2,0.776,15,"{""knn"": 15, ""label_mode"": ""components"", ""lite"": false, ""loss_weights"": [1, 10, 1, 10], ""n_cover"": 15, ""regularization"": 10.0, ""threshold"": 0.5}",0.1.0,2026-06-21T05:06:21+00:00
two_circles,shapediscover,embedding,global_corr,0.5844340444659535,0,800,2,0.776,15,"{""knn"": 15, ""label_mode"": ""components"", ""lite"": false, ""loss_weights"": [1, 10, 1, 10], ""n_cover"": 15, ""regularization"": 10.0, ""threshold"": 0.5}",0.1.0,2026-06-21T05:06:21+00:00
two_circles,shapediscover,cost,persistence_s,0.0008,0,800,2,0.776,15,"{""knn"": 15, ""label_mode"": ""components"", ""lite"": false, ""loss_weights"": [1, 10, 1, 10], ""n_cover"": 15, ""regularization"": 10.0, ""threshold"": 0.5}",0.1.0,2026-06-21T05:06:21+00:00
two_circles,shapediscover,cost,complex_size,575.0,0,800,2,0.776,15,"{""knn"": 15, ""label_mode"": ""components"", ""lite"": false, ""loss_weights"": [1, 10, 1, 10], ""n_cover"": 15, ""regularization"": 10.0, ""threshold"": 0.5}",0.1.0,2026-06-21T05:06:21+00:00
two_circles,shapediscover,cost,clustering_s,0.0008,0,800,2,0.776,15,"{""knn"": 15, ""label_mode"": ""components"", ""lite"": false, ""loss_weights"": [1, 10, 1, 10], ""n_cover"": 15, ""regularization"": 10.0, ""threshold"": 0.5}",0.1.0,2026-06-21T05:06:21+00:00
two_circles,shapediscover,cost,embedding_s,0.0028,0,800,2,0.776,15,"{""knn"": 15, ""label_mode"": ""components"", ""lite"": false, ""loss_weights"": [1, 10, 1, 10], ""n_cover"": 15, ""regularization"": 10.0, ""threshold"": 0.5}",0.1.0,2026-06-21T05:06:21+00:00
two_circles,shapediscover,cost,fit_s,0.776,0,800,2,0.776,15,"{""knn"": 15, ""label_mode"": ""components"", ""lite"": false, ""loss_weights"": [1, 10, 1, 10], ""n_cover"": 15, ""regularization"": 10.0, ""threshold"": 0.5}",0.1.0,2026-06-21T05:06:21+00:00
two_circles,shapediscover,topology,recovery_quotient,0.187,1,800,2,0.662,15,"{""knn"": 15, ""label_mode"": ""components"", ""lite"": false, ""loss_weights"": [1, 10, 1, 10], ""n_cover"": 15, ""regularization"": 10.0, ""threshold"": 0.5}",0.1.0,2026-06-21T05:06:21+00:00
two_circles,shapediscover,topology,complex_size,575.0,1,800,2,0.662,15,"{""knn"": 15, ""label_mode"": ""components"", ""lite"": false, ""loss_weights"": [1, 10, 1, 10], ""n_cover"": 15, ""regularization"": 10.0, ""threshold"": 0.5}",0.1.0,2026-06-21T05:06:21+00:00
two_circles,shapediscover,topology,bar_dominance_min,2.546,1,800,2,0.662,15,"{""knn"": 15, ""label_mode"": ""components"", ""lite"": false, ""loss_weights"": [1, 10, 1, 10], ""n_cover"": 15, ""regularization"": 10.0, ""threshold"": 0.5}",0.1.0,2026-06-21T05:06:21+00:00
two_circles,shapediscover,topology,bar_dominance_h0,2.546,1,800,2,0.662,15,"{""knn"": 15, ""label_mode"": ""components"", ""lite"": false, ""loss_weights"": [1, 10, 1, 10], ""n_cover"": 15, ""regularization"": 10.0, ""threshold"": 0.5}",0.1.0,2026-06-21T05:06:21+00:00
two_circles,shapediscover,topology,bar_dominance_h1,13.091,1,800,2,0.662,15,"{""knn"": 15, ""label_mode"": ""components"", ""lite"": false, ""loss_weights"": [1, 10, 1, 10], ""n_cover"": 15, ""regularization"": 10.0, ""threshold"": 0.5}",0.1.0,2026-06-21T05:06:21+00:00
two_circles,shapediscover,clustering,ari,0.7564272661446817,1,800,2,0.662,15,"{""knn"": 15, ""label_mode"": ""components"", ""lite"": false, ""loss_weights"": [1, 10, 1, 10], ""n_cover"": 15, ""regularization"": 10.0, ""threshold"": 0.5}",0.1.0,2026-06-21T05:06:21+00:00
two_circles,shapediscover,clustering,ami,0.8028827757586755,1,800,2,0.662,15,"{""knn"": 15, ""label_mode"": ""components"", ""lite"": false, ""loss_weights"": [1, 10, 1, 10], ""n_cover"": 15, ""regularization"": 10.0, ""threshold"": 0.5}",0.1.0,2026-06-21T05:06:21+00:00
two_circles,shapediscover,clustering,nmi,0.8031691095892768,1,800,2,0.662,15,"{""knn"": 15, ""label_mode"": ""components"", ""lite"": false, ""loss_weights"": [1, 10, 1, 10], ""n_cover"": 15, ""regularization"": 10.0, ""threshold"": 0.5}",0.1.0,2026-06-21T05:06:21+00:00
two_circles,shapediscover,clustering,homogeneity,1.0,1,800,2,0.662,15,"{""knn"": 15, ""label_mode"": ""components"", ""lite"": false, ""loss_weights"": [1, 10, 1, 10], ""n_cover"": 15, ""regularization"": 10.0, ""threshold"": 0.5}",0.1.0,2026-06-21T05:06:21+00:00
two_circles,shapediscover,clustering,completeness,0.6710798626810581,1,800,2,0.662,15,"{""knn"": 15, ""label_mode"": ""components"", ""lite"": false, ""loss_weights"": [1, 10, 1, 10], ""n_cover"": 15, ""regularization"": 10.0, ""threshold"": 0.5}",0.1.0,2026-06-21T05:06:21+00:00
two_circles,shapediscover,clustering,n_clusters_pred,3.0,1,800,2,0.662,15,"{""knn"": 15, ""label_mode"": ""components"", ""lite"": false, ""loss_weights"": [1, 10, 1, 10], ""n_cover"": 15, ""regularization"": 10.0, ""threshold"": 0.5}",0.1.0,2026-06-21T05:06:21+00:00
two_circles,shapediscover,clustering,n_clusters_true,2.0,1,800,2,0.662,15,"{""knn"": 15, ""label_mode"": ""components"", ""lite"": false, ""loss_weights"": [1, 10, 1, 10], ""n_cover"": 15, ""regularization"": 10.0, ""threshold"": 0.5}",0.1.0,2026-06-21T05:06:21+00:00
two_circles,shapediscover,embedding,trustworthiness,0.9778544616044617,1,800,2,0.662,15,"{""knn"": 15, ""label_mode"": ""components"", ""lite"": false, ""loss_weights"": [1, 10, 1, 10], ""n_cover"": 15, ""regularization"": 10.0, ""threshold"": 0.5}",0.1.0,2026-06-21T05:06:21+00:00
two_circles,shapediscover,embedding,continuity,0.9885764693264694,1,800,2,0.662,15,"{""knn"": 15, ""label_mode"": ""components"", ""lite"": false, ""loss_weights"": [1, 10, 1, 10], ""n_cover"": 15, ""regularization"": 10.0, ""threshold"": 0.5}",0.1.0,2026-06-21T05:06:21+00:00
two_circles,shapediscover,embedding,knn_recall,0.679,1,800,2,0.662,15,"{""knn"": 15, ""label_mode"": ""components"", ""lite"": false, ""loss_weights"": [1, 10, 1, 10], ""n_cover"": 15, ""regularization"": 10.0, ""threshold"": 0.5}",0.1.0,2026-06-21T05:06:21+00:00
two_circles,shapediscover,embedding,global_corr,0.7827042809127289,1,800,2,0.662,15,"{""knn"": 15, ""label_mode"": ""components"", ""lite"": false, ""loss_weights"": [1, 10, 1, 10], ""n_cover"": 15, ""regularization"": 10.0, ""threshold"": 0.5}",0.1.0,2026-06-21T05:06:21+00:00
two_circles,shapediscover,cost,persistence_s,0.0009,1,800,2,0.662,15,"{""knn"": 15, ""label_mode"": ""components"", ""lite"": false, ""loss_weights"": [1, 10, 1, 10], ""n_cover"": 15, ""regularization"": 10.0, ""threshold"": 0.5}",0.1.0,2026-06-21T05:06:21+00:00
two_circles,shapediscover,cost,complex_size,575.0,1,800,2,0.662,15,"{""knn"": 15, ""label_mode"": ""components"", ""lite"": false, ""loss_weights"": [1, 10, 1, 10], ""n_cover"": 15, ""regularization"": 10.0, ""threshold"": 0.5}",0.1.0,2026-06-21T05:06:21+00:00
two_circles,shapediscover,cost,clustering_s,0.0007,1,800,2,0.662,15,"{""knn"": 15, ""label_mode"": ""components"", ""lite"": false, ""loss_weights"": [1, 10, 1, 10], ""n_cover"": 15, ""regularization"": 10.0, ""threshold"": 0.5}",0.1.0,2026-06-21T05:06:21+00:00
two_circles,shapediscover,cost,embedding_s,0.0031,1,800,2,0.662,15,"{""knn"": 15, ""label_mode"": ""components"", ""lite"": false, ""loss_weights"": [1, 10, 1, 10], ""n_cover"": 15, ""regularization"": 10.0, ""threshold"": 0.5}",0.1.0,2026-06-21T05:06:21+00:00
two_circles,shapediscover,cost,fit_s,0.662,1,800,2,0.662,15,"{""knn"": 15, ""label_mode"": ""components"", ""lite"": false, ""loss_weights"": [1, 10, 1, 10], ""n_cover"": 15, ""regularization"": 10.0, ""threshold"": 0.5}",0.1.0,2026-06-21T05:06:21+00:00
clifford_torus,shapediscover,topology,recovery_quotient,0.6,0,3000,4,1.378,15,"{""knn"": 15, ""label_mode"": ""components"", ""lite"": false, ""loss_weights"": [1, 10, 1, 10], ""n_cover"": 15, ""regularization"": 10.0, ""threshold"": 0.5}",0.1.0,2026-06-21T05:06:21+00:00
clifford_torus,shapediscover,topology,complex_size,1940.0,0,3000,4,1.378,15,"{""knn"": 15, ""label_mode"": ""components"", ""lite"": false, ""loss_weights"": [1, 10, 1, 10], ""n_cover"": 15, ""regularization"": 10.0, ""threshold"": 0.5}",0.1.0,2026-06-21T05:06:21+00:00
clifford_torus,shapediscover,topology,bar_dominance_min,2.755,0,3000,4,1.378,15,"{""knn"": 15, ""label_mode"": ""components"", ""lite"": false, ""loss_weights"": [1, 10, 1, 10], ""n_cover"": 15, ""regularization"": 10.0, ""threshold"": 0.5}",0.1.0,2026-06-21T05:06:21+00:00
clifford_torus,shapediscover,topology,bar_dominance_h0,1000.0,0,3000,4,1.378,15,"{""knn"": 15, ""label_mode"": ""components"", ""lite"": false, ""loss_weights"": [1, 10, 1, 10], ""n_cover"": 15, ""regularization"": 10.0, ""threshold"": 0.5}",0.1.0,2026-06-21T05:06:21+00:00
clifford_torus,shapediscover,topology,bar_dominance_h1,2.755,0,3000,4,1.378,15,"{""knn"": 15, ""label_mode"": ""components"", ""lite"": false, ""loss_weights"": [1, 10, 1, 10], ""n_cover"": 15, ""regularization"": 10.0, ""threshold"": 0.5}",0.1.0,2026-06-21T05:06:21+00:00
clifford_torus,shapediscover,topology,bar_dominance_h2,10.83,0,3000,4,1.378,15,"{""knn"": 15, ""label_mode"": ""components"", ""lite"": false, ""loss_weights"": [1, 10, 1, 10], ""n_cover"": 15, ""regularization"": 10.0, ""threshold"": 0.5}",0.1.0,2026-06-21T05:06:21+00:00
clifford_torus,shapediscover,cost,persistence_s,0.0036,0,3000,4,1.378,15,"{""knn"": 15, ""label_mode"": ""components"", ""lite"": false, ""loss_weights"": [1, 10, 1, 10], ""n_cover"": 15, ""regularization"": 10.0, ""threshold"": 0.5}",0.1.0,2026-06-21T05:06:21+00:00
clifford_torus,shapediscover,cost,complex_size,1940.0,0,3000,4,1.378,15,"{""knn"": 15, ""label_mode"": ""components"", ""lite"": false, ""loss_weights"": [1, 10, 1, 10], ""n_cover"": 15, ""regularization"": 10.0, ""threshold"": 0.5}",0.1.0,2026-06-21T05:06:21+00:00
clifford_torus,shapediscover,cost,fit_s,1.378,0,3000,4,1.378,15,"{""knn"": 15, ""label_mode"": ""components"", ""lite"": false, ""loss_weights"": [1, 10, 1, 10], ""n_cover"": 15, ""regularization"": 10.0, ""threshold"": 0.5}",0.1.0,2026-06-21T05:06:21+00:00
clifford_torus,shapediscover,topology,recovery_quotient,0.506,1,3000,4,1.345,15,"{""knn"": 15, ""label_mode"": ""components"", ""lite"": false, ""loss_weights"": [1, 10, 1, 10], ""n_cover"": 15, ""regularization"": 10.0, ""threshold"": 0.5}",0.1.0,2026-06-21T05:06:21+00:00
clifford_torus,shapediscover,topology,complex_size,1940.0,1,3000,4,1.345,15,"{""knn"": 15, ""label_mode"": ""components"", ""lite"": false, ""loss_weights"": [1, 10, 1, 10], ""n_cover"": 15, ""regularization"": 10.0, ""threshold"": 0.5}",0.1.0,2026-06-21T05:06:21+00:00
clifford_torus,shapediscover,topology,bar_dominance_min,2.674,1,3000,4,1.345,15,"{""knn"": 15, ""label_mode"": ""components"", ""lite"": false, ""loss_weights"": [1, 10, 1, 10], ""n_cover"": 15, ""regularization"": 10.0, ""threshold"": 0.5}",0.1.0,2026-06-21T05:06:21+00:00
clifford_torus,shapediscover,topology,bar_dominance_h0,1000.0,1,3000,4,1.345,15,"{""knn"": 15, ""label_mode"": ""components"", ""lite"": false, ""loss_weights"": [1, 10, 1, 10], ""n_cover"": 15, ""regularization"": 10.0, ""threshold"": 0.5}",0.1.0,2026-06-21T05:06:21+00:00
clifford_torus,shapediscover,topology,bar_dominance_h1,2.674,1,3000,4,1.345,15,"{""knn"": 15, ""label_mode"": ""components"", ""lite"": false, ""loss_weights"": [1, 10, 1, 10], ""n_cover"": 15, ""regularization"": 10.0, ""threshold"": 0.5}",0.1.0,2026-06-21T05:06:21+00:00
clifford_torus,shapediscover,topology,bar_dominance_h2,27.943,1,3000,4,1.345,15,"{""knn"": 15, ""label_mode"": ""components"", ""lite"": false, ""loss_weights"": [1, 10, 1, 10], ""n_cover"": 15, ""regularization"": 10.0, ""threshold"": 0.5}",0.1.0,2026-06-21T05:06:21+00:00
clifford_torus,shapediscover,cost,persistence_s,0.0034,1,3000,4,1.345,15,"{""knn"": 15, ""label_mode"": ""components"", ""lite"": false, ""loss_weights"": [1, 10, 1, 10], ""n_cover"": 15, ""regularization"": 10.0, ""threshold"": 0.5}",0.1.0,2026-06-21T05:06:21+00:00
clifford_torus,shapediscover,cost,complex_size,1940.0,1,3000,4,1.345,15,"{""knn"": 15, ""label_mode"": ""components"", ""lite"": false, ""loss_weights"": [1, 10, 1, 10], ""n_cover"": 15, ""regularization"": 10.0, ""threshold"": 0.5}",0.1.0,2026-06-21T05:06:21+00:00
clifford_torus,shapediscover,cost,fit_s,1.345,1,3000,4,1.345,15,"{""knn"": 15, ""label_mode"": ""components"", ""lite"": false, ""loss_weights"": [1, 10, 1, 10], ""n_cover"": 15, ""regularization"": 10.0, ""threshold"": 0.5}",0.1.0,2026-06-21T05:06:21+00:00
torus3,shapediscover,topology,recovery_quotient,0.0,0,4000,6,5.669,15,"{""knn"": 15, ""label_mode"": ""components"", ""lite"": false, ""loss_weights"": [1, 10, 1, 10], ""n_cover"": 15, ""regularization"": 10.0, ""threshold"": 0.5}",0.1.0,2026-06-21T05:06:21+00:00
torus3,shapediscover,topology,complex_size,4943.0,0,4000,6,5.669,15,"{""knn"": 15, ""label_mode"": ""components"", ""lite"": false, ""loss_weights"": [1, 10, 1, 10], ""n_cover"": 15, ""regularization"": 10.0, ""threshold"": 0.5}",0.1.0,2026-06-21T05:06:21+00:00
torus3,shapediscover,topology,bar_dominance_min,1.023,0,4000,6,5.669,15,"{""knn"": 15, ""label_mode"": ""components"", ""lite"": false, ""loss_weights"": [1, 10, 1, 10], ""n_cover"": 15, ""regularization"": 10.0, ""threshold"": 0.5}",0.1.0,2026-06-21T05:06:21+00:00
torus3,shapediscover,topology,bar_dominance_h0,1000.0,0,4000,6,5.669,15,"{""knn"": 15, ""label_mode"": ""components"", ""lite"": false, ""loss_weights"": [1, 10, 1, 10], ""n_cover"": 15, ""regularization"": 10.0, ""threshold"": 0.5}",0.1.0,2026-06-21T05:06:21+00:00
torus3,shapediscover,topology,bar_dominance_h1,1.023,0,4000,6,5.669,15,"{""knn"": 15, ""label_mode"": ""components"", ""lite"": false, ""loss_weights"": [1, 10, 1, 10], ""n_cover"": 15, ""regularization"": 10.0, ""threshold"": 0.5}",0.1.0,2026-06-21T05:06:21+00:00
torus3,shapediscover,topology,bar_dominance_h2,1.05,0,4000,6,5.669,15,"{""knn"": 15, ""label_mode"": ""components"", ""lite"": false, ""loss_weights"": [1, 10, 1, 10], ""n_cover"": 15, ""regularization"": 10.0, ""threshold"": 0.5}",0.1.0,2026-06-21T05:06:21+00:00
torus3,shapediscover,topology,bar_dominance_h3,1.106,0,4000,6,5.669,15,"{""knn"": 15, ""label_mode"": ""components"", ""lite"": false, ""loss_weights"": [1, 10, 1, 10], ""n_cover"": 15, ""regularization"": 10.0, ""threshold"": 0.5}",0.1.0,2026-06-21T05:06:21+00:00
torus3,shapediscover,cost,persistence_s,0.011,0,4000,6,5.669,15,"{""knn"": 15, ""label_mode"": ""components"", ""lite"": false, ""loss_weights"": [1, 10, 1, 10], ""n_cover"": 15, ""regularization"": 10.0, ""threshold"": 0.5}",0.1.0,2026-06-21T05:06:21+00:00
torus3,shapediscover,cost,complex_size,4943.0,0,4000,6,5.669,15,"{""knn"": 15, ""label_mode"": ""components"", ""lite"": false, ""loss_weights"": [1, 10, 1, 10], ""n_cover"": 15, ""regularization"": 10.0, ""threshold"": 0.5}",0.1.0,2026-06-21T05:06:21+00:00
torus3,shapediscover,cost,fit_s,5.669,0,4000,6,5.669,15,"{""knn"": 15, ""label_mode"": ""components"", ""lite"": false, ""loss_weights"": [1, 10, 1, 10], ""n_cover"": 15, ""regularization"": 10.0, ""threshold"": 0.5}",0.1.0,2026-06-21T05:06:21+00:00
torus3,shapediscover,topology,recovery_quotient,0.0,1,4000,6,5.787,15,"{""knn"": 15, ""label_mode"": ""components"", ""lite"": false, ""loss_weights"": [1, 10, 1, 10], ""n_cover"": 15, ""regularization"": 10.0, ""threshold"": 0.5}",0.1.0,2026-06-21T05:06:21+00:00
torus3,shapediscover,topology,complex_size,4943.0,1,4000,6,5.787,15,"{""knn"": 15, ""label_mode"": ""components"", ""lite"": false, ""loss_weights"": [1, 10, 1, 10], ""n_cover"": 15, ""regularization"": 10.0, ""threshold"": 0.5}",0.1.0,2026-06-21T05:06:21+00:00
torus3,shapediscover,topology,bar_dominance_min,1.039,1,4000,6,5.787,15,"{""knn"": 15, ""label_mode"": ""components"", ""lite"": false, ""loss_weights"": [1, 10, 1, 10], ""n_cover"": 15, ""regularization"": 10.0, ""threshold"": 0.5}",0.1.0,2026-06-21T05:06:21+00:00
torus3,shapediscover,topology,bar_dominance_h0,1000.0,1,4000,6,5.787,15,"{""knn"": 15, ""label_mode"": ""components"", ""lite"": false, ""loss_weights"": [1, 10, 1, 10], ""n_cover"": 15, ""regularization"": 10.0, ""threshold"": 0.5}",0.1.0,2026-06-21T05:06:21+00:00
torus3,shapediscover,topology,bar_dominance_h1,1.061,1,4000,6,5.787,15,"{""knn"": 15, ""label_mode"": ""components"", ""lite"": false, ""loss_weights"": [1, 10, 1, 10], ""n_cover"": 15, ""regularization"": 10.0, ""threshold"": 0.5}",0.1.0,2026-06-21T05:06:21+00:00
torus3,shapediscover,topology,bar_dominance_h2,1.039,1,4000,6,5.787,15,"{""knn"": 15, ""label_mode"": ""components"", ""lite"": false, ""loss_weights"": [1, 10, 1, 10], ""n_cover"": 15, ""regularization"": 10.0, ""threshold"": 0.5}",0.1.0,2026-06-21T05:06:21+00:00
torus3,shapediscover,topology,bar_dominance_h3,1.213,1,4000,6,5.787,15,"{""knn"": 15, ""label_mode"": ""components"", ""lite"": false, ""loss_weights"": [1, 10, 1, 10], ""n_cover"": 15, ""regularization"": 10.0, ""threshold"": 0.5}",0.1.0,2026-06-21T05:06:21+00:00
torus3,shapediscover,cost,persistence_s,0.0107,1,4000,6,5.787,15,"{""knn"": 15, ""label_mode"": ""components"", ""lite"": false, ""loss_weights"": [1, 10, 1, 10], ""n_cover"": 15, ""regularization"": 10.0, ""threshold"": 0.5}",0.1.0,2026-06-21T05:06:21+00:00
torus3,shapediscover,cost,complex_size,4943.0,1,4000,6,5.787,15,"{""knn"": 15, ""label_mode"": ""components"", ""lite"": false, ""loss_weights"": [1, 10, 1, 10], ""n_cover"": 15, ""regularization"": 10.0, ""threshold"": 0.5}",0.1.0,2026-06-21T05:06:21+00:00
torus3,shapediscover,cost,fit_s,5.787,1,4000,6,5.787,15,"{""knn"": 15, ""label_mode"": ""components"", ""lite"": false, ""loss_weights"": [1, 10, 1, 10], ""n_cover"": 15, ""regularization"": 10.0, ""threshold"": 0.5}",0.1.0,2026-06-21T05:06:21+00:00
s2_times_s1,shapediscover,topology,recovery_quotient,0.011,0,3000,5,4.466,15,"{""knn"": 15, ""label_mode"": ""components"", ""lite"": false, ""loss_weights"": [1, 10, 1, 10], ""n_cover"": 15, ""regularization"": 10.0, ""threshold"": 0.5}",0.1.0,2026-06-21T05:06:21+00:00
s2_times_s1,shapediscover,topology,complex_size,4943.0,0,3000,5,4.466,15,"{""knn"": 15, ""label_mode"": ""components"", ""lite"": false, ""loss_weights"": [1, 10, 1, 10], ""n_cover"": 15, ""regularization"": 10.0, ""threshold"": 0.5}",0.1.0,2026-06-21T05:06:21+00:00
s2_times_s1,shapediscover,topology,bar_dominance_min,1.134,0,3000,5,4.466,15,"{""knn"": 15, ""label_mode"": ""components"", ""lite"": false, ""loss_weights"": [1, 10, 1, 10], ""n_cover"": 15, ""regularization"": 10.0, ""threshold"": 0.5}",0.1.0,2026-06-21T05:06:21+00:00
s2_times_s1,shapediscover,topology,bar_dominance_h0,1000.0,0,3000,5,4.466,15,"{""knn"": 15, ""label_mode"": ""components"", ""lite"": false, ""loss_weights"": [1, 10, 1, 10], ""n_cover"": 15, ""regularization"": 10.0, ""threshold"": 0.5}",0.1.0,2026-06-21T05:06:21+00:00
s2_times_s1,shapediscover,topology,bar_dominance_h1,2.804,0,3000,5,4.466,15,"{""knn"": 15, ""label_mode"": ""components"", ""lite"": false, ""loss_weights"": [1, 10, 1, 10], ""n_cover"": 15, ""regularization"": 10.0, ""threshold"": 0.5}",0.1.0,2026-06-21T05:06:21+00:00
s2_times_s1,shapediscover,topology,bar_dominance_h2,1.134,0,3000,5,4.466,15,"{""knn"": 15, ""label_mode"": ""components"", ""lite"": false, ""loss_weights"": [1, 10, 1, 10], ""n_cover"": 15, ""regularization"": 10.0, ""threshold"": 0.5}",0.1.0,2026-06-21T05:06:21+00:00
s2_times_s1,shapediscover,topology,bar_dominance_h3,1.474,0,3000,5,4.466,15,"{""knn"": 15, ""label_mode"": ""components"", ""lite"": false, ""loss_weights"": [1, 10, 1, 10], ""n_cover"": 15, ""regularization"": 10.0, ""threshold"": 0.5}",0.1.0,2026-06-21T05:06:21+00:00
s2_times_s1,shapediscover,cost,persistence_s,0.0098,0,3000,5,4.466,15,"{""knn"": 15, ""label_mode"": ""components"", ""lite"": false, ""loss_weights"": [1, 10, 1, 10], ""n_cover"": 15, ""regularization"": 10.0, ""threshold"": 0.5}",0.1.0,2026-06-21T05:06:21+00:00
s2_times_s1,shapediscover,cost,complex_size,4943.0,0,3000,5,4.466,15,"{""knn"": 15, ""label_mode"": ""components"", ""lite"": false, ""loss_weights"": [1, 10, 1, 10], ""n_cover"": 15, ""regularization"": 10.0, ""threshold"": 0.5}",0.1.0,2026-06-21T05:06:21+00:00
s2_times_s1,shapediscover,cost,fit_s,4.466,0,3000,5,4.466,15,"{""knn"": 15, ""label_mode"": ""components"", ""lite"": false, ""loss_weights"": [1, 10, 1, 10], ""n_cover"": 15, ""regularization"": 10.0, ""threshold"": 0.5}",0.1.0,2026-06-21T05:06:21+00:00
s2_times_s1,shapediscover,topology,recovery_quotient,0.018,1,3000,5,4.45,15,"{""knn"": 15, ""label_mode"": ""components"", ""lite"": false, ""loss_weights"": [1, 10, 1, 10], ""n_cover"": 15, ""regularization"": 10.0, ""threshold"": 0.5}",0.1.0,2026-06-21T05:06:21+00:00
s2_times_s1,shapediscover,topology,complex_size,4943.0,1,3000,5,4.45,15,"{""knn"": 15, ""label_mode"": ""components"", ""lite"": false, ""loss_weights"": [1, 10, 1, 10], ""n_cover"": 15, ""regularization"": 10.0, ""threshold"": 0.5}",0.1.0,2026-06-21T05:06:21+00:00
s2_times_s1,shapediscover,topology,bar_dominance_min,1.054,1,3000,5,4.45,15,"{""knn"": 15, ""label_mode"": ""components"", ""lite"": false, ""loss_weights"": [1, 10, 1, 10], ""n_cover"": 15, ""regularization"": 10.0, ""threshold"": 0.5}",0.1.0,2026-06-21T05:06:21+00:00
s2_times_s1,shapediscover,topology,bar_dominance_h0,1000.0,1,3000,5,4.45,15,"{""knn"": 15, ""label_mode"": ""components"", ""lite"": false, ""loss_weights"": [1, 10, 1, 10], ""n_cover"": 15, ""regularization"": 10.0, ""threshold"": 0.5}",0.1.0,2026-06-21T05:06:21+00:00
s2_times_s1,shapediscover,topology,bar_dominance_h1,2.109,1,3000,5,4.45,15,"{""knn"": 15, ""label_mode"": ""components"", ""lite"": false, ""loss_weights"": [1, 10, 1, 10], ""n_cover"": 15, ""regularization"": 10.0, ""threshold"": 0.5}",0.1.0,2026-06-21T05:06:21+00:00
s2_times_s1,shapediscover,topology,bar_dominance_h2,1.191,1,3000,5,4.45,15,"{""knn"": 15, ""label_mode"": ""components"", ""lite"": false, ""loss_weights"": [1, 10, 1, 10], ""n_cover"": 15, ""regularization"": 10.0, ""threshold"": 0.5}",0.1.0,2026-06-21T05:06:21+00:00
s2_times_s1,shapediscover,topology,bar_dominance_h3,1.054,1,3000,5,4.45,15,"{""knn"": 15, ""label_mode"": ""components"", ""lite"": false, ""loss_weights"": [1, 10, 1, 10], ""n_cover"": 15, ""regularization"": 10.0, ""threshold"": 0.5}",0.1.0,2026-06-21T05:06:21+00:00
s2_times_s1,shapediscover,cost,persistence_s,0.0097,1,3000,5,4.45,15,"{""knn"": 15, ""label_mode"": ""components"", ""lite"": false, ""loss_weights"": [1, 10, 1, 10], ""n_cover"": 15, ""regularization"": 10.0, ""threshold"": 0.5}",0.1.0,2026-06-21T05:06:21+00:00
s2_times_s1,shapediscover,cost,complex_size,4943.0,1,3000,5,4.45,15,"{""knn"": 15, ""label_mode"": ""components"", ""lite"": false, ""loss_weights"": [1, 10, 1, 10], ""n_cover"": 15, ""regularization"": 10.0, ""threshold"": 0.5}",0.1.0,2026-06-21T05:06:21+00:00
s2_times_s1,shapediscover,cost,fit_s,4.45,1,3000,5,4.45,15,"{""knn"": 15, ""label_mode"": ""components"", ""lite"": false, ""loss_weights"": [1, 10, 1, 10], ""n_cover"": 15, ""regularization"": 10.0, ""threshold"": 0.5}",0.1.0,2026-06-21T05:06:21+00:00
sphere4,shapediscover,topology,recovery_quotient,0.1,0,2000,5,2.946,14,"{""knn"": 15, ""label_mode"": ""components"", ""lite"": false, ""loss_weights"": [1, 10, 1, 10], ""n_cover"": 15, ""regularization"": 10.0, ""threshold"": 0.5}",0.1.0,2026-06-21T05:06:21+00:00
sphere4,shapediscover,topology,complex_size,9948.0,0,2000,5,2.946,14,"{""knn"": 15, ""label_mode"": ""components"", ""lite"": false, ""loss_weights"": [1, 10, 1, 10], ""n_cover"": 15, ""regularization"": 10.0, ""threshold"": 0.5}",0.1.0,2026-06-21T05:06:21+00:00
sphere4,shapediscover,topology,bar_dominance_min,0.665,0,2000,5,2.946,14,"{""knn"": 15, ""label_mode"": ""components"", ""lite"": false, ""loss_weights"": [1, 10, 1, 10], ""n_cover"": 15, ""regularization"": 10.0, ""threshold"": 0.5}",0.1.0,2026-06-21T05:06:21+00:00
sphere4,shapediscover,topology,bar_dominance_h0,1000.0,0,2000,5,2.946,14,"{""knn"": 15, ""label_mode"": ""components"", ""lite"": false, ""loss_weights"": [1, 10, 1, 10], ""n_cover"": 15, ""regularization"": 10.0, ""threshold"": 0.5}",0.1.0,2026-06-21T05:06:21+00:00
sphere4,shapediscover,topology,bar_dominance_h1,0.665,0,2000,5,2.946,14,"{""knn"": 15, ""label_mode"": ""components"", ""lite"": false, ""loss_weights"": [1, 10, 1, 10], ""n_cover"": 15, ""regularization"": 10.0, ""threshold"": 0.5}",0.1.0,2026-06-21T05:06:21+00:00
sphere4,shapediscover,topology,bar_dominance_h2,0.682,0,2000,5,2.946,14,"{""knn"": 15, ""label_mode"": ""components"", ""lite"": false, ""loss_weights"": [1, 10, 1, 10], ""n_cover"": 15, ""regularization"": 10.0, ""threshold"": 0.5}",0.1.0,2026-06-21T05:06:21+00:00
sphere4,shapediscover,topology,bar_dominance_h3,1.194,0,2000,5,2.946,14,"{""knn"": 15, ""label_mode"": ""components"", ""lite"": false, ""loss_weights"": [1, 10, 1, 10], ""n_cover"": 15, ""regularization"": 10.0, ""threshold"": 0.5}",0.1.0,2026-06-21T05:06:21+00:00
sphere4,shapediscover,topology,bar_dominance_h4,2.606,0,2000,5,2.946,14,"{""knn"": 15, ""label_mode"": ""components"", ""lite"": false, ""loss_weights"": [1, 10, 1, 10], ""n_cover"": 15, ""regularization"": 10.0, ""threshold"": 0.5}",0.1.0,2026-06-21T05:06:21+00:00
sphere4,shapediscover,cost,persistence_s,0.0157,0,2000,5,2.946,14,"{""knn"": 15, ""label_mode"": ""components"", ""lite"": false, ""loss_weights"": [1, 10, 1, 10], ""n_cover"": 15, ""regularization"": 10.0, ""threshold"": 0.5}",0.1.0,2026-06-21T05:06:21+00:00
sphere4,shapediscover,cost,complex_size,9948.0,0,2000,5,2.946,14,"{""knn"": 15, ""label_mode"": ""components"", ""lite"": false, ""loss_weights"": [1, 10, 1, 10], ""n_cover"": 15, ""regularization"": 10.0, ""threshold"": 0.5}",0.1.0,2026-06-21T05:06:21+00:00
sphere4,shapediscover,cost,fit_s,2.946,0,2000,5,2.946,14,"{""knn"": 15, ""label_mode"": ""components"", ""lite"": false, ""loss_weights"": [1, 10, 1, 10], ""n_cover"": 15, ""regularization"": 10.0, ""threshold"": 0.5}",0.1.0,2026-06-21T05:06:21+00:00
sphere4,shapediscover,topology,recovery_quotient,0.041,1,2000,5,2.814,12,"{""knn"": 15, ""label_mode"": ""components"", ""lite"": false, ""loss_weights"": [1, 10, 1, 10], ""n_cover"": 15, ""regularization"": 10.0, ""threshold"": 0.5}",0.1.0,2026-06-21T05:06:21+00:00
sphere4,shapediscover,topology,complex_size,9948.0,1,2000,5,2.814,12,"{""knn"": 15, ""label_mode"": ""components"", ""lite"": false, ""loss_weights"": [1, 10, 1, 10], ""n_cover"": 15, ""regularization"": 10.0, ""threshold"": 0.5}",0.1.0,2026-06-21T05:06:21+00:00
sphere4,shapediscover,topology,bar_dominance_min,0.675,1,2000,5,2.814,12,"{""knn"": 15, ""label_mode"": ""components"", ""lite"": false, ""loss_weights"": [1, 10, 1, 10], ""n_cover"": 15, ""regularization"": 10.0, ""threshold"": 0.5}",0.1.0,2026-06-21T05:06:21+00:00
sphere4,shapediscover,topology,bar_dominance_h0,1000.0,1,2000,5,2.814,12,"{""knn"": 15, ""label_mode"": ""components"", ""lite"": false, ""loss_weights"": [1, 10, 1, 10], ""n_cover"": 15, ""regularization"": 10.0, ""threshold"": 0.5}",0.1.0,2026-06-21T05:06:21+00:00
sphere4,shapediscover,topology,bar_dominance_h1,0.675,1,2000,5,2.814,12,"{""knn"": 15, ""label_mode"": ""components"", ""lite"": false, ""loss_weights"": [1, 10, 1, 10], ""n_cover"": 15, ""regularization"": 10.0, ""threshold"": 0.5}",0.1.0,2026-06-21T05:06:21+00:00
sphere4,shapediscover,topology,bar_dominance_h2,0.809,1,2000,5,2.814,12,"{""knn"": 15, ""label_mode"": ""components"", ""lite"": false, ""loss_weights"": [1, 10, 1, 10], ""n_cover"": 15, ""regularization"": 10.0, ""threshold"": 0.5}",0.1.0,2026-06-21T05:06:21+00:00
sphere4,shapediscover,topology,bar_dominance_h3,1.021,1,2000,5,2.814,12,"{""knn"": 15, ""label_mode"": ""components"", ""lite"": false, ""loss_weights"": [1, 10, 1, 10], ""n_cover"": 15, ""regularization"": 10.0, ""threshold"": 0.5}",0.1.0,2026-06-21T05:06:21+00:00
sphere4,shapediscover,topology,bar_dominance_h4,2.508,1,2000,5,2.814,12,"{""knn"": 15, ""label_mode"": ""components"", ""lite"": false, ""loss_weights"": [1, 10, 1, 10], ""n_cover"": 15, ""regularization"": 10.0, ""threshold"": 0.5}",0.1.0,2026-06-21T05:06:21+00:00
sphere4,shapediscover,cost,persistence_s,0.0153,1,2000,5,2.814,12,"{""knn"": 15, ""label_mode"": ""components"", ""lite"": false, ""loss_weights"": [1, 10, 1, 10], ""n_cover"": 15, ""regularization"": 10.0, ""threshold"": 0.5}",0.1.0,2026-06-21T05:06:21+00:00
sphere4,shapediscover,cost,complex_size,9948.0,1,2000,5,2.814,12,"{""knn"": 15, ""label_mode"": ""components"", ""lite"": false, ""loss_weights"": [1, 10, 1, 10], ""n_cover"": 15, ""regularization"": 10.0, ""threshold"": 0.5}",0.1.0,2026-06-21T05:06:21+00:00
sphere4,shapediscover,cost,fit_s,2.814,1,2000,5,2.814,12,"{""knn"": 15, ""label_mode"": ""components"", ""lite"": false, ""loss_weights"": [1, 10, 1, 10], ""n_cover"": 15, ""regularization"": 10.0, ""threshold"": 0.5}",0.1.0,2026-06-21T05:06:21+00:00
clifford_torus_amb50,shapediscover,topology,recovery_quotient,0.599,0,3000,50,1.313,15,"{""knn"": 15, ""label_mode"": ""components"", ""lite"": false, ""loss_weights"": [1, 10, 1, 10], ""n_cover"": 15, ""regularization"": 10.0, ""threshold"": 0.5}",0.1.0,2026-06-21T05:06:21+00:00
clifford_torus_amb50,shapediscover,topology,complex_size,1940.0,0,3000,50,1.313,15,"{""knn"": 15, ""label_mode"": ""components"", ""lite"": false, ""loss_weights"": [1, 10, 1, 10], ""n_cover"": 15, ""regularization"": 10.0, ""threshold"": 0.5}",0.1.0,2026-06-21T05:06:21+00:00
clifford_torus_amb50,shapediscover,topology,bar_dominance_min,2.753,0,3000,50,1.313,15,"{""knn"": 15, ""label_mode"": ""components"", ""lite"": false, ""loss_weights"": [1, 10, 1, 10], ""n_cover"": 15, ""regularization"": 10.0, ""threshold"": 0.5}",0.1.0,2026-06-21T05:06:21+00:00
clifford_torus_amb50,shapediscover,topology,bar_dominance_h0,1000.0,0,3000,50,1.313,15,"{""knn"": 15, ""label_mode"": ""components"", ""lite"": false, ""loss_weights"": [1, 10, 1, 10], ""n_cover"": 15, ""regularization"": 10.0, ""threshold"": 0.5}",0.1.0,2026-06-21T05:06:21+00:00
clifford_torus_amb50,shapediscover,topology,bar_dominance_h1,2.753,0,3000,50,1.313,15,"{""knn"": 15, ""label_mode"": ""components"", ""lite"": false, ""loss_weights"": [1, 10, 1, 10], ""n_cover"": 15, ""regularization"": 10.0, ""threshold"": 0.5}",0.1.0,2026-06-21T05:06:21+00:00
clifford_torus_amb50,shapediscover,topology,bar_dominance_h2,10.779,0,3000,50,1.313,15,"{""knn"": 15, ""label_mode"": ""components"", ""lite"": false, ""loss_weights"": [1, 10, 1, 10], ""n_cover"": 15, ""regularization"": 10.0, ""threshold"": 0.5}",0.1.0,2026-06-21T05:06:21+00:00
clifford_torus_amb50,shapediscover,cost,persistence_s,0.0033,0,3000,50,1.313,15,"{""knn"": 15, ""label_mode"": ""components"", ""lite"": false, ""loss_weights"": [1, 10, 1, 10], ""n_cover"": 15, ""regularization"": 10.0, ""threshold"": 0.5}",0.1.0,2026-06-21T05:06:21+00:00
clifford_torus_amb50,shapediscover,cost,complex_size,1940.0,0,3000,50,1.313,15,"{""knn"": 15, ""label_mode"": ""components"", ""lite"": false, ""loss_weights"": [1, 10, 1, 10], ""n_cover"": 15, ""regularization"": 10.0, ""threshold"": 0.5}",0.1.0,2026-06-21T05:06:21+00:00
clifford_torus_amb50,shapediscover,cost,fit_s,1.313,0,3000,50,1.313,15,"{""knn"": 15, ""label_mode"": ""components"", ""lite"": false, ""loss_weights"": [1, 10, 1, 10], ""n_cover"": 15, ""regularization"": 10.0, ""threshold"": 0.5}",0.1.0,2026-06-21T05:06:21+00:00
clifford_torus_amb50,shapediscover,topology,recovery_quotient,0.506,1,3000,50,1.341,15,"{""knn"": 15, ""label_mode"": ""components"", ""lite"": false, ""loss_weights"": [1, 10, 1, 10], ""n_cover"": 15, ""regularization"": 10.0, ""threshold"": 0.5}",0.1.0,2026-06-21T05:06:21+00:00
clifford_torus_amb50,shapediscover,topology,complex_size,1940.0,1,3000,50,1.341,15,"{""knn"": 15, ""label_mode"": ""components"", ""lite"": false, ""loss_weights"": [1, 10, 1, 10], ""n_cover"": 15, ""regularization"": 10.0, ""threshold"": 0.5}",0.1.0,2026-06-21T05:06:21+00:00
clifford_torus_amb50,shapediscover,topology,bar_dominance_min,2.673,1,3000,50,1.341,15,"{""knn"": 15, ""label_mode"": ""components"", ""lite"": false, ""loss_weights"": [1, 10, 1, 10], ""n_cover"": 15, ""regularization"": 10.0, ""threshold"": 0.5}",0.1.0,2026-06-21T05:06:21+00:00
clifford_torus_amb50,shapediscover,topology,bar_dominance_h0,1000.0,1,3000,50,1.341,15,"{""knn"": 15, ""label_mode"": ""components"", ""lite"": false, ""loss_weights"": [1, 10, 1, 10], ""n_cover"": 15, ""regularization"": 10.0, ""threshold"": 0.5}",0.1.0,2026-06-21T05:06:21+00:00
clifford_torus_amb50,shapediscover,topology,bar_dominance_h1,2.673,1,3000,50,1.341,15,"{""knn"": 15, ""label_mode"": ""components"", ""lite"": false, ""loss_weights"": [1, 10, 1, 10], ""n_cover"": 15, ""regularization"": 10.0, ""threshold"": 0.5}",0.1.0,2026-06-21T05:06:21+00:00
clifford_torus_amb50,shapediscover,topology,bar_dominance_h2,27.622,1,3000,50,1.341,15,"{""knn"": 15, ""label_mode"": ""components"", ""lite"": false, ""loss_weights"": [1, 10, 1, 10], ""n_cover"": 15, ""regularization"": 10.0, ""threshold"": 0.5}",0.1.0,2026-06-21T05:06:21+00:00
clifford_torus_amb50,shapediscover,cost,persistence_s,0.0035,1,3000,50,1.341,15,"{""knn"": 15, ""label_mode"": ""components"", ""lite"": false, ""loss_weights"": [1, 10, 1, 10], ""n_cover"": 15, ""regularization"": 10.0, ""threshold"": 0.5}",0.1.0,2026-06-21T05:06:21+00:00
clifford_torus_amb50,shapediscover,cost,complex_size,1940.0,1,3000,50,1.341,15,"{""knn"": 15, ""label_mode"": ""components"", ""lite"": false, ""loss_weights"": [1, 10, 1, 10], ""n_cover"": 15, ""regularization"": 10.0, ""threshold"": 0.5}",0.1.0,2026-06-21T05:06:21+00:00
clifford_torus_amb50,shapediscover,cost,fit_s,1.341,1,3000,50,1.341,15,"{""knn"": 15, ""label_mode"": ""components"", ""lite"": false, ""loss_weights"": [1, 10, 1, 10], ""n_cover"": 15, ""regularization"": 10.0, ""threshold"": 0.5}",0.1.0,2026-06-21T05:06:21+00:00
anisotropic_torus,shapediscover,topology,recovery_quotient,0.578,0,3000,4,1.398,15,"{""knn"": 15, ""label_mode"": ""components"", ""lite"": false, ""loss_weights"": [1, 10, 1, 10], ""n_cover"": 15, ""regularization"": 10.0, ""threshold"": 0.5}",0.1.0,2026-06-21T05:06:21+00:00
anisotropic_torus,shapediscover,topology,complex_size,1940.0,0,3000,4,1.398,15,"{""knn"": 15, ""label_mode"": ""components"", ""lite"": false, ""loss_weights"": [1, 10, 1, 10], ""n_cover"": 15, ""regularization"": 10.0, ""threshold"": 0.5}",0.1.0,2026-06-21T05:06:21+00:00
anisotropic_torus,shapediscover,topology,bar_dominance_min,3.673,0,3000,4,1.398,15,"{""knn"": 15, ""label_mode"": ""components"", ""lite"": false, ""loss_weights"": [1, 10, 1, 10], ""n_cover"": 15, ""regularization"": 10.0, ""threshold"": 0.5}",0.1.0,2026-06-21T05:06:21+00:00
anisotropic_torus,shapediscover,topology,bar_dominance_h0,1000.0,0,3000,4,1.398,15,"{""knn"": 15, ""label_mode"": ""components"", ""lite"": false, ""loss_weights"": [1, 10, 1, 10], ""n_cover"": 15, ""regularization"": 10.0, ""threshold"": 0.5}",0.1.0,2026-06-21T05:06:21+00:00
anisotropic_torus,shapediscover,topology,bar_dominance_h1,3.673,0,3000,4,1.398,15,"{""knn"": 15, ""label_mode"": ""components"", ""lite"": false, ""loss_weights"": [1, 10, 1, 10], ""n_cover"": 15, ""regularization"": 10.0, ""threshold"": 0.5}",0.1.0,2026-06-21T05:06:21+00:00
anisotropic_torus,shapediscover,topology,bar_dominance_h2,9.91,0,3000,4,1.398,15,"{""knn"": 15, ""label_mode"": ""components"", ""lite"": false, ""loss_weights"": [1, 10, 1, 10], ""n_cover"": 15, ""regularization"": 10.0, ""threshold"": 0.5}",0.1.0,2026-06-21T05:06:21+00:00
anisotropic_torus,shapediscover,cost,persistence_s,0.0034,0,3000,4,1.398,15,"{""knn"": 15, ""label_mode"": ""components"", ""lite"": false, ""loss_weights"": [1, 10, 1, 10], ""n_cover"": 15, ""regularization"": 10.0, ""threshold"": 0.5}",0.1.0,2026-06-21T05:06:21+00:00
anisotropic_torus,shapediscover,cost,complex_size,1940.0,0,3000,4,1.398,15,"{""knn"": 15, ""label_mode"": ""components"", ""lite"": false, ""loss_weights"": [1, 10, 1, 10], ""n_cover"": 15, ""regularization"": 10.0, ""threshold"": 0.5}",0.1.0,2026-06-21T05:06:21+00:00
anisotropic_torus,shapediscover,cost,fit_s,1.398,0,3000,4,1.398,15,"{""knn"": 15, ""label_mode"": ""components"", ""lite"": false, ""loss_weights"": [1, 10, 1, 10], ""n_cover"": 15, ""regularization"": 10.0, ""threshold"": 0.5}",0.1.0,2026-06-21T05:06:21+00:00
anisotropic_torus,shapediscover,topology,recovery_quotient,0.579,1,3000,4,1.351,15,"{""knn"": 15, ""label_mode"": ""components"", ""lite"": false, ""loss_weights"": [1, 10, 1, 10], ""n_cover"": 15, ""regularization"": 10.0, ""threshold"": 0.5}",0.1.0,2026-06-21T05:06:21+00:00
anisotropic_torus,shapediscover,topology,complex_size,1940.0,1,3000,4,1.351,15,"{""knn"": 15, ""label_mode"": ""components"", ""lite"": false, ""loss_weights"": [1, 10, 1, 10], ""n_cover"": 15, ""regularization"": 10.0, ""threshold"": 0.5}",0.1.0,2026-06-21T05:06:21+00:00
anisotropic_torus,shapediscover,topology,bar_dominance_min,3.849,1,3000,4,1.351,15,"{""knn"": 15, ""label_mode"": ""components"", ""lite"": false, ""loss_weights"": [1, 10, 1, 10], ""n_cover"": 15, ""regularization"": 10.0, ""threshold"": 0.5}",0.1.0,2026-06-21T05:06:21+00:00
anisotropic_torus,shapediscover,topology,bar_dominance_h0,1000.0,1,3000,4,1.351,15,"{""knn"": 15, ""label_mode"": ""components"", ""lite"": false, ""loss_weights"": [1, 10, 1, 10], ""n_cover"": 15, ""regularization"": 10.0, ""threshold"": 0.5}",0.1.0,2026-06-21T05:06:21+00:00
anisotropic_torus,shapediscover,topology,bar_dominance_h1,3.849,1,3000,4,1.351,15,"{""knn"": 15, ""label_mode"": ""components"", ""lite"": false, ""loss_weights"": [1, 10, 1, 10], ""n_cover"": 15, ""regularization"": 10.0, ""threshold"": 0.5}",0.1.0,2026-06-21T05:06:21+00:00
anisotropic_torus,shapediscover,topology,bar_dominance_h2,7.336,1,3000,4,1.351,15,"{""knn"": 15, ""label_mode"": ""components"", ""lite"": false, ""loss_weights"": [1, 10, 1, 10], ""n_cover"": 15, ""regularization"": 10.0, ""threshold"": 0.5}",0.1.0,2026-06-21T05:06:21+00:00
anisotropic_torus,shapediscover,cost,persistence_s,0.0033,1,3000,4,1.351,15,"{""knn"": 15, ""label_mode"": ""components"", ""lite"": false, ""loss_weights"": [1, 10, 1, 10], ""n_cover"": 15, ""regularization"": 10.0, ""threshold"": 0.5}",0.1.0,2026-06-21T05:06:21+00:00
anisotropic_torus,shapediscover,cost,complex_size,1940.0,1,3000,4,1.351,15,"{""knn"": 15, ""label_mode"": ""components"", ""lite"": false, ""loss_weights"": [1, 10, 1, 10], ""n_cover"": 15, ""regularization"": 10.0, ""threshold"": 0.5}",0.1.0,2026-06-21T05:06:21+00:00
anisotropic_torus,shapediscover,cost,fit_s,1.351,1,3000,4,1.351,15,"{""knn"": 15, ""label_mode"": ""components"", ""lite"": false, ""loss_weights"": [1, 10, 1, 10], ""n_cover"": 15, ""regularization"": 10.0, ""threshold"": 0.5}",0.1.0,2026-06-21T05:06:21+00:00
cp2,shapediscover,topology,recovery_quotient,0.0,0,3000,9,4.445,10,"{""knn"": 15, ""label_mode"": ""components"", ""lite"": false, ""loss_weights"": [1, 10, 1, 10], ""n_cover"": 15, ""regularization"": 10.0, ""threshold"": 0.5}",0.1.0,2026-06-21T05:06:21+00:00
cp2,shapediscover,topology,complex_size,9948.0,0,3000,9,4.445,10,"{""knn"": 15, ""label_mode"": ""components"", ""lite"": false, ""loss_weights"": [1, 10, 1, 10], ""n_cover"": 15, ""regularization"": 10.0, ""threshold"": 0.5}",0.1.0,2026-06-21T05:06:21+00:00
cp2,shapediscover,topology,bar_dominance_min,0.489,0,3000,9,4.445,10,"{""knn"": 15, ""label_mode"": ""components"", ""lite"": false, ""loss_weights"": [1, 10, 1, 10], ""n_cover"": 15, ""regularization"": 10.0, ""threshold"": 0.5}",0.1.0,2026-06-21T05:06:21+00:00
cp2,shapediscover,topology,bar_dominance_h0,1000.0,0,3000,9,4.445,10,"{""knn"": 15, ""label_mode"": ""components"", ""lite"": false, ""loss_weights"": [1, 10, 1, 10], ""n_cover"": 15, ""regularization"": 10.0, ""threshold"": 0.5}",0.1.0,2026-06-21T05:06:21+00:00
cp2,shapediscover,topology,bar_dominance_h1,0.489,0,3000,9,4.445,10,"{""knn"": 15, ""label_mode"": ""components"", ""lite"": false, ""loss_weights"": [1, 10, 1, 10], ""n_cover"": 15, ""regularization"": 10.0, ""threshold"": 0.5}",0.1.0,2026-06-21T05:06:21+00:00
cp2,shapediscover,topology,bar_dominance_h2,1.226,0,3000,9,4.445,10,"{""knn"": 15, ""label_mode"": ""components"", ""lite"": false, ""loss_weights"": [1, 10, 1, 10], ""n_cover"": 15, ""regularization"": 10.0, ""threshold"": 0.5}",0.1.0,2026-06-21T05:06:21+00:00
cp2,shapediscover,topology,bar_dominance_h3,0.846,0,3000,9,4.445,10,"{""knn"": 15, ""label_mode"": ""components"", ""lite"": false, ""loss_weights"": [1, 10, 1, 10], ""n_cover"": 15, ""regularization"": 10.0, ""threshold"": 0.5}",0.1.0,2026-06-21T05:06:21+00:00
cp2,shapediscover,topology,bar_dominance_h4,1.338,0,3000,9,4.445,10,"{""knn"": 15, ""label_mode"": ""components"", ""lite"": false, ""loss_weights"": [1, 10, 1, 10], ""n_cover"": 15, ""regularization"": 10.0, ""threshold"": 0.5}",0.1.0,2026-06-21T05:06:21+00:00
cp2,shapediscover,cost,persistence_s,0.0189,0,3000,9,4.445,10,"{""knn"": 15, ""label_mode"": ""components"", ""lite"": false, ""loss_weights"": [1, 10, 1, 10], ""n_cover"": 15, ""regularization"": 10.0, ""threshold"": 0.5}",0.1.0,2026-06-21T05:06:21+00:00
cp2,shapediscover,cost,complex_size,9948.0,0,3000,9,4.445,10,"{""knn"": 15, ""label_mode"": ""components"", ""lite"": false, ""loss_weights"": [1, 10, 1, 10], ""n_cover"": 15, ""regularization"": 10.0, ""threshold"": 0.5}",0.1.0,2026-06-21T05:06:21+00:00
cp2,shapediscover,cost,fit_s,4.445,0,3000,9,4.445,10,"{""knn"": 15, ""label_mode"": ""components"", ""lite"": false, ""loss_weights"": [1, 10, 1, 10], ""n_cover"": 15, ""regularization"": 10.0, ""threshold"": 0.5}",0.1.0,2026-06-21T05:06:21+00:00
cp2,shapediscover,topology,recovery_quotient,0.0,1,3000,9,4.443,12,"{""knn"": 15, ""label_mode"": ""components"", ""lite"": false, ""loss_weights"": [1, 10, 1, 10], ""n_cover"": 15, ""regularization"": 10.0, ""threshold"": 0.5}",0.1.0,2026-06-21T05:06:21+00:00
cp2,shapediscover,topology,complex_size,9948.0,1,3000,9,4.443,12,"{""knn"": 15, ""label_mode"": ""components"", ""lite"": false, ""loss_weights"": [1, 10, 1, 10], ""n_cover"": 15, ""regularization"": 10.0, ""threshold"": 0.5}",0.1.0,2026-06-21T05:06:21+00:00
cp2,shapediscover,topology,bar_dominance_min,0.56,1,3000,9,4.443,12,"{""knn"": 15, ""label_mode"": ""components"", ""lite"": false, ""loss_weights"": [1, 10, 1, 10], ""n_cover"": 15, ""regularization"": 10.0, ""threshold"": 0.5}",0.1.0,2026-06-21T05:06:21+00:00
cp2,shapediscover,topology,bar_dominance_h0,1000.0,1,3000,9,4.443,12,"{""knn"": 15, ""label_mode"": ""components"", ""lite"": false, ""loss_weights"": [1, 10, 1, 10], ""n_cover"": 15, ""regularization"": 10.0, ""threshold"": 0.5}",0.1.0,2026-06-21T05:06:21+00:00
cp2,shapediscover,topology,bar_dominance_h1,0.56,1,3000,9,4.443,12,"{""knn"": 15, ""label_mode"": ""components"", ""lite"": false, ""loss_weights"": [1, 10, 1, 10], ""n_cover"": 15, ""regularization"": 10.0, ""threshold"": 0.5}",0.1.0,2026-06-21T05:06:21+00:00
cp2,shapediscover,topology,bar_dominance_h2,1.21,1,3000,9,4.443,12,"{""knn"": 15, ""label_mode"": ""components"", ""lite"": false, ""loss_weights"": [1, 10, 1, 10], ""n_cover"": 15, ""regularization"": 10.0, ""threshold"": 0.5}",0.1.0,2026-06-21T05:06:21+00:00
cp2,shapediscover,topology,bar_dominance_h3,0.642,1,3000,9,4.443,12,"{""knn"": 15, ""label_mode"": ""components"", ""lite"": false, ""loss_weights"": [1, 10, 1, 10], ""n_cover"": 15, ""regularization"": 10.0, ""threshold"": 0.5}",0.1.0,2026-06-21T05:06:21+00:00
cp2,shapediscover,topology,bar_dominance_h4,1.133,1,3000,9,4.443,12,"{""knn"": 15, ""label_mode"": ""components"", ""lite"": false, ""loss_weights"": [1, 10, 1, 10], ""n_cover"": 15, ""regularization"": 10.0, ""threshold"": 0.5}",0.1.0,2026-06-21T05:06:21+00:00
cp2,shapediscover,cost,persistence_s,0.0205,1,3000,9,4.443,12,"{""knn"": 15, ""label_mode"": ""components"", ""lite"": false, ""loss_weights"": [1, 10, 1, 10], ""n_cover"": 15, ""regularization"": 10.0, ""threshold"": 0.5}",0.1.0,2026-06-21T05:06:21+00:00
cp2,shapediscover,cost,complex_size,9948.0,1,3000,9,4.443,12,"{""knn"": 15, ""label_mode"": ""components"", ""lite"": false, ""loss_weights"": [1, 10, 1, 10], ""n_cover"": 15, ""regularization"": 10.0, ""threshold"": 0.5}",0.1.0,2026-06-21T05:06:21+00:00
cp2,shapediscover,cost,fit_s,4.443,1,3000,9,4.443,12,"{""knn"": 15, ""label_mode"": ""components"", ""lite"": false, ""loss_weights"": [1, 10, 1, 10], ""n_cover"": 15, ""regularization"": 10.0, ""threshold"": 0.5}",0.1.0,2026-06-21T05:06:21+00:00
figure_eight,shapediscover,topology,recovery_quotient,0.44,0,800,2,0.555,15,"{""knn"": 15, ""label_mode"": ""components"", ""lite"": false, ""loss_weights"": [1, 10, 1, 10], ""n_cover"": 15, ""regularization"": 10.0, ""threshold"": 0.5}",0.1.0,2026-06-21T05:06:21+00:00
figure_eight,shapediscover,topology,complex_size,575.0,0,800,2,0.555,15,"{""knn"": 15, ""label_mode"": ""components"", ""lite"": false, ""loss_weights"": [1, 10, 1, 10], ""n_cover"": 15, ""regularization"": 10.0, ""threshold"": 0.5}",0.1.0,2026-06-21T05:06:21+00:00
figure_eight,shapediscover,topology,bar_dominance_min,19.625,0,800,2,0.555,15,"{""knn"": 15, ""label_mode"": ""components"", ""lite"": false, ""loss_weights"": [1, 10, 1, 10], ""n_cover"": 15, ""regularization"": 10.0, ""threshold"": 0.5}",0.1.0,2026-06-21T05:06:21+00:00
figure_eight,shapediscover,topology,bar_dominance_h0,1000.0,0,800,2,0.555,15,"{""knn"": 15, ""label_mode"": ""components"", ""lite"": false, ""loss_weights"": [1, 10, 1, 10], ""n_cover"": 15, ""regularization"": 10.0, ""threshold"": 0.5}",0.1.0,2026-06-21T05:06:21+00:00
figure_eight,shapediscover,topology,bar_dominance_h1,19.625,0,800,2,0.555,15,"{""knn"": 15, ""label_mode"": ""components"", ""lite"": false, ""loss_weights"": [1, 10, 1, 10], ""n_cover"": 15, ""regularization"": 10.0, ""threshold"": 0.5}",0.1.0,2026-06-21T05:06:21+00:00
figure_eight,shapediscover,cost,persistence_s,0.0009,0,800,2,0.555,15,"{""knn"": 15, ""label_mode"": ""components"", ""lite"": false, ""loss_weights"": [1, 10, 1, 10], ""n_cover"": 15, ""regularization"": 10.0, ""threshold"": 0.5}",0.1.0,2026-06-21T05:06:21+00:00
figure_eight,shapediscover,cost,complex_size,575.0,0,800,2,0.555,15,"{""knn"": 15, ""label_mode"": ""components"", ""lite"": false, ""loss_weights"": [1, 10, 1, 10], ""n_cover"": 15, ""regularization"": 10.0, ""threshold"": 0.5}",0.1.0,2026-06-21T05:06:21+00:00
figure_eight,shapediscover,cost,fit_s,0.555,0,800,2,0.555,15,"{""knn"": 15, ""label_mode"": ""components"", ""lite"": false, ""loss_weights"": [1, 10, 1, 10], ""n_cover"": 15, ""regularization"": 10.0, ""threshold"": 0.5}",0.1.0,2026-06-21T05:06:21+00:00
figure_eight,shapediscover,topology,recovery_quotient,0.747,1,800,2,0.556,15,"{""knn"": 15, ""label_mode"": ""components"", ""lite"": false, ""loss_weights"": [1, 10, 1, 10], ""n_cover"": 15, ""regularization"": 10.0, ""threshold"": 0.5}",0.1.0,2026-06-21T05:06:21+00:00
figure_eight,shapediscover,topology,complex_size,575.0,1,800,2,0.556,15,"{""knn"": 15, ""label_mode"": ""components"", ""lite"": false, ""loss_weights"": [1, 10, 1, 10], ""n_cover"": 15, ""regularization"": 10.0, ""threshold"": 0.5}",0.1.0,2026-06-21T05:06:21+00:00
figure_eight,shapediscover,topology,bar_dominance_min,21.588,1,800,2,0.556,15,"{""knn"": 15, ""label_mode"": ""components"", ""lite"": false, ""loss_weights"": [1, 10, 1, 10], ""n_cover"": 15, ""regularization"": 10.0, ""threshold"": 0.5}",0.1.0,2026-06-21T05:06:21+00:00
figure_eight,shapediscover,topology,bar_dominance_h0,1000.0,1,800,2,0.556,15,"{""knn"": 15, ""label_mode"": ""components"", ""lite"": false, ""loss_weights"": [1, 10, 1, 10], ""n_cover"": 15, ""regularization"": 10.0, ""threshold"": 0.5}",0.1.0,2026-06-21T05:06:21+00:00
figure_eight,shapediscover,topology,bar_dominance_h1,21.588,1,800,2,0.556,15,"{""knn"": 15, ""label_mode"": ""components"", ""lite"": false, ""loss_weights"": [1, 10, 1, 10], ""n_cover"": 15, ""regularization"": 10.0, ""threshold"": 0.5}",0.1.0,2026-06-21T05:06:21+00:00
figure_eight,shapediscover,cost,persistence_s,0.0008,1,800,2,0.556,15,"{""knn"": 15, ""label_mode"": ""components"", ""lite"": false, ""loss_weights"": [1, 10, 1, 10], ""n_cover"": 15, ""regularization"": 10.0, ""threshold"": 0.5}",0.1.0,2026-06-21T05:06:21+00:00
figure_eight,shapediscover,cost,complex_size,575.0,1,800,2,0.556,15,"{""knn"": 15, ""label_mode"": ""components"", ""lite"": false, ""loss_weights"": [1, 10, 1, 10], ""n_cover"": 15, ""regularization"": 10.0, ""threshold"": 0.5}",0.1.0,2026-06-21T05:06:21+00:00
figure_eight,shapediscover,cost,fit_s,0.556,1,800,2,0.556,15,"{""knn"": 15, ""label_mode"": ""components"", ""lite"": false, ""loss_weights"": [1, 10, 1, 10], ""n_cover"": 15, ""regularization"": 10.0, ""threshold"": 0.5}",0.1.0,2026-06-21T05:06:21+00:00
linked_circles,shapediscover,topology,recovery_quotient,0.116,0,800,3,0.637,15,"{""knn"": 15, ""label_mode"": ""components"", ""lite"": false, ""loss_weights"": [1, 10, 1, 10], ""n_cover"": 15, ""regularization"": 10.0, ""threshold"": 0.5}",0.1.0,2026-06-21T05:06:21+00:00
linked_circles,shapediscover,topology,complex_size,575.0,0,800,3,0.637,15,"{""knn"": 15, ""label_mode"": ""components"", ""lite"": false, ""loss_weights"": [1, 10, 1, 10], ""n_cover"": 15, ""regularization"": 10.0, ""threshold"": 0.5}",0.1.0,2026-06-21T05:06:21+00:00
linked_circles,shapediscover,topology,bar_dominance_min,5.556,0,800,3,0.637,15,"{""knn"": 15, ""label_mode"": ""components"", ""lite"": false, ""loss_weights"": [1, 10, 1, 10], ""n_cover"": 15, ""regularization"": 10.0, ""threshold"": 0.5}",0.1.0,2026-06-21T05:06:21+00:00
linked_circles,shapediscover,topology,bar_dominance_h0,5.556,0,800,3,0.637,15,"{""knn"": 15, ""label_mode"": ""components"", ""lite"": false, ""loss_weights"": [1, 10, 1, 10], ""n_cover"": 15, ""regularization"": 10.0, ""threshold"": 0.5}",0.1.0,2026-06-21T05:06:21+00:00
linked_circles,shapediscover,topology,bar_dominance_h1,10.318,0,800,3,0.637,15,"{""knn"": 15, ""label_mode"": ""components"", ""lite"": false, ""loss_weights"": [1, 10, 1, 10], ""n_cover"": 15, ""regularization"": 10.0, ""threshold"": 0.5}",0.1.0,2026-06-21T05:06:21+00:00
linked_circles,shapediscover,clustering,ari,0.7820678921971705,0,800,3,0.637,15,"{""knn"": 15, ""label_mode"": ""components"", ""lite"": false, ""loss_weights"": [1, 10, 1, 10], ""n_cover"": 15, ""regularization"": 10.0, ""threshold"": 0.5}",0.1.0,2026-06-21T05:06:21+00:00
linked_circles,shapediscover,clustering,ami,0.8153247484948732,0,800,3,0.637,15,"{""knn"": 15, ""label_mode"": ""components"", ""lite"": false, ""loss_weights"": [1, 10, 1, 10], ""n_cover"": 15, ""regularization"": 10.0, ""threshold"": 0.5}",0.1.0,2026-06-21T05:06:21+00:00
linked_circles,shapediscover,clustering,nmi,0.8155972439093058,0,800,3,0.637,15,"{""knn"": 15, ""label_mode"": ""components"", ""lite"": false, ""loss_weights"": [1, 10, 1, 10], ""n_cover"": 15, ""regularization"": 10.0, ""threshold"": 0.5}",0.1.0,2026-06-21T05:06:21+00:00
linked_circles,shapediscover,clustering,homogeneity,1.0,0,800,3,0.637,15,"{""knn"": 15, ""label_mode"": ""components"", ""lite"": false, ""loss_weights"": [1, 10, 1, 10], ""n_cover"": 15, ""regularization"": 10.0, ""threshold"": 0.5}",0.1.0,2026-06-21T05:06:21+00:00
linked_circles,shapediscover,clustering,completeness,0.6886147805002679,0,800,3,0.637,15,"{""knn"": 15, ""label_mode"": ""components"", ""lite"": false, ""loss_weights"": [1, 10, 1, 10], ""n_cover"": 15, ""regularization"": 10.0, ""threshold"": 0.5}",0.1.0,2026-06-21T05:06:21+00:00
linked_circles,shapediscover,clustering,n_clusters_pred,3.0,0,800,3,0.637,15,"{""knn"": 15, ""label_mode"": ""components"", ""lite"": false, ""loss_weights"": [1, 10, 1, 10], ""n_cover"": 15, ""regularization"": 10.0, ""threshold"": 0.5}",0.1.0,2026-06-21T05:06:21+00:00
linked_circles,shapediscover,clustering,n_clusters_true,2.0,0,800,3,0.637,15,"{""knn"": 15, ""label_mode"": ""components"", ""lite"": false, ""loss_weights"": [1, 10, 1, 10], ""n_cover"": 15, ""regularization"": 10.0, ""threshold"": 0.5}",0.1.0,2026-06-21T05:06:21+00:00
linked_circles,shapediscover,cost,persistence_s,0.0008,0,800,3,0.637,15,"{""knn"": 15, ""label_mode"": ""components"", ""lite"": false, ""loss_weights"": [1, 10, 1, 10], ""n_cover"": 15, ""regularization"": 10.0, ""threshold"": 0.5}",0.1.0,2026-06-21T05:06:21+00:00
linked_circles,shapediscover,cost,complex_size,575.0,0,800,3,0.637,15,"{""knn"": 15, ""label_mode"": ""components"", ""lite"": false, ""loss_weights"": [1, 10, 1, 10], ""n_cover"": 15, ""regularization"": 10.0, ""threshold"": 0.5}",0.1.0,2026-06-21T05:06:21+00:00
linked_circles,shapediscover,cost,clustering_s,0.0007,0,800,3,0.637,15,"{""knn"": 15, ""label_mode"": ""components"", ""lite"": false, ""loss_weights"": [1, 10, 1, 10], ""n_cover"": 15, ""regularization"": 10.0, ""threshold"": 0.5}",0.1.0,2026-06-21T05:06:21+00:00
linked_circles,shapediscover,cost,fit_s,0.637,0,800,3,0.637,15,"{""knn"": 15, ""label_mode"": ""components"", ""lite"": false, ""loss_weights"": [1, 10, 1, 10], ""n_cover"": 15, ""regularization"": 10.0, ""threshold"": 0.5}",0.1.0,2026-06-21T05:06:21+00:00
linked_circles,shapediscover,topology,recovery_quotient,0.0,1,800,3,0.631,15,"{""knn"": 15, ""label_mode"": ""components"", ""lite"": false, ""loss_weights"": [1, 10, 1, 10], ""n_cover"": 15, ""regularization"": 10.0, ""threshold"": 0.5}",0.1.0,2026-06-21T05:06:21+00:00
linked_circles,shapediscover,topology,complex_size,575.0,1,800,3,0.631,15,"{""knn"": 15, ""label_mode"": ""components"", ""lite"": false, ""loss_weights"": [1, 10, 1, 10], ""n_cover"": 15, ""regularization"": 10.0, ""threshold"": 0.5}",0.1.0,2026-06-21T05:06:21+00:00
linked_circles,shapediscover,topology,bar_dominance_min,1.089,1,800,3,0.631,15,"{""knn"": 15, ""label_mode"": ""components"", ""lite"": false, ""loss_weights"": [1, 10, 1, 10], ""n_cover"": 15, ""regularization"": 10.0, ""threshold"": 0.5}",0.1.0,2026-06-21T05:06:21+00:00
linked_circles,shapediscover,topology,bar_dominance_h0,1.089,1,800,3,0.631,15,"{""knn"": 15, ""label_mode"": ""components"", ""lite"": false, ""loss_weights"": [1, 10, 1, 10], ""n_cover"": 15, ""regularization"": 10.0, ""threshold"": 0.5}",0.1.0,2026-06-21T05:06:21+00:00
linked_circles,shapediscover,topology,bar_dominance_h1,43.6,1,800,3,0.631,15,"{""knn"": 15, ""label_mode"": ""components"", ""lite"": false, ""loss_weights"": [1, 10, 1, 10], ""n_cover"": 15, ""regularization"": 10.0, ""threshold"": 0.5}",0.1.0,2026-06-21T05:06:21+00:00
linked_circles,shapediscover,clustering,ari,0.7305711717670369,1,800,3,0.631,15,"{""knn"": 15, ""label_mode"": ""components"", ""lite"": false, ""loss_weights"": [1, 10, 1, 10], ""n_cover"": 15, ""regularization"": 10.0, ""threshold"": 0.5}",0.1.0,2026-06-21T05:06:21+00:00
linked_circles,shapediscover,clustering,ami,0.6973505471305214,1,800,3,0.631,15,"{""knn"": 15, ""label_mode"": ""components"", ""lite"": false, ""loss_weights"": [1, 10, 1, 10], ""n_cover"": 15, ""regularization"": 10.0, ""threshold"": 0.5}",0.1.0,2026-06-21T05:06:21+00:00
linked_circles,shapediscover,clustering,nmi,0.6980172535941617,1,800,3,0.631,15,"{""knn"": 15, ""label_mode"": ""components"", ""lite"": false, ""loss_weights"": [1, 10, 1, 10], ""n_cover"": 15, ""regularization"": 10.0, ""threshold"": 0.5}",0.1.0,2026-06-21T05:06:21+00:00
linked_circles,shapediscover,clustering,homogeneity,0.8661562609075525,1,800,3,0.631,15,"{""knn"": 15, ""label_mode"": ""components"", ""lite"": false, ""loss_weights"": [1, 10, 1, 10], ""n_cover"": 15, ""regularization"": 10.0, ""threshold"": 0.5}",0.1.0,2026-06-21T05:06:21+00:00
linked_circles,shapediscover,clustering,completeness,0.5845448906113788,1,800,3,0.631,15,"{""knn"": 15, ""label_mode"": ""components"", ""lite"": false, ""loss_weights"": [1, 10, 1, 10], ""n_cover"": 15, ""regularization"": 10.0, ""threshold"": 0.5}",0.1.0,2026-06-21T05:06:21+00:00
linked_circles,shapediscover,clustering,n_clusters_pred,4.0,1,800,3,0.631,15,"{""knn"": 15, ""label_mode"": ""components"", ""lite"": false, ""loss_weights"": [1, 10, 1, 10], ""n_cover"": 15, ""regularization"": 10.0, ""threshold"": 0.5}",0.1.0,2026-06-21T05:06:21+00:00
linked_circles,shapediscover,clustering,n_clusters_true,2.0,1,800,3,0.631,15,"{""knn"": 15, ""label_mode"": ""components"", ""lite"": false, ""loss_weights"": [1, 10, 1, 10], ""n_cover"": 15, ""regularization"": 10.0, ""threshold"": 0.5}",0.1.0,2026-06-21T05:06:21+00:00
linked_circles,shapediscover,cost,persistence_s,0.0009,1,800,3,0.631,15,"{""knn"": 15, ""label_mode"": ""components"", ""lite"": false, ""loss_weights"": [1, 10, 1, 10], ""n_cover"": 15, ""regularization"": 10.0, ""threshold"": 0.5}",0.1.0,2026-06-21T05:06:21+00:00
linked_circles,shapediscover,cost,complex_size,575.0,1,800,3,0.631,15,"{""knn"": 15, ""label_mode"": ""components"", ""lite"": false, ""loss_weights"": [1, 10, 1, 10], ""n_cover"": 15, ""regularization"": 10.0, ""threshold"": 0.5}",0.1.0,2026-06-21T05:06:21+00:00
linked_circles,shapediscover,cost,clustering_s,0.0007,1,800,3,0.631,15,"{""knn"": 15, ""label_mode"": ""components"", ""lite"": false, ""loss_weights"": [1, 10, 1, 10], ""n_cover"": 15, ""regularization"": 10.0, ""threshold"": 0.5}",0.1.0,2026-06-21T05:06:21+00:00
linked_circles,shapediscover,cost,fit_s,0.631,1,800,3,0.631,15,"{""knn"": 15, ""label_mode"": ""components"", ""lite"": false, ""loss_weights"": [1, 10, 1, 10], ""n_cover"": 15, ""regularization"": 10.0, ""threshold"": 0.5}",0.1.0,2026-06-21T05:06:21+00:00
rp2,shapediscover,topology,recovery_quotient,0.079,0,2000,4,2.8,15,"{""knn"": 15, ""label_mode"": ""components"", ""lite"": false, ""loss_weights"": [1, 10, 1, 10], ""n_cover"": 15, ""regularization"": 10.0, ""threshold"": 0.5}",0.1.0,2026-06-21T05:06:21+00:00
rp2,shapediscover,topology,complex_size,1940.0,0,2000,4,2.8,15,"{""knn"": 15, ""label_mode"": ""components"", ""lite"": false, ""loss_weights"": [1, 10, 1, 10], ""n_cover"": 15, ""regularization"": 10.0, ""threshold"": 0.5}",0.1.0,2026-06-21T05:06:21+00:00
rp2,shapediscover,topology,bar_dominance_min,1.522,0,2000,4,2.8,15,"{""knn"": 15, ""label_mode"": ""components"", ""lite"": false, ""loss_weights"": [1, 10, 1, 10], ""n_cover"": 15, ""regularization"": 10.0, ""threshold"": 0.5}",0.1.0,2026-06-21T05:06:21+00:00
rp2,shapediscover,topology,bar_dominance_h0,1000.0,0,2000,4,2.8,15,"{""knn"": 15, ""label_mode"": ""components"", ""lite"": false, ""loss_weights"": [1, 10, 1, 10], ""n_cover"": 15, ""regularization"": 10.0, ""threshold"": 0.5}",0.1.0,2026-06-21T05:06:21+00:00
rp2,shapediscover,topology,bar_dominance_h1,1.619,0,2000,4,2.8,15,"{""knn"": 15, ""label_mode"": ""components"", ""lite"": false, ""loss_weights"": [1, 10, 1, 10], ""n_cover"": 15, ""regularization"": 10.0, ""threshold"": 0.5}",0.1.0,2026-06-21T05:06:21+00:00
rp2,shapediscover,topology,bar_dominance_h2,1.522,0,2000,4,2.8,15,"{""knn"": 15, ""label_mode"": ""components"", ""lite"": false, ""loss_weights"": [1, 10, 1, 10], ""n_cover"": 15, ""regularization"": 10.0, ""threshold"": 0.5}",0.1.0,2026-06-21T05:06:21+00:00
rp2,shapediscover,cost,persistence_s,0.0027,0,2000,4,2.8,15,"{""knn"": 15, ""label_mode"": ""components"", ""lite"": false, ""loss_weights"": [1, 10, 1, 10], ""n_cover"": 15, ""regularization"": 10.0, ""threshold"": 0.5}",0.1.0,2026-06-21T05:06:21+00:00
rp2,shapediscover,cost,complex_size,1940.0,0,2000,4,2.8,15,"{""knn"": 15, ""label_mode"": ""components"", ""lite"": false, ""loss_weights"": [1, 10, 1, 10], ""n_cover"": 15, ""regularization"": 10.0, ""threshold"": 0.5}",0.1.0,2026-06-21T05:06:21+00:00
rp2,shapediscover,cost,fit_s,2.8,0,2000,4,2.8,15,"{""knn"": 15, ""label_mode"": ""components"", ""lite"": false, ""loss_weights"": [1, 10, 1, 10], ""n_cover"": 15, ""regularization"": 10.0, ""threshold"": 0.5}",0.1.0,2026-06-21T05:06:21+00:00
rp2,shapediscover,topology,recovery_quotient,0.189,1,2000,4,2.786,15,"{""knn"": 15, ""label_mode"": ""components"", ""lite"": false, ""loss_weights"": [1, 10, 1, 10], ""n_cover"": 15, ""regularization"": 10.0, ""threshold"": 0.5}",0.1.0,2026-06-21T05:06:21+00:00
rp2,shapediscover,topology,complex_size,1940.0,1,2000,4,2.786,15,"{""knn"": 15, ""label_mode"": ""components"", ""lite"": false, ""loss_weights"": [1, 10, 1, 10], ""n_cover"": 15, ""regularization"": 10.0, ""threshold"": 0.5}",0.1.0,2026-06-21T05:06:21+00:00
rp2,shapediscover,topology,bar_dominance_min,1.479,1,2000,4,2.786,15,"{""knn"": 15, ""label_mode"": ""components"", ""lite"": false, ""loss_weights"": [1, 10, 1, 10], ""n_cover"": 15, ""regularization"": 10.0, ""threshold"": 0.5}",0.1.0,2026-06-21T05:06:21+00:00
rp2,shapediscover,topology,bar_dominance_h0,1000.0,1,2000,4,2.786,15,"{""knn"": 15, ""label_mode"": ""components"", ""lite"": false, ""loss_weights"": [1, 10, 1, 10], ""n_cover"": 15, ""regularization"": 10.0, ""threshold"": 0.5}",0.1.0,2026-06-21T05:06:21+00:00
rp2,shapediscover,topology,bar_dominance_h1,1.888,1,2000,4,2.786,15,"{""knn"": 15, ""label_mode"": ""components"", ""lite"": false, ""loss_weights"": [1, 10, 1, 10], ""n_cover"": 15, ""regularization"": 10.0, ""threshold"": 0.5}",0.1.0,2026-06-21T05:06:21+00:00
rp2,shapediscover,topology,bar_dominance_h2,1.479,1,2000,4,2.786,15,"{""knn"": 15, ""label_mode"": ""components"", ""lite"": false, ""loss_weights"": [1, 10, 1, 10], ""n_cover"": 15, ""regularization"": 10.0, ""threshold"": 0.5}",0.1.0,2026-06-21T05:06:21+00:00
rp2,shapediscover,cost,persistence_s,0.0026,1,2000,4,2.786,15,"{""knn"": 15, ""label_mode"": ""components"", ""lite"": false, ""loss_weights"": [1, 10, 1, 10], ""n_cover"": 15, ""regularization"": 10.0, ""threshold"": 0.5}",0.1.0,2026-06-21T05:06:21+00:00
rp2,shapediscover,cost,complex_size,1940.0,1,2000,4,2.786,15,"{""knn"": 15, ""label_mode"": ""components"", ""lite"": false, ""loss_weights"": [1, 10, 1, 10], ""n_cover"": 15, ""regularization"": 10.0, ""threshold"": 0.5}",0.1.0,2026-06-21T05:06:21+00:00
rp2,shapediscover,cost,fit_s,2.786,1,2000,4,2.786,15,"{""knn"": 15, ""label_mode"": ""components"", ""lite"": false, ""loss_weights"": [1, 10, 1, 10], ""n_cover"": 15, ""regularization"": 10.0, ""threshold"": 0.5}",0.1.0,2026-06-21T05:06:21+00:00
klein_bottle,shapediscover,topology,recovery_quotient,0.0,0,3000,4,1.343,15,"{""knn"": 15, ""label_mode"": ""components"", ""lite"": false, ""loss_weights"": [1, 10, 1, 10], ""n_cover"": 15, ""regularization"": 10.0, ""threshold"": 0.5}",0.1.0,2026-06-21T05:06:21+00:00
klein_bottle,shapediscover,topology,complex_size,1940.0,0,3000,4,1.343,15,"{""knn"": 15, ""label_mode"": ""components"", ""lite"": false, ""loss_weights"": [1, 10, 1, 10], ""n_cover"": 15, ""regularization"": 10.0, ""threshold"": 0.5}",0.1.0,2026-06-21T05:06:21+00:00
klein_bottle,shapediscover,topology,bar_dominance_min,1.022,0,3000,4,1.343,15,"{""knn"": 15, ""label_mode"": ""components"", ""lite"": false, ""loss_weights"": [1, 10, 1, 10], ""n_cover"": 15, ""regularization"": 10.0, ""threshold"": 0.5}",0.1.0,2026-06-21T05:06:21+00:00
klein_bottle,shapediscover,topology,bar_dominance_h0,1000.0,0,3000,4,1.343,15,"{""knn"": 15, ""label_mode"": ""components"", ""lite"": false, ""loss_weights"": [1, 10, 1, 10], ""n_cover"": 15, ""regularization"": 10.0, ""threshold"": 0.5}",0.1.0,2026-06-21T05:06:21+00:00
klein_bottle,shapediscover,topology,bar_dominance_h1,1.142,0,3000,4,1.343,15,"{""knn"": 15, ""label_mode"": ""components"", ""lite"": false, ""loss_weights"": [1, 10, 1, 10], ""n_cover"": 15, ""regularization"": 10.0, ""threshold"": 0.5}",0.1.0,2026-06-21T05:06:21+00:00
klein_bottle,shapediscover,topology,bar_dominance_h2,1.022,0,3000,4,1.343,15,"{""knn"": 15, ""label_mode"": ""components"", ""lite"": false, ""loss_weights"": [1, 10, 1, 10], ""n_cover"": 15, ""regularization"": 10.0, ""threshold"": 0.5}",0.1.0,2026-06-21T05:06:21+00:00
klein_bottle,shapediscover,cost,persistence_s,0.0032,0,3000,4,1.343,15,"{""knn"": 15, ""label_mode"": ""components"", ""lite"": false, ""loss_weights"": [1, 10, 1, 10], ""n_cover"": 15, ""regularization"": 10.0, ""threshold"": 0.5}",0.1.0,2026-06-21T05:06:21+00:00
klein_bottle,shapediscover,cost,complex_size,1940.0,0,3000,4,1.343,15,"{""knn"": 15, ""label_mode"": ""components"", ""lite"": false, ""loss_weights"": [1, 10, 1, 10], ""n_cover"": 15, ""regularization"": 10.0, ""threshold"": 0.5}",0.1.0,2026-06-21T05:06:21+00:00
klein_bottle,shapediscover,cost,fit_s,1.343,0,3000,4,1.343,15,"{""knn"": 15, ""label_mode"": ""components"", ""lite"": false, ""loss_weights"": [1, 10, 1, 10], ""n_cover"": 15, ""regularization"": 10.0, ""threshold"": 0.5}",0.1.0,2026-06-21T05:06:21+00:00
klein_bottle,shapediscover,topology,recovery_quotient,0.0,1,3000,4,3.281,15,"{""knn"": 15, ""label_mode"": ""components"", ""lite"": false, ""loss_weights"": [1, 10, 1, 10], ""n_cover"": 15, ""regularization"": 10.0, ""threshold"": 0.5}",0.1.0,2026-06-21T05:06:21+00:00
klein_bottle,shapediscover,topology,complex_size,1940.0,1,3000,4,3.281,15,"{""knn"": 15, ""label_mode"": ""components"", ""lite"": false, ""loss_weights"": [1, 10, 1, 10], ""n_cover"": 15, ""regularization"": 10.0, ""threshold"": 0.5}",0.1.0,2026-06-21T05:06:21+00:00
klein_bottle,shapediscover,topology,bar_dominance_min,1.267,1,3000,4,3.281,15,"{""knn"": 15, ""label_mode"": ""components"", ""lite"": false, ""loss_weights"": [1, 10, 1, 10], ""n_cover"": 15, ""regularization"": 10.0, ""threshold"": 0.5}",0.1.0,2026-06-21T05:06:21+00:00
klein_bottle,shapediscover,topology,bar_dominance_h0,1000.0,1,3000,4,3.281,15,"{""knn"": 15, ""label_mode"": ""components"", ""lite"": false, ""loss_weights"": [1, 10, 1, 10], ""n_cover"": 15, ""regularization"": 10.0, ""threshold"": 0.5}",0.1.0,2026-06-21T05:06:21+00:00
klein_bottle,shapediscover,topology,bar_dominance_h1,1.394,1,3000,4,3.281,15,"{""knn"": 15, ""label_mode"": ""components"", ""lite"": false, ""loss_weights"": [1, 10, 1, 10], ""n_cover"": 15, ""regularization"": 10.0, ""threshold"": 0.5}",0.1.0,2026-06-21T05:06:21+00:00
klein_bottle,shapediscover,topology,bar_dominance_h2,1.267,1,3000,4,3.281,15,"{""knn"": 15, ""label_mode"": ""components"", ""lite"": false, ""loss_weights"": [1, 10, 1, 10], ""n_cover"": 15, ""regularization"": 10.0, ""threshold"": 0.5}",0.1.0,2026-06-21T05:06:21+00:00
klein_bottle,shapediscover,cost,persistence_s,0.0035,1,3000,4,3.281,15,"{""knn"": 15, ""label_mode"": ""components"", ""lite"": false, ""loss_weights"": [1, 10, 1, 10], ""n_cover"": 15, ""regularization"": 10.0, ""threshold"": 0.5}",0.1.0,2026-06-21T05:06:21+00:00
klein_bottle,shapediscover,cost,complex_size,1940.0,1,3000,4,3.281,15,"{""knn"": 15, ""label_mode"": ""components"", ""lite"": false, ""loss_weights"": [1, 10, 1, 10], ""n_cover"": 15, ""regularization"": 10.0, ""threshold"": 0.5}",0.1.0,2026-06-21T05:06:21+00:00
klein_bottle,shapediscover,cost,fit_s,3.281,1,3000,4,3.281,15,"{""knn"": 15, ""label_mode"": ""components"", ""lite"": false, ""loss_weights"": [1, 10, 1, 10], ""n_cover"": 15, ""regularization"": 10.0, ""threshold"": 0.5}",0.1.0,2026-06-21T05:06:21+00:00
noise,shapediscover,topology,recovery_quotient,1.0,0,1000,10,0.667,1,"{""knn"": 15, ""label_mode"": ""components"", ""lite"": false, ""loss_weights"": [1, 10, 1, 10], ""n_cover"": 15, ""regularization"": 10.0, ""threshold"": 0.5}",0.1.0,2026-06-21T05:06:21+00:00
noise,shapediscover,topology,complex_size,1940.0,0,1000,10,0.667,1,"{""knn"": 15, ""label_mode"": ""components"", ""lite"": false, ""loss_weights"": [1, 10, 1, 10], ""n_cover"": 15, ""regularization"": 10.0, ""threshold"": 0.5}",0.1.0,2026-06-21T05:06:21+00:00
noise,shapediscover,topology,bar_dominance_min,1000.0,0,1000,10,0.667,1,"{""knn"": 15, ""label_mode"": ""components"", ""lite"": false, ""loss_weights"": [1, 10, 1, 10], ""n_cover"": 15, ""regularization"": 10.0, ""threshold"": 0.5}",0.1.0,2026-06-21T05:06:21+00:00
noise,shapediscover,topology,bar_dominance_h0,1000.0,0,1000,10,0.667,1,"{""knn"": 15, ""label_mode"": ""components"", ""lite"": false, ""loss_weights"": [1, 10, 1, 10], ""n_cover"": 15, ""regularization"": 10.0, ""threshold"": 0.5}",0.1.0,2026-06-21T05:06:21+00:00
noise,shapediscover,topology,bar_dominance_h1,1000.0,0,1000,10,0.667,1,"{""knn"": 15, ""label_mode"": ""components"", ""lite"": false, ""loss_weights"": [1, 10, 1, 10], ""n_cover"": 15, ""regularization"": 10.0, ""threshold"": 0.5}",0.1.0,2026-06-21T05:06:21+00:00
noise,shapediscover,topology,bar_dominance_h2,1000.0,0,1000,10,0.667,1,"{""knn"": 15, ""label_mode"": ""components"", ""lite"": false, ""loss_weights"": [1, 10, 1, 10], ""n_cover"": 15, ""regularization"": 10.0, ""threshold"": 0.5}",0.1.0,2026-06-21T05:06:21+00:00
noise,shapediscover,cost,persistence_s,0.002,0,1000,10,0.667,1,"{""knn"": 15, ""label_mode"": ""components"", ""lite"": false, ""loss_weights"": [1, 10, 1, 10], ""n_cover"": 15, ""regularization"": 10.0, ""threshold"": 0.5}",0.1.0,2026-06-21T05:06:21+00:00
noise,shapediscover,cost,complex_size,1940.0,0,1000,10,0.667,1,"{""knn"": 15, ""label_mode"": ""components"", ""lite"": false, ""loss_weights"": [1, 10, 1, 10], ""n_cover"": 15, ""regularization"": 10.0, ""threshold"": 0.5}",0.1.0,2026-06-21T05:06:21+00:00
noise,shapediscover,cost,fit_s,0.667,0,1000,10,0.667,1,"{""knn"": 15, ""label_mode"": ""components"", ""lite"": false, ""loss_weights"": [1, 10, 1, 10], ""n_cover"": 15, ""regularization"": 10.0, ""threshold"": 0.5}",0.1.0,2026-06-21T05:06:21+00:00
noise,shapediscover,topology,recovery_quotient,1.0,1,1000,10,0.669,1,"{""knn"": 15, ""label_mode"": ""components"", ""lite"": false, ""loss_weights"": [1, 10, 1, 10], ""n_cover"": 15, ""regularization"": 10.0, ""threshold"": 0.5}",0.1.0,2026-06-21T05:06:21+00:00
noise,shapediscover,topology,complex_size,1940.0,1,1000,10,0.669,1,"{""knn"": 15, ""label_mode"": ""components"", ""lite"": false, ""loss_weights"": [1, 10, 1, 10], ""n_cover"": 15, ""regularization"": 10.0, ""threshold"": 0.5}",0.1.0,2026-06-21T05:06:21+00:00
noise,shapediscover,topology,bar_dominance_min,1000.0,1,1000,10,0.669,1,"{""knn"": 15, ""label_mode"": ""components"", ""lite"": false, ""loss_weights"": [1, 10, 1, 10], ""n_cover"": 15, ""regularization"": 10.0, ""threshold"": 0.5}",0.1.0,2026-06-21T05:06:21+00:00
noise,shapediscover,topology,bar_dominance_h0,1000.0,1,1000,10,0.669,1,"{""knn"": 15, ""label_mode"": ""components"", ""lite"": false, ""loss_weights"": [1, 10, 1, 10], ""n_cover"": 15, ""regularization"": 10.0, ""threshold"": 0.5}",0.1.0,2026-06-21T05:06:21+00:00
noise,shapediscover,topology,bar_dominance_h1,1000.0,1,1000,10,0.669,1,"{""knn"": 15, ""label_mode"": ""components"", ""lite"": false, ""loss_weights"": [1, 10, 1, 10], ""n_cover"": 15, ""regularization"": 10.0, ""threshold"": 0.5}",0.1.0,2026-06-21T05:06:21+00:00
noise,shapediscover,topology,bar_dominance_h2,1000.0,1,1000,10,0.669,1,"{""knn"": 15, ""label_mode"": ""components"", ""lite"": false, ""loss_weights"": [1, 10, 1, 10], ""n_cover"": 15, ""regularization"": 10.0, ""threshold"": 0.5}",0.1.0,2026-06-21T05:06:21+00:00
noise,shapediscover,cost,persistence_s,0.002,1,1000,10,0.669,1,"{""knn"": 15, ""label_mode"": ""components"", ""lite"": false, ""loss_weights"": [1, 10, 1, 10], ""n_cover"": 15, ""regularization"": 10.0, ""threshold"": 0.5}",0.1.0,2026-06-21T05:06:21+00:00
noise,shapediscover,cost,complex_size,1940.0,1,1000,10,0.669,1,"{""knn"": 15, ""label_mode"": ""components"", ""lite"": false, ""loss_weights"": [1, 10, 1, 10], ""n_cover"": 15, ""regularization"": 10.0, ""threshold"": 0.5}",0.1.0,2026-06-21T05:06:21+00:00
noise,shapediscover,cost,fit_s,0.669,1,1000,10,0.669,1,"{""knn"": 15, ""label_mode"": ""components"", ""lite"": false, ""loss_weights"": [1, 10, 1, 10], ""n_cover"": 15, ""regularization"": 10.0, ""threshold"": 0.5}",0.1.0,2026-06-21T05:06:21+00:00
swiss_roll,shapediscover,embedding,trustworthiness,0.982033972767622,0,1500,3,2.222,13,"{""knn"": 15, ""label_mode"": ""components"", ""lite"": false, ""loss_weights"": [1, 10, 1, 10], ""n_cover"": 15, ""regularization"": 10.0, ""threshold"": 0.5}",0.1.0,2026-06-21T05:06:21+00:00
swiss_roll,shapediscover,embedding,continuity,0.9928475137290304,0,1500,3,2.222,13,"{""knn"": 15, ""label_mode"": ""components"", ""lite"": false, ""loss_weights"": [1, 10, 1, 10], ""n_cover"": 15, ""regularization"": 10.0, ""threshold"": 0.5}",0.1.0,2026-06-21T05:06:21+00:00
swiss_roll,shapediscover,embedding,knn_recall,0.5730222222222222,0,1500,3,2.222,13,"{""knn"": 15, ""label_mode"": ""components"", ""lite"": false, ""loss_weights"": [1, 10, 1, 10], ""n_cover"": 15, ""regularization"": 10.0, ""threshold"": 0.5}",0.1.0,2026-06-21T05:06:21+00:00
swiss_roll,shapediscover,embedding,global_corr,0.3057583847545683,0,1500,3,2.222,13,"{""knn"": 15, ""label_mode"": ""components"", ""lite"": false, ""loss_weights"": [1, 10, 1, 10], ""n_cover"": 15, ""regularization"": 10.0, ""threshold"": 0.5}",0.1.0,2026-06-21T05:06:21+00:00
swiss_roll,shapediscover,cost,embedding_s,0.0028,0,1500,3,2.222,13,"{""knn"": 15, ""label_mode"": ""components"", ""lite"": false, ""loss_weights"": [1, 10, 1, 10], ""n_cover"": 15, ""regularization"": 10.0, ""threshold"": 0.5}",0.1.0,2026-06-21T05:06:21+00:00
swiss_roll,shapediscover,cost,fit_s,2.222,0,1500,3,2.222,13,"{""knn"": 15, ""label_mode"": ""components"", ""lite"": false, ""loss_weights"": [1, 10, 1, 10], ""n_cover"": 15, ""regularization"": 10.0, ""threshold"": 0.5}",0.1.0,2026-06-21T05:06:21+00:00
swiss_roll,shapediscover,embedding,trustworthiness,0.9807925374257128,1,1500,3,2.368,12,"{""knn"": 15, ""label_mode"": ""components"", ""lite"": false, ""loss_weights"": [1, 10, 1, 10], ""n_cover"": 15, ""regularization"": 10.0, ""threshold"": 0.5}",0.1.0,2026-06-21T05:06:21+00:00
swiss_roll,shapediscover,embedding,continuity,0.9927987662679606,1,1500,3,2.368,12,"{""knn"": 15, ""label_mode"": ""components"", ""lite"": false, ""loss_weights"": [1, 10, 1, 10], ""n_cover"": 15, ""regularization"": 10.0, ""threshold"": 0.5}",0.1.0,2026-06-21T05:06:21+00:00
swiss_roll,shapediscover,embedding,knn_recall,0.5729333333333333,1,1500,3,2.368,12,"{""knn"": 15, ""label_mode"": ""components"", ""lite"": false, ""loss_weights"": [1, 10, 1, 10], ""n_cover"": 15, ""regularization"": 10.0, ""threshold"": 0.5}",0.1.0,2026-06-21T05:06:21+00:00
swiss_roll,shapediscover,embedding,global_corr,0.3149042027481065,1,1500,3,2.368,12,"{""knn"": 15, ""label_mode"": ""components"", ""lite"": false, ""loss_weights"": [1, 10, 1, 10], ""n_cover"": 15, ""regularization"": 10.0, ""threshold"": 0.5}",0.1.0,2026-06-21T05:06:21+00:00
swiss_roll,shapediscover,cost,embedding_s,0.0027,1,1500,3,2.368,12,"{""knn"": 15, ""label_mode"": ""components"", ""lite"": false, ""loss_weights"": [1, 10, 1, 10], ""n_cover"": 15, ""regularization"": 10.0, ""threshold"": 0.5}",0.1.0,2026-06-21T05:06:21+00:00
swiss_roll,shapediscover,cost,fit_s,2.368,1,1500,3,2.368,12,"{""knn"": 15, ""label_mode"": ""components"", ""lite"": false, ""loss_weights"": [1, 10, 1, 10], ""n_cover"": 15, ""regularization"": 10.0, ""threshold"": 0.5}",0.1.0,2026-06-21T05:06:21+00:00
s_curve,shapediscover,embedding,trustworthiness,0.9938615812833822,0,1500,3,2.217,15,"{""knn"": 15, ""label_mode"": ""components"", ""lite"": false, ""loss_weights"": [1, 10, 1, 10], ""n_cover"": 15, ""regularization"": 10.0, ""threshold"": 0.5}",0.1.0,2026-06-21T05:06:21+00:00
s_curve,shapediscover,embedding,continuity,0.9952327390355826,0,1500,3,2.217,15,"{""knn"": 15, ""label_mode"": ""components"", ""lite"": false, ""loss_weights"": [1, 10, 1, 10], ""n_cover"": 15, ""regularization"": 10.0, ""threshold"": 0.5}",0.1.0,2026-06-21T05:06:21+00:00
s_curve,shapediscover,embedding,knn_recall,0.6657333333333334,0,1500,3,2.217,15,"{""knn"": 15, ""label_mode"": ""components"", ""lite"": false, ""loss_weights"": [1, 10, 1, 10], ""n_cover"": 15, ""regularization"": 10.0, ""threshold"": 0.5}",0.1.0,2026-06-21T05:06:21+00:00
s_curve,shapediscover,embedding,global_corr,0.8850406072954939,0,1500,3,2.217,15,"{""knn"": 15, ""label_mode"": ""components"", ""lite"": false, ""loss_weights"": [1, 10, 1, 10], ""n_cover"": 15, ""regularization"": 10.0, ""threshold"": 0.5}",0.1.0,2026-06-21T05:06:21+00:00
s_curve,shapediscover,cost,embedding_s,0.0031,0,1500,3,2.217,15,"{""knn"": 15, ""label_mode"": ""components"", ""lite"": false, ""loss_weights"": [1, 10, 1, 10], ""n_cover"": 15, ""regularization"": 10.0, ""threshold"": 0.5}",0.1.0,2026-06-21T05:06:21+00:00
s_curve,shapediscover,cost,fit_s,2.217,0,1500,3,2.217,15,"{""knn"": 15, ""label_mode"": ""components"", ""lite"": false, ""loss_weights"": [1, 10, 1, 10], ""n_cover"": 15, ""regularization"": 10.0, ""threshold"": 0.5}",0.1.0,2026-06-21T05:06:21+00:00
s_curve,shapediscover,embedding,trustworthiness,0.9922938388625593,1,1500,3,2.213,15,"{""knn"": 15, ""label_mode"": ""components"", ""lite"": false, ""loss_weights"": [1, 10, 1, 10], ""n_cover"": 15, ""regularization"": 10.0, ""threshold"": 0.5}",0.1.0,2026-06-21T05:06:21+00:00
s_curve,shapediscover,embedding,continuity,0.9941104340630407,1,1500,3,2.213,15,"{""knn"": 15, ""label_mode"": ""components"", ""lite"": false, ""loss_weights"": [1, 10, 1, 10], ""n_cover"": 15, ""regularization"": 10.0, ""threshold"": 0.5}",0.1.0,2026-06-21T05:06:21+00:00
s_curve,shapediscover,embedding,knn_recall,0.6401333333333333,1,1500,3,2.213,15,"{""knn"": 15, ""label_mode"": ""components"", ""lite"": false, ""loss_weights"": [1, 10, 1, 10], ""n_cover"": 15, ""regularization"": 10.0, ""threshold"": 0.5}",0.1.0,2026-06-21T05:06:21+00:00
s_curve,shapediscover,embedding,global_corr,0.8662997077702017,1,1500,3,2.213,15,"{""knn"": 15, ""label_mode"": ""components"", ""lite"": false, ""loss_weights"": [1, 10, 1, 10], ""n_cover"": 15, ""regularization"": 10.0, ""threshold"": 0.5}",0.1.0,2026-06-21T05:06:21+00:00
s_curve,shapediscover,cost,embedding_s,0.0032,1,1500,3,2.213,15,"{""knn"": 15, ""label_mode"": ""components"", ""lite"": false, ""loss_weights"": [1, 10, 1, 10], ""n_cover"": 15, ""regularization"": 10.0, ""threshold"": 0.5}",0.1.0,2026-06-21T05:06:21+00:00
s_curve,shapediscover,cost,fit_s,2.213,1,1500,3,2.213,15,"{""knn"": 15, ""label_mode"": ""components"", ""lite"": false, ""loss_weights"": [1, 10, 1, 10], ""n_cover"": 15, ""regularization"": 10.0, ""threshold"": 0.5}",0.1.0,2026-06-21T05:06:21+00:00
blobs,shapediscover,clustering,ari,1.0,0,900,10,1.446,5,"{""knn"": 15, ""label_mode"": ""components"", ""lite"": false, ""loss_weights"": [1, 10, 1, 10], ""n_cover"": 15, ""regularization"": 10.0, ""threshold"": 0.5}",0.1.0,2026-06-21T05:06:21+00:00
blobs,shapediscover,clustering,ami,1.0,0,900,10,1.446,5,"{""knn"": 15, ""label_mode"": ""components"", ""lite"": false, ""loss_weights"": [1, 10, 1, 10], ""n_cover"": 15, ""regularization"": 10.0, ""threshold"": 0.5}",0.1.0,2026-06-21T05:06:21+00:00
blobs,shapediscover,clustering,nmi,1.0,0,900,10,1.446,5,"{""knn"": 15, ""label_mode"": ""components"", ""lite"": false, ""loss_weights"": [1, 10, 1, 10], ""n_cover"": 15, ""regularization"": 10.0, ""threshold"": 0.5}",0.1.0,2026-06-21T05:06:21+00:00
blobs,shapediscover,clustering,homogeneity,1.0,0,900,10,1.446,5,"{""knn"": 15, ""label_mode"": ""components"", ""lite"": false, ""loss_weights"": [1, 10, 1, 10], ""n_cover"": 15, ""regularization"": 10.0, ""threshold"": 0.5}",0.1.0,2026-06-21T05:06:21+00:00
blobs,shapediscover,clustering,completeness,1.0,0,900,10,1.446,5,"{""knn"": 15, ""label_mode"": ""components"", ""lite"": false, ""loss_weights"": [1, 10, 1, 10], ""n_cover"": 15, ""regularization"": 10.0, ""threshold"": 0.5}",0.1.0,2026-06-21T05:06:21+00:00
blobs,shapediscover,clustering,n_clusters_pred,5.0,0,900,10,1.446,5,"{""knn"": 15, ""label_mode"": ""components"", ""lite"": false, ""loss_weights"": [1, 10, 1, 10], ""n_cover"": 15, ""regularization"": 10.0, ""threshold"": 0.5}",0.1.0,2026-06-21T05:06:21+00:00
blobs,shapediscover,clustering,n_clusters_true,5.0,0,900,10,1.446,5,"{""knn"": 15, ""label_mode"": ""components"", ""lite"": false, ""loss_weights"": [1, 10, 1, 10], ""n_cover"": 15, ""regularization"": 10.0, ""threshold"": 0.5}",0.1.0,2026-06-21T05:06:21+00:00
blobs,shapediscover,embedding,trustworthiness,0.7499439165505299,0,900,10,1.446,5,"{""knn"": 15, ""label_mode"": ""components"", ""lite"": false, ""loss_weights"": [1, 10, 1, 10], ""n_cover"": 15, ""regularization"": 10.0, ""threshold"": 0.5}",0.1.0,2026-06-21T05:06:21+00:00
blobs,shapediscover,embedding,continuity,0.83111296929769,0,900,10,1.446,5,"{""knn"": 15, ""label_mode"": ""components"", ""lite"": false, ""loss_weights"": [1, 10, 1, 10], ""n_cover"": 15, ""regularization"": 10.0, ""threshold"": 0.5}",0.1.0,2026-06-21T05:06:21+00:00
blobs,shapediscover,embedding,knn_recall,0.0877037037037037,0,900,10,1.446,5,"{""knn"": 15, ""label_mode"": ""components"", ""lite"": false, ""loss_weights"": [1, 10, 1, 10], ""n_cover"": 15, ""regularization"": 10.0, ""threshold"": 0.5}",0.1.0,2026-06-21T05:06:21+00:00
blobs,shapediscover,embedding,global_corr,0.5381360828864997,0,900,10,1.446,5,"{""knn"": 15, ""label_mode"": ""components"", ""lite"": false, ""loss_weights"": [1, 10, 1, 10], ""n_cover"": 15, ""regularization"": 10.0, ""threshold"": 0.5}",0.1.0,2026-06-21T05:06:21+00:00
blobs,shapediscover,cost,clustering_s,0.0003,0,900,10,1.446,5,"{""knn"": 15, ""label_mode"": ""components"", ""lite"": false, ""loss_weights"": [1, 10, 1, 10], ""n_cover"": 15, ""regularization"": 10.0, ""threshold"": 0.5}",0.1.0,2026-06-21T05:06:21+00:00
blobs,shapediscover,cost,embedding_s,0.0019,0,900,10,1.446,5,"{""knn"": 15, ""label_mode"": ""components"", ""lite"": false, ""loss_weights"": [1, 10, 1, 10], ""n_cover"": 15, ""regularization"": 10.0, ""threshold"": 0.5}",0.1.0,2026-06-21T05:06:21+00:00
blobs,shapediscover,cost,fit_s,1.446,0,900,10,1.446,5,"{""knn"": 15, ""label_mode"": ""components"", ""lite"": false, ""loss_weights"": [1, 10, 1, 10], ""n_cover"": 15, ""regularization"": 10.0, ""threshold"": 0.5}",0.1.0,2026-06-21T05:06:21+00:00
blobs,shapediscover,clustering,ari,1.0,1,900,10,1.367,5,"{""knn"": 15, ""label_mode"": ""components"", ""lite"": false, ""loss_weights"": [1, 10, 1, 10], ""n_cover"": 15, ""regularization"": 10.0, ""threshold"": 0.5}",0.1.0,2026-06-21T05:06:21+00:00
blobs,shapediscover,clustering,ami,1.0,1,900,10,1.367,5,"{""knn"": 15, ""label_mode"": ""components"", ""lite"": false, ""loss_weights"": [1, 10, 1, 10], ""n_cover"": 15, ""regularization"": 10.0, ""threshold"": 0.5}",0.1.0,2026-06-21T05:06:21+00:00
blobs,shapediscover,clustering,nmi,1.0,1,900,10,1.367,5,"{""knn"": 15, ""label_mode"": ""components"", ""lite"": false, ""loss_weights"": [1, 10, 1, 10], ""n_cover"": 15, ""regularization"": 10.0, ""threshold"": 0.5}",0.1.0,2026-06-21T05:06:21+00:00
blobs,shapediscover,clustering,homogeneity,1.0,1,900,10,1.367,5,"{""knn"": 15, ""label_mode"": ""components"", ""lite"": false, ""loss_weights"": [1, 10, 1, 10], ""n_cover"": 15, ""regularization"": 10.0, ""threshold"": 0.5}",0.1.0,2026-06-21T05:06:21+00:00
blobs,shapediscover,clustering,completeness,1.0,1,900,10,1.367,5,"{""knn"": 15, ""label_mode"": ""components"", ""lite"": false, ""loss_weights"": [1, 10, 1, 10], ""n_cover"": 15, ""regularization"": 10.0, ""threshold"": 0.5}",0.1.0,2026-06-21T05:06:21+00:00
blobs,shapediscover,clustering,n_clusters_pred,5.0,1,900,10,1.367,5,"{""knn"": 15, ""label_mode"": ""components"", ""lite"": false, ""loss_weights"": [1, 10, 1, 10], ""n_cover"": 15, ""regularization"": 10.0, ""threshold"": 0.5}",0.1.0,2026-06-21T05:06:21+00:00
blobs,shapediscover,clustering,n_clusters_true,5.0,1,900,10,1.367,5,"{""knn"": 15, ""label_mode"": ""components"", ""lite"": false, ""loss_weights"": [1, 10, 1, 10], ""n_cover"": 15, ""regularization"": 10.0, ""threshold"": 0.5}",0.1.0,2026-06-21T05:06:21+00:00
blobs,shapediscover,embedding,trustworthiness,0.7026670889817983,1,900,10,1.367,5,"{""knn"": 15, ""label_mode"": ""components"", ""lite"": false, ""loss_weights"": [1, 10, 1, 10], ""n_cover"": 15, ""regularization"": 10.0, ""threshold"": 0.5}",0.1.0,2026-06-21T05:06:21+00:00
blobs,shapediscover,embedding,continuity,0.8255493052916086,1,900,10,1.367,5,"{""knn"": 15, ""label_mode"": ""components"", ""lite"": false, ""loss_weights"": [1, 10, 1, 10], ""n_cover"": 15, ""regularization"": 10.0, ""threshold"": 0.5}",0.1.0,2026-06-21T05:06:21+00:00
blobs,shapediscover,embedding,knn_recall,0.08977777777777778,1,900,10,1.367,5,"{""knn"": 15, ""label_mode"": ""components"", ""lite"": false, ""loss_weights"": [1, 10, 1, 10], ""n_cover"": 15, ""regularization"": 10.0, ""threshold"": 0.5}",0.1.0,2026-06-21T05:06:21+00:00
blobs,shapediscover,embedding,global_corr,0.26850779655769247,1,900,10,1.367,5,"{""knn"": 15, ""label_mode"": ""components"", ""lite"": false, ""loss_weights"": [1, 10, 1, 10], ""n_cover"": 15, ""regularization"": 10.0, ""threshold"": 0.5}",0.1.0,2026-06-21T05:06:21+00:00
blobs,shapediscover,cost,clustering_s,0.0003,1,900,10,1.367,5,"{""knn"": 15, ""label_mode"": ""components"", ""lite"": false, ""loss_weights"": [1, 10, 1, 10], ""n_cover"": 15, ""regularization"": 10.0, ""threshold"": 0.5}",0.1.0,2026-06-21T05:06:21+00:00
blobs,shapediscover,cost,embedding_s,0.0019,1,900,10,1.367,5,"{""knn"": 15, ""label_mode"": ""components"", ""lite"": false, ""loss_weights"": [1, 10, 1, 10], ""n_cover"": 15, ""regularization"": 10.0, ""threshold"": 0.5}",0.1.0,2026-06-21T05:06:21+00:00
blobs,shapediscover,cost,fit_s,1.367,1,900,10,1.367,5,"{""knn"": 15, ""label_mode"": ""components"", ""lite"": false, ""loss_weights"": [1, 10, 1, 10], ""n_cover"": 15, ""regularization"": 10.0, ""threshold"": 0.5}",0.1.0,2026-06-21T05:06:21+00:00
moons,shapediscover,clustering,ari,1.0,0,800,2,1.359,12,"{""knn"": 15, ""label_mode"": ""components"", ""lite"": false, ""loss_weights"": [1, 10, 1, 10], ""n_cover"": 15, ""regularization"": 10.0, ""threshold"": 0.5}",0.1.0,2026-06-21T05:06:21+00:00
moons,shapediscover,clustering,ami,1.0,0,800,2,1.359,12,"{""knn"": 15, ""label_mode"": ""components"", ""lite"": false, ""loss_weights"": [1, 10, 1, 10], ""n_cover"": 15, ""regularization"": 10.0, ""threshold"": 0.5}",0.1.0,2026-06-21T05:06:21+00:00
moons,shapediscover,clustering,nmi,1.0,0,800,2,1.359,12,"{""knn"": 15, ""label_mode"": ""components"", ""lite"": false, ""loss_weights"": [1, 10, 1, 10], ""n_cover"": 15, ""regularization"": 10.0, ""threshold"": 0.5}",0.1.0,2026-06-21T05:06:21+00:00
moons,shapediscover,clustering,homogeneity,1.0,0,800,2,1.359,12,"{""knn"": 15, ""label_mode"": ""components"", ""lite"": false, ""loss_weights"": [1, 10, 1, 10], ""n_cover"": 15, ""regularization"": 10.0, ""threshold"": 0.5}",0.1.0,2026-06-21T05:06:21+00:00
moons,shapediscover,clustering,completeness,1.0,0,800,2,1.359,12,"{""knn"": 15, ""label_mode"": ""components"", ""lite"": false, ""loss_weights"": [1, 10, 1, 10], ""n_cover"": 15, ""regularization"": 10.0, ""threshold"": 0.5}",0.1.0,2026-06-21T05:06:21+00:00
moons,shapediscover,clustering,n_clusters_pred,2.0,0,800,2,1.359,12,"{""knn"": 15, ""label_mode"": ""components"", ""lite"": false, ""loss_weights"": [1, 10, 1, 10], ""n_cover"": 15, ""regularization"": 10.0, ""threshold"": 0.5}",0.1.0,2026-06-21T05:06:21+00:00
moons,shapediscover,clustering,n_clusters_true,2.0,0,800,2,1.359,12,"{""knn"": 15, ""label_mode"": ""components"", ""lite"": false, ""loss_weights"": [1, 10, 1, 10], ""n_cover"": 15, ""regularization"": 10.0, ""threshold"": 0.5}",0.1.0,2026-06-21T05:06:21+00:00
moons,shapediscover,embedding,trustworthiness,0.9940796868296868,0,800,2,1.359,12,"{""knn"": 15, ""label_mode"": ""components"", ""lite"": false, ""loss_weights"": [1, 10, 1, 10], ""n_cover"": 15, ""regularization"": 10.0, ""threshold"": 0.5}",0.1.0,2026-06-21T05:06:21+00:00
moons,shapediscover,embedding,continuity,0.9958702273702273,0,800,2,1.359,12,"{""knn"": 15, ""label_mode"": ""components"", ""lite"": false, ""loss_weights"": [1, 10, 1, 10], ""n_cover"": 15, ""regularization"": 10.0, ""threshold"": 0.5}",0.1.0,2026-06-21T05:06:21+00:00
moons,shapediscover,embedding,knn_recall,0.6689166666666666,0,800,2,1.359,12,"{""knn"": 15, ""label_mode"": ""components"", ""lite"": false, ""loss_weights"": [1, 10, 1, 10], ""n_cover"": 15, ""regularization"": 10.0, ""threshold"": 0.5}",0.1.0,2026-06-21T05:06:21+00:00
moons,shapediscover,embedding,global_corr,0.6843599535112201,0,800,2,1.359,12,"{""knn"": 15, ""label_mode"": ""components"", ""lite"": false, ""loss_weights"": [1, 10, 1, 10], ""n_cover"": 15, ""regularization"": 10.0, ""threshold"": 0.5}",0.1.0,2026-06-21T05:06:21+00:00
moons,shapediscover,cost,clustering_s,0.0005,0,800,2,1.359,12,"{""knn"": 15, ""label_mode"": ""components"", ""lite"": false, ""loss_weights"": [1, 10, 1, 10], ""n_cover"": 15, ""regularization"": 10.0, ""threshold"": 0.5}",0.1.0,2026-06-21T05:06:21+00:00
moons,shapediscover,cost,embedding_s,0.0025,0,800,2,1.359,12,"{""knn"": 15, ""label_mode"": ""components"", ""lite"": false, ""loss_weights"": [1, 10, 1, 10], ""n_cover"": 15, ""regularization"": 10.0, ""threshold"": 0.5}",0.1.0,2026-06-21T05:06:21+00:00
moons,shapediscover,cost,fit_s,1.359,0,800,2,1.359,12,"{""knn"": 15, ""label_mode"": ""components"", ""lite"": false, ""loss_weights"": [1, 10, 1, 10], ""n_cover"": 15, ""regularization"": 10.0, ""threshold"": 0.5}",0.1.0,2026-06-21T05:06:21+00:00
moons,shapediscover,clustering,ari,1.0,1,800,2,1.591,12,"{""knn"": 15, ""label_mode"": ""components"", ""lite"": false, ""loss_weights"": [1, 10, 1, 10], ""n_cover"": 15, ""regularization"": 10.0, ""threshold"": 0.5}",0.1.0,2026-06-21T05:06:21+00:00
moons,shapediscover,clustering,ami,1.0,1,800,2,1.591,12,"{""knn"": 15, ""label_mode"": ""components"", ""lite"": false, ""loss_weights"": [1, 10, 1, 10], ""n_cover"": 15, ""regularization"": 10.0, ""threshold"": 0.5}",0.1.0,2026-06-21T05:06:21+00:00
moons,shapediscover,clustering,nmi,1.0,1,800,2,1.591,12,"{""knn"": 15, ""label_mode"": ""components"", ""lite"": false, ""loss_weights"": [1, 10, 1, 10], ""n_cover"": 15, ""regularization"": 10.0, ""threshold"": 0.5}",0.1.0,2026-06-21T05:06:21+00:00
moons,shapediscover,clustering,homogeneity,1.0,1,800,2,1.591,12,"{""knn"": 15, ""label_mode"": ""components"", ""lite"": false, ""loss_weights"": [1, 10, 1, 10], ""n_cover"": 15, ""regularization"": 10.0, ""threshold"": 0.5}",0.1.0,2026-06-21T05:06:21+00:00
moons,shapediscover,clustering,completeness,1.0,1,800,2,1.591,12,"{""knn"": 15, ""label_mode"": ""components"", ""lite"": false, ""loss_weights"": [1, 10, 1, 10], ""n_cover"": 15, ""regularization"": 10.0, ""threshold"": 0.5}",0.1.0,2026-06-21T05:06:21+00:00
moons,shapediscover,clustering,n_clusters_pred,2.0,1,800,2,1.591,12,"{""knn"": 15, ""label_mode"": ""components"", ""lite"": false, ""loss_weights"": [1, 10, 1, 10], ""n_cover"": 15, ""regularization"": 10.0, ""threshold"": 0.5}",0.1.0,2026-06-21T05:06:21+00:00
moons,shapediscover,clustering,n_clusters_true,2.0,1,800,2,1.591,12,"{""knn"": 15, ""label_mode"": ""components"", ""lite"": false, ""loss_weights"": [1, 10, 1, 10], ""n_cover"": 15, ""regularization"": 10.0, ""threshold"": 0.5}",0.1.0,2026-06-21T05:06:21+00:00
moons,shapediscover,embedding,trustworthiness,0.9938477048477048,1,800,2,1.591,12,"{""knn"": 15, ""label_mode"": ""components"", ""lite"": false, ""loss_weights"": [1, 10, 1, 10], ""n_cover"": 15, ""regularization"": 10.0, ""threshold"": 0.5}",0.1.0,2026-06-21T05:06:21+00:00
moons,shapediscover,embedding,continuity,0.9955860145860146,1,800,2,1.591,12,"{""knn"": 15, ""label_mode"": ""components"", ""lite"": false, ""loss_weights"": [1, 10, 1, 10], ""n_cover"": 15, ""regularization"": 10.0, ""threshold"": 0.5}",0.1.0,2026-06-21T05:06:21+00:00
moons,shapediscover,embedding,knn_recall,0.6705833333333333,1,800,2,1.591,12,"{""knn"": 15, ""label_mode"": ""components"", ""lite"": false, ""loss_weights"": [1, 10, 1, 10], ""n_cover"": 15, ""regularization"": 10.0, ""threshold"": 0.5}",0.1.0,2026-06-21T05:06:21+00:00
moons,shapediscover,embedding,global_corr,0.5376031841911527,1,800,2,1.591,12,"{""knn"": 15, ""label_mode"": ""components"", ""lite"": false, ""loss_weights"": [1, 10, 1, 10], ""n_cover"": 15, ""regularization"": 10.0, ""threshold"": 0.5}",0.1.0,2026-06-21T05:06:21+00:00
moons,shapediscover,cost,clustering_s,0.0005,1,800,2,1.591,12,"{""knn"": 15, ""label_mode"": ""components"", ""lite"": false, ""loss_weights"": [1, 10, 1, 10], ""n_cover"": 15, ""regularization"": 10.0, ""threshold"": 0.5}",0.1.0,2026-06-21T05:06:21+00:00
moons,shapediscover,cost,embedding_s,0.0025,1,800,2,1.591,12,"{""knn"": 15, ""label_mode"": ""components"", ""lite"": false, ""loss_weights"": [1, 10, 1, 10], ""n_cover"": 15, ""regularization"": 10.0, ""threshold"": 0.5}",0.1.0,2026-06-21T05:06:21+00:00
moons,shapediscover,cost,fit_s,1.591,1,800,2,1.591,12,"{""knn"": 15, ""label_mode"": ""components"", ""lite"": false, ""loss_weights"": [1, 10, 1, 10], ""n_cover"": 15, ""regularization"": 10.0, ""threshold"": 0.5}",0.1.0,2026-06-21T05:06:21+00:00
nested_circles,shapediscover,clustering,ari,1.0,0,800,2,1.582,15,"{""knn"": 15, ""label_mode"": ""components"", ""lite"": false, ""loss_weights"": [1, 10, 1, 10], ""n_cover"": 15, ""regularization"": 10.0, ""threshold"": 0.5}",0.1.0,2026-06-21T05:06:21+00:00
nested_circles,shapediscover,clustering,ami,1.0,0,800,2,1.582,15,"{""knn"": 15, ""label_mode"": ""components"", ""lite"": false, ""loss_weights"": [1, 10, 1, 10], ""n_cover"": 15, ""regularization"": 10.0, ""threshold"": 0.5}",0.1.0,2026-06-21T05:06:21+00:00
nested_circles,shapediscover,clustering,nmi,1.0,0,800,2,1.582,15,"{""knn"": 15, ""label_mode"": ""components"", ""lite"": false, ""loss_weights"": [1, 10, 1, 10], ""n_cover"": 15, ""regularization"": 10.0, ""threshold"": 0.5}",0.1.0,2026-06-21T05:06:21+00:00
nested_circles,shapediscover,clustering,homogeneity,1.0,0,800,2,1.582,15,"{""knn"": 15, ""label_mode"": ""components"", ""lite"": false, ""loss_weights"": [1, 10, 1, 10], ""n_cover"": 15, ""regularization"": 10.0, ""threshold"": 0.5}",0.1.0,2026-06-21T05:06:21+00:00
nested_circles,shapediscover,clustering,completeness,1.0,0,800,2,1.582,15,"{""knn"": 15, ""label_mode"": ""components"", ""lite"": false, ""loss_weights"": [1, 10, 1, 10], ""n_cover"": 15, ""regularization"": 10.0, ""threshold"": 0.5}",0.1.0,2026-06-21T05:06:21+00:00
nested_circles,shapediscover,clustering,n_clusters_pred,2.0,0,800,2,1.582,15,"{""knn"": 15, ""label_mode"": ""components"", ""lite"": false, ""loss_weights"": [1, 10, 1, 10], ""n_cover"": 15, ""regularization"": 10.0, ""threshold"": 0.5}",0.1.0,2026-06-21T05:06:21+00:00
nested_circles,shapediscover,clustering,n_clusters_true,2.0,0,800,2,1.582,15,"{""knn"": 15, ""label_mode"": ""components"", ""lite"": false, ""loss_weights"": [1, 10, 1, 10], ""n_cover"": 15, ""regularization"": 10.0, ""threshold"": 0.5}",0.1.0,2026-06-21T05:06:21+00:00
nested_circles,shapediscover,embedding,trustworthiness,0.9982703775203775,0,800,2,1.582,15,"{""knn"": 15, ""label_mode"": ""components"", ""lite"": false, ""loss_weights"": [1, 10, 1, 10], ""n_cover"": 15, ""regularization"": 10.0, ""threshold"": 0.5}",0.1.0,2026-06-21T05:06:21+00:00
nested_circles,shapediscover,embedding,continuity,0.998535178035178,0,800,2,1.582,15,"{""knn"": 15, ""label_mode"": ""components"", ""lite"": false, ""loss_weights"": [1, 10, 1, 10], ""n_cover"": 15, ""regularization"": 10.0, ""threshold"": 0.5}",0.1.0,2026-06-21T05:06:21+00:00
nested_circles,shapediscover,embedding,knn_recall,0.8145833333333333,0,800,2,1.582,15,"{""knn"": 15, ""label_mode"": ""components"", ""lite"": false, ""loss_weights"": [1, 10, 1, 10], ""n_cover"": 15, ""regularization"": 10.0, ""threshold"": 0.5}",0.1.0,2026-06-21T05:06:21+00:00
nested_circles,shapediscover,embedding,global_corr,0.28635325877951806,0,800,2,1.582,15,"{""knn"": 15, ""label_mode"": ""components"", ""lite"": false, ""loss_weights"": [1, 10, 1, 10], ""n_cover"": 15, ""regularization"": 10.0, ""threshold"": 0.5}",0.1.0,2026-06-21T05:06:21+00:00
nested_circles,shapediscover,cost,clustering_s,0.0007,0,800,2,1.582,15,"{""knn"": 15, ""label_mode"": ""components"", ""lite"": false, ""loss_weights"": [1, 10, 1, 10], ""n_cover"": 15, ""regularization"": 10.0, ""threshold"": 0.5}",0.1.0,2026-06-21T05:06:21+00:00
nested_circles,shapediscover,cost,embedding_s,0.0028,0,800,2,1.582,15,"{""knn"": 15, ""label_mode"": ""components"", ""lite"": false, ""loss_weights"": [1, 10, 1, 10], ""n_cover"": 15, ""regularization"": 10.0, ""threshold"": 0.5}",0.1.0,2026-06-21T05:06:21+00:00
nested_circles,shapediscover,cost,fit_s,1.582,0,800,2,1.582,15,"{""knn"": 15, ""label_mode"": ""components"", ""lite"": false, ""loss_weights"": [1, 10, 1, 10], ""n_cover"": 15, ""regularization"": 10.0, ""threshold"": 0.5}",0.1.0,2026-06-21T05:06:21+00:00
nested_circles,shapediscover,clustering,ari,1.0,1,800,2,1.576,15,"{""knn"": 15, ""label_mode"": ""components"", ""lite"": false, ""loss_weights"": [1, 10, 1, 10], ""n_cover"": 15, ""regularization"": 10.0, ""threshold"": 0.5}",0.1.0,2026-06-21T05:06:21+00:00
nested_circles,shapediscover,clustering,ami,1.0,1,800,2,1.576,15,"{""knn"": 15, ""label_mode"": ""components"", ""lite"": false, ""loss_weights"": [1, 10, 1, 10], ""n_cover"": 15, ""regularization"": 10.0, ""threshold"": 0.5}",0.1.0,2026-06-21T05:06:21+00:00
nested_circles,shapediscover,clustering,nmi,1.0,1,800,2,1.576,15,"{""knn"": 15, ""label_mode"": ""components"", ""lite"": false, ""loss_weights"": [1, 10, 1, 10], ""n_cover"": 15, ""regularization"": 10.0, ""threshold"": 0.5}",0.1.0,2026-06-21T05:06:21+00:00
nested_circles,shapediscover,clustering,homogeneity,1.0,1,800,2,1.576,15,"{""knn"": 15, ""label_mode"": ""components"", ""lite"": false, ""loss_weights"": [1, 10, 1, 10], ""n_cover"": 15, ""regularization"": 10.0, ""threshold"": 0.5}",0.1.0,2026-06-21T05:06:21+00:00
nested_circles,shapediscover,clustering,completeness,1.0,1,800,2,1.576,15,"{""knn"": 15, ""label_mode"": ""components"", ""lite"": false, ""loss_weights"": [1, 10, 1, 10], ""n_cover"": 15, ""regularization"": 10.0, ""threshold"": 0.5}",0.1.0,2026-06-21T05:06:21+00:00
nested_circles,shapediscover,clustering,n_clusters_pred,2.0,1,800,2,1.576,15,"{""knn"": 15, ""label_mode"": ""components"", ""lite"": false, ""loss_weights"": [1, 10, 1, 10], ""n_cover"": 15, ""regularization"": 10.0, ""threshold"": 0.5}",0.1.0,2026-06-21T05:06:21+00:00
nested_circles,shapediscover,clustering,n_clusters_true,2.0,1,800,2,1.576,15,"{""knn"": 15, ""label_mode"": ""components"", ""lite"": false, ""loss_weights"": [1, 10, 1, 10], ""n_cover"": 15, ""regularization"": 10.0, ""threshold"": 0.5}",0.1.0,2026-06-21T05:06:21+00:00
nested_circles,shapediscover,embedding,trustworthiness,0.9823902831402831,1,800,2,1.576,15,"{""knn"": 15, ""label_mode"": ""components"", ""lite"": false, ""loss_weights"": [1, 10, 1, 10], ""n_cover"": 15, ""regularization"": 10.0, ""threshold"": 0.5}",0.1.0,2026-06-21T05:06:21+00:00
nested_circles,shapediscover,embedding,continuity,0.9964719004719005,1,800,2,1.576,15,"{""knn"": 15, ""label_mode"": ""components"", ""lite"": false, ""loss_weights"": [1, 10, 1, 10], ""n_cover"": 15, ""regularization"": 10.0, ""threshold"": 0.5}",0.1.0,2026-06-21T05:06:21+00:00
nested_circles,shapediscover,embedding,knn_recall,0.7703333333333333,1,800,2,1.576,15,"{""knn"": 15, ""label_mode"": ""components"", ""lite"": false, ""loss_weights"": [1, 10, 1, 10], ""n_cover"": 15, ""regularization"": 10.0, ""threshold"": 0.5}",0.1.0,2026-06-21T05:06:21+00:00
nested_circles,shapediscover,embedding,global_corr,0.3867327163336373,1,800,2,1.576,15,"{""knn"": 15, ""label_mode"": ""components"", ""lite"": false, ""loss_weights"": [1, 10, 1, 10], ""n_cover"": 15, ""regularization"": 10.0, ""threshold"": 0.5}",0.1.0,2026-06-21T05:06:21+00:00
nested_circles,shapediscover,cost,clustering_s,0.0007,1,800,2,1.576,15,"{""knn"": 15, ""label_mode"": ""components"", ""lite"": false, ""loss_weights"": [1, 10, 1, 10], ""n_cover"": 15, ""regularization"": 10.0, ""threshold"": 0.5}",0.1.0,2026-06-21T05:06:21+00:00
nested_circles,shapediscover,cost,embedding_s,0.0028,1,800,2,1.576,15,"{""knn"": 15, ""label_mode"": ""components"", ""lite"": false, ""loss_weights"": [1, 10, 1, 10], ""n_cover"": 15, ""regularization"": 10.0, ""threshold"": 0.5}",0.1.0,2026-06-21T05:06:21+00:00
nested_circles,shapediscover,cost,fit_s,1.576,1,800,2,1.576,15,"{""knn"": 15, ""label_mode"": ""components"", ""lite"": false, ""loss_weights"": [1, 10, 1, 10], ""n_cover"": 15, ""regularization"": 10.0, ""threshold"": 0.5}",0.1.0,2026-06-21T05:06:21+00:00
iris,shapediscover,clustering,ari,0.5681159420289855,0,150,4,0.676,3,"{""knn"": 15, ""label_mode"": ""components"", ""lite"": false, ""loss_weights"": [1, 10, 1, 10], ""n_cover"": 15, ""regularization"": 10.0, ""threshold"": 0.5}",0.1.0,2026-06-21T05:06:21+00:00
iris,shapediscover,clustering,ami,0.7315847607219574,0,150,4,0.676,3,"{""knn"": 15, ""label_mode"": ""components"", ""lite"": false, ""loss_weights"": [1, 10, 1, 10], ""n_cover"": 15, ""regularization"": 10.0, ""threshold"": 0.5}",0.1.0,2026-06-21T05:06:21+00:00
iris,shapediscover,clustering,nmi,0.7336804366512104,0,150,4,0.676,3,"{""knn"": 15, ""label_mode"": ""components"", ""lite"": false, ""loss_weights"": [1, 10, 1, 10], ""n_cover"": 15, ""regularization"": 10.0, ""threshold"": 0.5}",0.1.0,2026-06-21T05:06:21+00:00
iris,shapediscover,clustering,homogeneity,0.5793801642856945,0,150,4,0.676,3,"{""knn"": 15, ""label_mode"": ""components"", ""lite"": false, ""loss_weights"": [1, 10, 1, 10], ""n_cover"": 15, ""regularization"": 10.0, ""threshold"": 0.5}",0.1.0,2026-06-21T05:06:21+00:00
iris,shapediscover,clustering,completeness,0.9999999999999997,0,150,4,0.676,3,"{""knn"": 15, ""label_mode"": ""components"", ""lite"": false, ""loss_weights"": [1, 10, 1, 10], ""n_cover"": 15, ""regularization"": 10.0, ""threshold"": 0.5}",0.1.0,2026-06-21T05:06:21+00:00
iris,shapediscover,clustering,n_clusters_pred,2.0,0,150,4,0.676,3,"{""knn"": 15, ""label_mode"": ""components"", ""lite"": false, ""loss_weights"": [1, 10, 1, 10], ""n_cover"": 15, ""regularization"": 10.0, ""threshold"": 0.5}",0.1.0,2026-06-21T05:06:21+00:00
iris,shapediscover,clustering,n_clusters_true,3.0,0,150,4,0.676,3,"{""knn"": 15, ""label_mode"": ""components"", ""lite"": false, ""loss_weights"": [1, 10, 1, 10], ""n_cover"": 15, ""regularization"": 10.0, ""threshold"": 0.5}",0.1.0,2026-06-21T05:06:21+00:00
iris,shapediscover,embedding,trustworthiness,0.960174978127734,0,150,4,0.676,3,"{""knn"": 15, ""label_mode"": ""components"", ""lite"": false, ""loss_weights"": [1, 10, 1, 10], ""n_cover"": 15, ""regularization"": 10.0, ""threshold"": 0.5}",0.1.0,2026-06-21T05:06:21+00:00
iris,shapediscover,embedding,continuity,0.9573088363954506,0,150,4,0.676,3,"{""knn"": 15, ""label_mode"": ""components"", ""lite"": false, ""loss_weights"": [1, 10, 1, 10], ""n_cover"": 15, ""regularization"": 10.0, ""threshold"": 0.5}",0.1.0,2026-06-21T05:06:21+00:00
iris,shapediscover,embedding,knn_recall,0.6551111111111111,0,150,4,0.676,3,"{""knn"": 15, ""label_mode"": ""components"", ""lite"": false, ""loss_weights"": [1, 10, 1, 10], ""n_cover"": 15, ""regularization"": 10.0, ""threshold"": 0.5}",0.1.0,2026-06-21T05:06:21+00:00
iris,shapediscover,embedding,global_corr,0.765398962818122,0,150,4,0.676,3,"{""knn"": 15, ""label_mode"": ""components"", ""lite"": false, ""loss_weights"": [1, 10, 1, 10], ""n_cover"": 15, ""regularization"": 10.0, ""threshold"": 0.5}",0.1.0,2026-06-21T05:06:21+00:00
iris,shapediscover,cost,clustering_s,0.0002,0,150,4,0.676,3,"{""knn"": 15, ""label_mode"": ""components"", ""lite"": false, ""loss_weights"": [1, 10, 1, 10], ""n_cover"": 15, ""regularization"": 10.0, ""threshold"": 0.5}",0.1.0,2026-06-21T05:06:21+00:00
iris,shapediscover,cost,embedding_s,0.0018,0,150,4,0.676,3,"{""knn"": 15, ""label_mode"": ""components"", ""lite"": false, ""loss_weights"": [1, 10, 1, 10], ""n_cover"": 15, ""regularization"": 10.0, ""threshold"": 0.5}",0.1.0,2026-06-21T05:06:21+00:00
iris,shapediscover,cost,fit_s,0.676,0,150,4,0.676,3,"{""knn"": 15, ""label_mode"": ""components"", ""lite"": false, ""loss_weights"": [1, 10, 1, 10], ""n_cover"": 15, ""regularization"": 10.0, ""threshold"": 0.5}",0.1.0,2026-06-21T05:06:21+00:00
iris,shapediscover,clustering,ari,0.5681159420289855,1,150,4,0.667,3,"{""knn"": 15, ""label_mode"": ""components"", ""lite"": false, ""loss_weights"": [1, 10, 1, 10], ""n_cover"": 15, ""regularization"": 10.0, ""threshold"": 0.5}",0.1.0,2026-06-21T05:06:21+00:00
iris,shapediscover,clustering,ami,0.7315847607219574,1,150,4,0.667,3,"{""knn"": 15, ""label_mode"": ""components"", ""lite"": false, ""loss_weights"": [1, 10, 1, 10], ""n_cover"": 15, ""regularization"": 10.0, ""threshold"": 0.5}",0.1.0,2026-06-21T05:06:21+00:00
iris,shapediscover,clustering,nmi,0.7336804366512104,1,150,4,0.667,3,"{""knn"": 15, ""label_mode"": ""components"", ""lite"": false, ""loss_weights"": [1, 10, 1, 10], ""n_cover"": 15, ""regularization"": 10.0, ""threshold"": 0.5}",0.1.0,2026-06-21T05:06:21+00:00
iris,shapediscover,clustering,homogeneity,0.5793801642856945,1,150,4,0.667,3,"{""knn"": 15, ""label_mode"": ""components"", ""lite"": false, ""loss_weights"": [1, 10, 1, 10], ""n_cover"": 15, ""regularization"": 10.0, ""threshold"": 0.5}",0.1.0,2026-06-21T05:06:21+00:00
iris,shapediscover,clustering,completeness,0.9999999999999997,1,150,4,0.667,3,"{""knn"": 15, ""label_mode"": ""components"", ""lite"": false, ""loss_weights"": [1, 10, 1, 10], ""n_cover"": 15, ""regularization"": 10.0, ""threshold"": 0.5}",0.1.0,2026-06-21T05:06:21+00:00
iris,shapediscover,clustering,n_clusters_pred,2.0,1,150,4,0.667,3,"{""knn"": 15, ""label_mode"": ""components"", ""lite"": false, ""loss_weights"": [1, 10, 1, 10], ""n_cover"": 15, ""regularization"": 10.0, ""threshold"": 0.5}",0.1.0,2026-06-21T05:06:21+00:00
iris,shapediscover,clustering,n_clusters_true,3.0,1,150,4,0.667,3,"{""knn"": 15, ""label_mode"": ""components"", ""lite"": false, ""loss_weights"": [1, 10, 1, 10], ""n_cover"": 15, ""regularization"": 10.0, ""threshold"": 0.5}",0.1.0,2026-06-21T05:06:21+00:00
iris,shapediscover,embedding,trustworthiness,0.9610148731408574,1,150,4,0.667,3,"{""knn"": 15, ""label_mode"": ""components"", ""lite"": false, ""loss_weights"": [1, 10, 1, 10], ""n_cover"": 15, ""regularization"": 10.0, ""threshold"": 0.5}",0.1.0,2026-06-21T05:06:21+00:00
iris,shapediscover,embedding,continuity,0.9615608048993876,1,150,4,0.667,3,"{""knn"": 15, ""label_mode"": ""components"", ""lite"": false, ""loss_weights"": [1, 10, 1, 10], ""n_cover"": 15, ""regularization"": 10.0, ""threshold"": 0.5}",0.1.0,2026-06-21T05:06:21+00:00
iris,shapediscover,embedding,knn_recall,0.6515555555555556,1,150,4,0.667,3,"{""knn"": 15, ""label_mode"": ""components"", ""lite"": false, ""loss_weights"": [1, 10, 1, 10], ""n_cover"": 15, ""regularization"": 10.0, ""threshold"": 0.5}",0.1.0,2026-06-21T05:06:21+00:00
iris,shapediscover,embedding,global_corr,0.8266209575425536,1,150,4,0.667,3,"{""knn"": 15, ""label_mode"": ""components"", ""lite"": false, ""loss_weights"": [1, 10, 1, 10], ""n_cover"": 15, ""regularization"": 10.0, ""threshold"": 0.5}",0.1.0,2026-06-21T05:06:21+00:00
iris,shapediscover,cost,clustering_s,0.0002,1,150,4,0.667,3,"{""knn"": 15, ""label_mode"": ""components"", ""lite"": false, ""loss_weights"": [1, 10, 1, 10], ""n_cover"": 15, ""regularization"": 10.0, ""threshold"": 0.5}",0.1.0,2026-06-21T05:06:21+00:00
iris,shapediscover,cost,embedding_s,0.0018,1,150,4,0.667,3,"{""knn"": 15, ""label_mode"": ""components"", ""lite"": false, ""loss_weights"": [1, 10, 1, 10], ""n_cover"": 15, ""regularization"": 10.0, ""threshold"": 0.5}",0.1.0,2026-06-21T05:06:21+00:00
iris,shapediscover,cost,fit_s,0.667,1,150,4,0.667,3,"{""knn"": 15, ""label_mode"": ""components"", ""lite"": false, ""loss_weights"": [1, 10, 1, 10], ""n_cover"": 15, ""regularization"": 10.0, ""threshold"": 0.5}",0.1.0,2026-06-21T05:06:21+00:00
wine,shapediscover,clustering,ari,0.0,0,178,13,0.544,3,"{""knn"": 15, ""label_mode"": ""components"", ""lite"": false, ""loss_weights"": [1, 10, 1, 10], ""n_cover"": 15, ""regularization"": 10.0, ""threshold"": 0.5}",0.1.0,2026-06-21T05:06:21+00:00
wine,shapediscover,clustering,ami,0.0,0,178,13,0.544,3,"{""knn"": 15, ""label_mode"": ""components"", ""lite"": false, ""loss_weights"": [1, 10, 1, 10], ""n_cover"": 15, ""regularization"": 10.0, ""threshold"": 0.5}",0.1.0,2026-06-21T05:06:21+00:00
wine,shapediscover,clustering,nmi,0.0,0,178,13,0.544,3,"{""knn"": 15, ""label_mode"": ""components"", ""lite"": false, ""loss_weights"": [1, 10, 1, 10], ""n_cover"": 15, ""regularization"": 10.0, ""threshold"": 0.5}",0.1.0,2026-06-21T05:06:21+00:00
wine,shapediscover,clustering,homogeneity,0.0,0,178,13,0.544,3,"{""knn"": 15, ""label_mode"": ""components"", ""lite"": false, ""loss_weights"": [1, 10, 1, 10], ""n_cover"": 15, ""regularization"": 10.0, ""threshold"": 0.5}",0.1.0,2026-06-21T05:06:21+00:00
wine,shapediscover,clustering,completeness,1.0,0,178,13,0.544,3,"{""knn"": 15, ""label_mode"": ""components"", ""lite"": false, ""loss_weights"": [1, 10, 1, 10], ""n_cover"": 15, ""regularization"": 10.0, ""threshold"": 0.5}",0.1.0,2026-06-21T05:06:21+00:00
wine,shapediscover,clustering,n_clusters_pred,1.0,0,178,13,0.544,3,"{""knn"": 15, ""label_mode"": ""components"", ""lite"": false, ""loss_weights"": [1, 10, 1, 10], ""n_cover"": 15, ""regularization"": 10.0, ""threshold"": 0.5}",0.1.0,2026-06-21T05:06:21+00:00
wine,shapediscover,clustering,n_clusters_true,3.0,0,178,13,0.544,3,"{""knn"": 15, ""label_mode"": ""components"", ""lite"": false, ""loss_weights"": [1, 10, 1, 10], ""n_cover"": 15, ""regularization"": 10.0, ""threshold"": 0.5}",0.1.0,2026-06-21T05:06:21+00:00
wine,shapediscover,embedding,trustworthiness,0.894932946719826,0,178,13,0.544,3,"{""knn"": 15, ""label_mode"": ""components"", ""lite"": false, ""loss_weights"": [1, 10, 1, 10], ""n_cover"": 15, ""regularization"": 10.0, ""threshold"": 0.5}",0.1.0,2026-06-21T05:06:21+00:00
wine,shapediscover,embedding,continuity,0.9231339857436269,0,178,13,0.544,3,"{""knn"": 15, ""label_mode"": ""components"", ""lite"": false, ""loss_weights"": [1, 10, 1, 10], ""n_cover"": 15, ""regularization"": 10.0, ""threshold"": 0.5}",0.1.0,2026-06-21T05:06:21+00:00
wine,shapediscover,embedding,knn_recall,0.451685393258427,0,178,13,0.544,3,"{""knn"": 15, ""label_mode"": ""components"", ""lite"": false, ""loss_weights"": [1, 10, 1, 10], ""n_cover"": 15, ""regularization"": 10.0, ""threshold"": 0.5}",0.1.0,2026-06-21T05:06:21+00:00
wine,shapediscover,embedding,global_corr,0.7090854382835065,0,178,13,0.544,3,"{""knn"": 15, ""label_mode"": ""components"", ""lite"": false, ""loss_weights"": [1, 10, 1, 10], ""n_cover"": 15, ""regularization"": 10.0, ""threshold"": 0.5}",0.1.0,2026-06-21T05:06:21+00:00
wine,shapediscover,cost,clustering_s,0.0003,0,178,13,0.544,3,"{""knn"": 15, ""label_mode"": ""components"", ""lite"": false, ""loss_weights"": [1, 10, 1, 10], ""n_cover"": 15, ""regularization"": 10.0, ""threshold"": 0.5}",0.1.0,2026-06-21T05:06:21+00:00
wine,shapediscover,cost,embedding_s,0.0018,0,178,13,0.544,3,"{""knn"": 15, ""label_mode"": ""components"", ""lite"": false, ""loss_weights"": [1, 10, 1, 10], ""n_cover"": 15, ""regularization"": 10.0, ""threshold"": 0.5}",0.1.0,2026-06-21T05:06:21+00:00
wine,shapediscover,cost,fit_s,0.544,0,178,13,0.544,3,"{""knn"": 15, ""label_mode"": ""components"", ""lite"": false, ""loss_weights"": [1, 10, 1, 10], ""n_cover"": 15, ""regularization"": 10.0, ""threshold"": 0.5}",0.1.0,2026-06-21T05:06:21+00:00
wine,shapediscover,clustering,ari,0.0,1,178,13,0.553,3,"{""knn"": 15, ""label_mode"": ""components"", ""lite"": false, ""loss_weights"": [1, 10, 1, 10], ""n_cover"": 15, ""regularization"": 10.0, ""threshold"": 0.5}",0.1.0,2026-06-21T05:06:21+00:00
wine,shapediscover,clustering,ami,0.0,1,178,13,0.553,3,"{""knn"": 15, ""label_mode"": ""components"", ""lite"": false, ""loss_weights"": [1, 10, 1, 10], ""n_cover"": 15, ""regularization"": 10.0, ""threshold"": 0.5}",0.1.0,2026-06-21T05:06:21+00:00
wine,shapediscover,clustering,nmi,0.0,1,178,13,0.553,3,"{""knn"": 15, ""label_mode"": ""components"", ""lite"": false, ""loss_weights"": [1, 10, 1, 10], ""n_cover"": 15, ""regularization"": 10.0, ""threshold"": 0.5}",0.1.0,2026-06-21T05:06:21+00:00
wine,shapediscover,clustering,homogeneity,0.0,1,178,13,0.553,3,"{""knn"": 15, ""label_mode"": ""components"", ""lite"": false, ""loss_weights"": [1, 10, 1, 10], ""n_cover"": 15, ""regularization"": 10.0, ""threshold"": 0.5}",0.1.0,2026-06-21T05:06:21+00:00
wine,shapediscover,clustering,completeness,1.0,1,178,13,0.553,3,"{""knn"": 15, ""label_mode"": ""components"", ""lite"": false, ""loss_weights"": [1, 10, 1, 10], ""n_cover"": 15, ""regularization"": 10.0, ""threshold"": 0.5}",0.1.0,2026-06-21T05:06:21+00:00
wine,shapediscover,clustering,n_clusters_pred,1.0,1,178,13,0.553,3,"{""knn"": 15, ""label_mode"": ""components"", ""lite"": false, ""loss_weights"": [1, 10, 1, 10], ""n_cover"": 15, ""regularization"": 10.0, ""threshold"": 0.5}",0.1.0,2026-06-21T05:06:21+00:00
wine,shapediscover,clustering,n_clusters_true,3.0,1,178,13,0.553,3,"{""knn"": 15, ""label_mode"": ""components"", ""lite"": false, ""loss_weights"": [1, 10, 1, 10], ""n_cover"": 15, ""regularization"": 10.0, ""threshold"": 0.5}",0.1.0,2026-06-21T05:06:21+00:00
wine,shapediscover,embedding,trustworthiness,0.8931279449075752,1,178,13,0.553,3,"{""knn"": 15, ""label_mode"": ""components"", ""lite"": false, ""loss_weights"": [1, 10, 1, 10], ""n_cover"": 15, ""regularization"": 10.0, ""threshold"": 0.5}",0.1.0,2026-06-21T05:06:21+00:00
wine,shapediscover,embedding,continuity,0.92346260722484,1,178,13,0.553,3,"{""knn"": 15, ""label_mode"": ""components"", ""lite"": false, ""loss_weights"": [1, 10, 1, 10], ""n_cover"": 15, ""regularization"": 10.0, ""threshold"": 0.5}",0.1.0,2026-06-21T05:06:21+00:00
wine,shapediscover,embedding,knn_recall,0.44531835205992515,1,178,13,0.553,3,"{""knn"": 15, ""label_mode"": ""components"", ""lite"": false, ""loss_weights"": [1, 10, 1, 10], ""n_cover"": 15, ""regularization"": 10.0, ""threshold"": 0.5}",0.1.0,2026-06-21T05:06:21+00:00
wine,shapediscover,embedding,global_corr,0.7090271052383578,1,178,13,0.553,3,"{""knn"": 15, ""label_mode"": ""components"", ""lite"": false, ""loss_weights"": [1, 10, 1, 10], ""n_cover"": 15, ""regularization"": 10.0, ""threshold"": 0.5}",0.1.0,2026-06-21T05:06:21+00:00
wine,shapediscover,cost,clustering_s,0.0002,1,178,13,0.553,3,"{""knn"": 15, ""label_mode"": ""components"", ""lite"": false, ""loss_weights"": [1, 10, 1, 10], ""n_cover"": 15, ""regularization"": 10.0, ""threshold"": 0.5}",0.1.0,2026-06-21T05:06:21+00:00
wine,shapediscover,cost,embedding_s,0.0018,1,178,13,0.553,3,"{""knn"": 15, ""label_mode"": ""components"", ""lite"": false, ""loss_weights"": [1, 10, 1, 10], ""n_cover"": 15, ""regularization"": 10.0, ""threshold"": 0.5}",0.1.0,2026-06-21T05:06:21+00:00
wine,shapediscover,cost,fit_s,0.553,1,178,13,0.553,3,"{""knn"": 15, ""label_mode"": ""components"", ""lite"": false, ""loss_weights"": [1, 10, 1, 10], ""n_cover"": 15, ""regularization"": 10.0, ""threshold"": 0.5}",0.1.0,2026-06-21T05:06:21+00:00
digits,shapediscover,clustering,ari,0.10734799723819198,0,1797,64,1.273,12,"{""knn"": 15, ""label_mode"": ""components"", ""lite"": false, ""loss_weights"": [1, 10, 1, 10], ""n_cover"": 15, ""regularization"": 10.0, ""threshold"": 0.5}",0.1.0,2026-06-21T05:06:21+00:00
digits,shapediscover,clustering,ami,0.43234444745190753,0,1797,64,1.273,12,"{""knn"": 15, ""label_mode"": ""components"", ""lite"": false, ""loss_weights"": [1, 10, 1, 10], ""n_cover"": 15, ""regularization"": 10.0, ""threshold"": 0.5}",0.1.0,2026-06-21T05:06:21+00:00
digits,shapediscover,clustering,nmi,0.4353062465509114,0,1797,64,1.273,12,"{""knn"": 15, ""label_mode"": ""components"", ""lite"": false, ""loss_weights"": [1, 10, 1, 10], ""n_cover"": 15, ""regularization"": 10.0, ""threshold"": 0.5}",0.1.0,2026-06-21T05:06:21+00:00
digits,shapediscover,clustering,homogeneity,0.2846344620517252,0,1797,64,1.273,12,"{""knn"": 15, ""label_mode"": ""components"", ""lite"": false, ""loss_weights"": [1, 10, 1, 10], ""n_cover"": 15, ""regularization"": 10.0, ""threshold"": 0.5}",0.1.0,2026-06-21T05:06:21+00:00
digits,shapediscover,clustering,completeness,0.9249080533358294,0,1797,64,1.273,12,"{""knn"": 15, ""label_mode"": ""components"", ""lite"": false, ""loss_weights"": [1, 10, 1, 10], ""n_cover"": 15, ""regularization"": 10.0, ""threshold"": 0.5}",0.1.0,2026-06-21T05:06:21+00:00
digits,shapediscover,clustering,n_clusters_pred,4.0,0,1797,64,1.273,12,"{""knn"": 15, ""label_mode"": ""components"", ""lite"": false, ""loss_weights"": [1, 10, 1, 10], ""n_cover"": 15, ""regularization"": 10.0, ""threshold"": 0.5}",0.1.0,2026-06-21T05:06:21+00:00
digits,shapediscover,clustering,n_clusters_true,10.0,0,1797,64,1.273,12,"{""knn"": 15, ""label_mode"": ""components"", ""lite"": false, ""loss_weights"": [1, 10, 1, 10], ""n_cover"": 15, ""regularization"": 10.0, ""threshold"": 0.5}",0.1.0,2026-06-21T05:06:21+00:00
digits,shapediscover,embedding,trustworthiness,0.7994650987271157,0,1797,64,1.273,12,"{""knn"": 15, ""label_mode"": ""components"", ""lite"": false, ""loss_weights"": [1, 10, 1, 10], ""n_cover"": 15, ""regularization"": 10.0, ""threshold"": 0.5}",0.1.0,2026-06-21T05:06:21+00:00
digits,shapediscover,embedding,continuity,0.8680113647176377,0,1797,64,1.273,12,"{""knn"": 15, ""label_mode"": ""components"", ""lite"": false, ""loss_weights"": [1, 10, 1, 10], ""n_cover"": 15, ""regularization"": 10.0, ""threshold"": 0.5}",0.1.0,2026-06-21T05:06:21+00:00
digits,shapediscover,embedding,knn_recall,0.1843813763680208,0,1797,64,1.273,12,"{""knn"": 15, ""label_mode"": ""components"", ""lite"": false, ""loss_weights"": [1, 10, 1, 10], ""n_cover"": 15, ""regularization"": 10.0, ""threshold"": 0.5}",0.1.0,2026-06-21T05:06:21+00:00
digits,shapediscover,embedding,global_corr,0.20925917422329776,0,1797,64,1.273,12,"{""knn"": 15, ""label_mode"": ""components"", ""lite"": false, ""loss_weights"": [1, 10, 1, 10], ""n_cover"": 15, ""regularization"": 10.0, ""threshold"": 0.5}",0.1.0,2026-06-21T05:06:21+00:00
digits,shapediscover,cost,clustering_s,0.0007,0,1797,64,1.273,12,"{""knn"": 15, ""label_mode"": ""components"", ""lite"": false, ""loss_weights"": [1, 10, 1, 10], ""n_cover"": 15, ""regularization"": 10.0, ""threshold"": 0.5}",0.1.0,2026-06-21T05:06:21+00:00
digits,shapediscover,cost,embedding_s,0.0026,0,1797,64,1.273,12,"{""knn"": 15, ""label_mode"": ""components"", ""lite"": false, ""loss_weights"": [1, 10, 1, 10], ""n_cover"": 15, ""regularization"": 10.0, ""threshold"": 0.5}",0.1.0,2026-06-21T05:06:21+00:00
digits,shapediscover,cost,fit_s,1.273,0,1797,64,1.273,12,"{""knn"": 15, ""label_mode"": ""components"", ""lite"": false, ""loss_weights"": [1, 10, 1, 10], ""n_cover"": 15, ""regularization"": 10.0, ""threshold"": 0.5}",0.1.0,2026-06-21T05:06:21+00:00
digits,shapediscover,clustering,ari,0.10734799723819198,1,1797,64,1.863,11,"{""knn"": 15, ""label_mode"": ""components"", ""lite"": false, ""loss_weights"": [1, 10, 1, 10], ""n_cover"": 15, ""regularization"": 10.0, ""threshold"": 0.5}",0.1.0,2026-06-21T05:06:21+00:00
digits,shapediscover,clustering,ami,0.43234444745190753,1,1797,64,1.863,11,"{""knn"": 15, ""label_mode"": ""components"", ""lite"": false, ""loss_weights"": [1, 10, 1, 10], ""n_cover"": 15, ""regularization"": 10.0, ""threshold"": 0.5}",0.1.0,2026-06-21T05:06:21+00:00
digits,shapediscover,clustering,nmi,0.4353062465509114,1,1797,64,1.863,11,"{""knn"": 15, ""label_mode"": ""components"", ""lite"": false, ""loss_weights"": [1, 10, 1, 10], ""n_cover"": 15, ""regularization"": 10.0, ""threshold"": 0.5}",0.1.0,2026-06-21T05:06:21+00:00
digits,shapediscover,clustering,homogeneity,0.2846344620517252,1,1797,64,1.863,11,"{""knn"": 15, ""label_mode"": ""components"", ""lite"": false, ""loss_weights"": [1, 10, 1, 10], ""n_cover"": 15, ""regularization"": 10.0, ""threshold"": 0.5}",0.1.0,2026-06-21T05:06:21+00:00
digits,shapediscover,clustering,completeness,0.9249080533358294,1,1797,64,1.863,11,"{""knn"": 15, ""label_mode"": ""components"", ""lite"": false, ""loss_weights"": [1, 10, 1, 10], ""n_cover"": 15, ""regularization"": 10.0, ""threshold"": 0.5}",0.1.0,2026-06-21T05:06:21+00:00
digits,shapediscover,clustering,n_clusters_pred,4.0,1,1797,64,1.863,11,"{""knn"": 15, ""label_mode"": ""components"", ""lite"": false, ""loss_weights"": [1, 10, 1, 10], ""n_cover"": 15, ""regularization"": 10.0, ""threshold"": 0.5}",0.1.0,2026-06-21T05:06:21+00:00
digits,shapediscover,clustering,n_clusters_true,10.0,1,1797,64,1.863,11,"{""knn"": 15, ""label_mode"": ""components"", ""lite"": false, ""loss_weights"": [1, 10, 1, 10], ""n_cover"": 15, ""regularization"": 10.0, ""threshold"": 0.5}",0.1.0,2026-06-21T05:06:21+00:00
digits,shapediscover,embedding,trustworthiness,0.7595073379010531,1,1797,64,1.863,11,"{""knn"": 15, ""label_mode"": ""components"", ""lite"": false, ""loss_weights"": [1, 10, 1, 10], ""n_cover"": 15, ""regularization"": 10.0, ""threshold"": 0.5}",0.1.0,2026-06-21T05:06:21+00:00
digits,shapediscover,embedding,continuity,0.8744116305580075,1,1797,64,1.863,11,"{""knn"": 15, ""label_mode"": ""components"", ""lite"": false, ""loss_weights"": [1, 10, 1, 10], ""n_cover"": 15, ""regularization"": 10.0, ""threshold"": 0.5}",0.1.0,2026-06-21T05:06:21+00:00
digits,shapediscover,embedding,knn_recall,0.1784826562789835,1,1797,64,1.863,11,"{""knn"": 15, ""label_mode"": ""components"", ""lite"": false, ""loss_weights"": [1, 10, 1, 10], ""n_cover"": 15, ""regularization"": 10.0, ""threshold"": 0.5}",0.1.0,2026-06-21T05:06:21+00:00
digits,shapediscover,embedding,global_corr,0.1709678464831667,1,1797,64,1.863,11,"{""knn"": 15, ""label_mode"": ""components"", ""lite"": false, ""loss_weights"": [1, 10, 1, 10], ""n_cover"": 15, ""regularization"": 10.0, ""threshold"": 0.5}",0.1.0,2026-06-21T05:06:21+00:00
digits,shapediscover,cost,clustering_s,0.0007,1,1797,64,1.863,11,"{""knn"": 15, ""label_mode"": ""components"", ""lite"": false, ""loss_weights"": [1, 10, 1, 10], ""n_cover"": 15, ""regularization"": 10.0, ""threshold"": 0.5}",0.1.0,2026-06-21T05:06:21+00:00
digits,shapediscover,cost,embedding_s,0.0025,1,1797,64,1.863,11,"{""knn"": 15, ""label_mode"": ""components"", ""lite"": false, ""loss_weights"": [1, 10, 1, 10], ""n_cover"": 15, ""regularization"": 10.0, ""threshold"": 0.5}",0.1.0,2026-06-21T05:06:21+00:00
digits,shapediscover,cost,fit_s,1.863,1,1797,64,1.863,11,"{""knn"": 15, ""label_mode"": ""components"", ""lite"": false, ""loss_weights"": [1, 10, 1, 10], ""n_cover"": 15, ""regularization"": 10.0, ""threshold"": 0.5}",0.1.0,2026-06-21T05:06:21+00:00
diabetes,shapediscover,clustering,ari,0.0,0,145,5,0.465,2,"{""knn"": 15, ""label_mode"": ""components"", ""lite"": false, ""loss_weights"": [1, 10, 1, 10], ""n_cover"": 15, ""regularization"": 10.0, ""threshold"": 0.5}",0.1.0,2026-06-21T05:06:21+00:00
diabetes,shapediscover,clustering,ami,0.0,0,145,5,0.465,2,"{""knn"": 15, ""label_mode"": ""components"", ""lite"": false, ""loss_weights"": [1, 10, 1, 10], ""n_cover"": 15, ""regularization"": 10.0, ""threshold"": 0.5}",0.1.0,2026-06-21T05:06:21+00:00
diabetes,shapediscover,clustering,nmi,0.0,0,145,5,0.465,2,"{""knn"": 15, ""label_mode"": ""components"", ""lite"": false, ""loss_weights"": [1, 10, 1, 10], ""n_cover"": 15, ""regularization"": 10.0, ""threshold"": 0.5}",0.1.0,2026-06-21T05:06:21+00:00
diabetes,shapediscover,clustering,homogeneity,0.0,0,145,5,0.465,2,"{""knn"": 15, ""label_mode"": ""components"", ""lite"": false, ""loss_weights"": [1, 10, 1, 10], ""n_cover"": 15, ""regularization"": 10.0, ""threshold"": 0.5}",0.1.0,2026-06-21T05:06:21+00:00
diabetes,shapediscover,clustering,completeness,1.0,0,145,5,0.465,2,"{""knn"": 15, ""label_mode"": ""components"", ""lite"": false, ""loss_weights"": [1, 10, 1, 10], ""n_cover"": 15, ""regularization"": 10.0, ""threshold"": 0.5}",0.1.0,2026-06-21T05:06:21+00:00
diabetes,shapediscover,clustering,n_clusters_pred,1.0,0,145,5,0.465,2,"{""knn"": 15, ""label_mode"": ""components"", ""lite"": false, ""loss_weights"": [1, 10, 1, 10], ""n_cover"": 15, ""regularization"": 10.0, ""threshold"": 0.5}",0.1.0,2026-06-21T05:06:21+00:00
diabetes,shapediscover,clustering,n_clusters_true,3.0,0,145,5,0.465,2,"{""knn"": 15, ""label_mode"": ""components"", ""lite"": false, ""loss_weights"": [1, 10, 1, 10], ""n_cover"": 15, ""regularization"": 10.0, ""threshold"": 0.5}",0.1.0,2026-06-21T05:06:21+00:00
diabetes,shapediscover,embedding,trustworthiness,0.6076766534765404,0,145,5,0.465,2,"{""knn"": 15, ""label_mode"": ""components"", ""lite"": false, ""loss_weights"": [1, 10, 1, 10], ""n_cover"": 15, ""regularization"": 10.0, ""threshold"": 0.5}",0.1.0,2026-06-21T05:06:21+00:00
diabetes,shapediscover,embedding,continuity,0.5031769361221028,0,145,5,0.465,2,"{""knn"": 15, ""label_mode"": ""components"", ""lite"": false, ""loss_weights"": [1, 10, 1, 10], ""n_cover"": 15, ""regularization"": 10.0, ""threshold"": 0.5}",0.1.0,2026-06-21T05:06:21+00:00
diabetes,shapediscover,embedding,knn_recall,0.10482758620689656,0,145,5,0.465,2,"{""knn"": 15, ""label_mode"": ""components"", ""lite"": false, ""loss_weights"": [1, 10, 1, 10], ""n_cover"": 15, ""regularization"": 10.0, ""threshold"": 0.5}",0.1.0,2026-06-21T05:06:21+00:00
diabetes,shapediscover,embedding,global_corr,,0,145,5,0.465,2,"{""knn"": 15, ""label_mode"": ""components"", ""lite"": false, ""loss_weights"": [1, 10, 1, 10], ""n_cover"": 15, ""regularization"": 10.0, ""threshold"": 0.5}",0.1.0,2026-06-21T05:06:21+00:00
diabetes,shapediscover,cost,clustering_s,0.0002,0,145,5,0.465,2,"{""knn"": 15, ""label_mode"": ""components"", ""lite"": false, ""loss_weights"": [1, 10, 1, 10], ""n_cover"": 15, ""regularization"": 10.0, ""threshold"": 0.5}",0.1.0,2026-06-21T05:06:21+00:00
diabetes,shapediscover,cost,embedding_s,0.0004,0,145,5,0.465,2,"{""knn"": 15, ""label_mode"": ""components"", ""lite"": false, ""loss_weights"": [1, 10, 1, 10], ""n_cover"": 15, ""regularization"": 10.0, ""threshold"": 0.5}",0.1.0,2026-06-21T05:06:21+00:00
diabetes,shapediscover,cost,fit_s,0.465,0,145,5,0.465,2,"{""knn"": 15, ""label_mode"": ""components"", ""lite"": false, ""loss_weights"": [1, 10, 1, 10], ""n_cover"": 15, ""regularization"": 10.0, ""threshold"": 0.5}",0.1.0,2026-06-21T05:06:21+00:00
diabetes,shapediscover,clustering,ari,0.0,1,145,5,0.476,2,"{""knn"": 15, ""label_mode"": ""components"", ""lite"": false, ""loss_weights"": [1, 10, 1, 10], ""n_cover"": 15, ""regularization"": 10.0, ""threshold"": 0.5}",0.1.0,2026-06-21T05:06:21+00:00
diabetes,shapediscover,clustering,ami,0.0,1,145,5,0.476,2,"{""knn"": 15, ""label_mode"": ""components"", ""lite"": false, ""loss_weights"": [1, 10, 1, 10], ""n_cover"": 15, ""regularization"": 10.0, ""threshold"": 0.5}",0.1.0,2026-06-21T05:06:21+00:00
diabetes,shapediscover,clustering,nmi,0.0,1,145,5,0.476,2,"{""knn"": 15, ""label_mode"": ""components"", ""lite"": false, ""loss_weights"": [1, 10, 1, 10], ""n_cover"": 15, ""regularization"": 10.0, ""threshold"": 0.5}",0.1.0,2026-06-21T05:06:21+00:00
diabetes,shapediscover,clustering,homogeneity,0.0,1,145,5,0.476,2,"{""knn"": 15, ""label_mode"": ""components"", ""lite"": false, ""loss_weights"": [1, 10, 1, 10], ""n_cover"": 15, ""regularization"": 10.0, ""threshold"": 0.5}",0.1.0,2026-06-21T05:06:21+00:00
diabetes,shapediscover,clustering,completeness,1.0,1,145,5,0.476,2,"{""knn"": 15, ""label_mode"": ""components"", ""lite"": false, ""loss_weights"": [1, 10, 1, 10], ""n_cover"": 15, ""regularization"": 10.0, ""threshold"": 0.5}",0.1.0,2026-06-21T05:06:21+00:00
diabetes,shapediscover,clustering,n_clusters_pred,1.0,1,145,5,0.476,2,"{""knn"": 15, ""label_mode"": ""components"", ""lite"": false, ""loss_weights"": [1, 10, 1, 10], ""n_cover"": 15, ""regularization"": 10.0, ""threshold"": 0.5}",0.1.0,2026-06-21T05:06:21+00:00
diabetes,shapediscover,clustering,n_clusters_true,3.0,1,145,5,0.476,2,"{""knn"": 15, ""label_mode"": ""components"", ""lite"": false, ""loss_weights"": [1, 10, 1, 10], ""n_cover"": 15, ""regularization"": 10.0, ""threshold"": 0.5}",0.1.0,2026-06-21T05:06:21+00:00
diabetes,shapediscover,embedding,trustworthiness,0.6076766534765404,1,145,5,0.476,2,"{""knn"": 15, ""label_mode"": ""components"", ""lite"": false, ""loss_weights"": [1, 10, 1, 10], ""n_cover"": 15, ""regularization"": 10.0, ""threshold"": 0.5}",0.1.0,2026-06-21T05:06:21+00:00
diabetes,shapediscover,embedding,continuity,0.5031769361221028,1,145,5,0.476,2,"{""knn"": 15, ""label_mode"": ""components"", ""lite"": false, ""loss_weights"": [1, 10, 1, 10], ""n_cover"": 15, ""regularization"": 10.0, ""threshold"": 0.5}",0.1.0,2026-06-21T05:06:21+00:00
diabetes,shapediscover,embedding,knn_recall,0.10482758620689656,1,145,5,0.476,2,"{""knn"": 15, ""label_mode"": ""components"", ""lite"": false, ""loss_weights"": [1, 10, 1, 10], ""n_cover"": 15, ""regularization"": 10.0, ""threshold"": 0.5}",0.1.0,2026-06-21T05:06:21+00:00
diabetes,shapediscover,embedding,global_corr,,1,145,5,0.476,2,"{""knn"": 15, ""label_mode"": ""components"", ""lite"": false, ""loss_weights"": [1, 10, 1, 10], ""n_cover"": 15, ""regularization"": 10.0, ""threshold"": 0.5}",0.1.0,2026-06-21T05:06:21+00:00
diabetes,shapediscover,cost,clustering_s,0.0002,1,145,5,0.476,2,"{""knn"": 15, ""label_mode"": ""components"", ""lite"": false, ""loss_weights"": [1, 10, 1, 10], ""n_cover"": 15, ""regularization"": 10.0, ""threshold"": 0.5}",0.1.0,2026-06-21T05:06:21+00:00
diabetes,shapediscover,cost,embedding_s,0.0003,1,145,5,0.476,2,"{""knn"": 15, ""label_mode"": ""components"", ""lite"": false, ""loss_weights"": [1, 10, 1, 10], ""n_cover"": 15, ""regularization"": 10.0, ""threshold"": 0.5}",0.1.0,2026-06-21T05:06:21+00:00
diabetes,shapediscover,cost,fit_s,0.476,1,145,5,0.476,2,"{""knn"": 15, ""label_mode"": ""components"", ""lite"": false, ""loss_weights"": [1, 10, 1, 10], ""n_cover"": 15, ""regularization"": 10.0, ""threshold"": 0.5}",0.1.0,2026-06-21T05:06:21+00:00
mice_protein,shapediscover,clustering,ari,0.1998855236545292,0,1080,77,2.015,15,"{""knn"": 15, ""label_mode"": ""components"", ""lite"": false, ""loss_weights"": [1, 10, 1, 10], ""n_cover"": 15, ""regularization"": 10.0, ""threshold"": 0.5}",0.1.0,2026-06-21T05:06:21+00:00
mice_protein,shapediscover,clustering,ami,0.45931409187774863,0,1080,77,2.015,15,"{""knn"": 15, ""label_mode"": ""components"", ""lite"": false, ""loss_weights"": [1, 10, 1, 10], ""n_cover"": 15, ""regularization"": 10.0, ""threshold"": 0.5}",0.1.0,2026-06-21T05:06:21+00:00
mice_protein,shapediscover,clustering,nmi,0.4699919939440299,0,1080,77,2.015,15,"{""knn"": 15, ""label_mode"": ""components"", ""lite"": false, ""loss_weights"": [1, 10, 1, 10], ""n_cover"": 15, ""regularization"": 10.0, ""threshold"": 0.5}",0.1.0,2026-06-21T05:06:21+00:00
mice_protein,shapediscover,clustering,homogeneity,0.3776025942583867,0,1080,77,2.015,15,"{""knn"": 15, ""label_mode"": ""components"", ""lite"": false, ""loss_weights"": [1, 10, 1, 10], ""n_cover"": 15, ""regularization"": 10.0, ""threshold"": 0.5}",0.1.0,2026-06-21T05:06:21+00:00
mice_protein,shapediscover,clustering,completeness,0.6222369777099286,0,1080,77,2.015,15,"{""knn"": 15, ""label_mode"": ""components"", ""lite"": false, ""loss_weights"": [1, 10, 1, 10], ""n_cover"": 15, ""regularization"": 10.0, ""threshold"": 0.5}",0.1.0,2026-06-21T05:06:21+00:00
mice_protein,shapediscover,clustering,n_clusters_pred,10.0,0,1080,77,2.015,15,"{""knn"": 15, ""label_mode"": ""components"", ""lite"": false, ""loss_weights"": [1, 10, 1, 10], ""n_cover"": 15, ""regularization"": 10.0, ""threshold"": 0.5}",0.1.0,2026-06-21T05:06:21+00:00
mice_protein,shapediscover,clustering,n_clusters_true,8.0,0,1080,77,2.015,15,"{""knn"": 15, ""label_mode"": ""components"", ""lite"": false, ""loss_weights"": [1, 10, 1, 10], ""n_cover"": 15, ""regularization"": 10.0, ""threshold"": 0.5}",0.1.0,2026-06-21T05:06:21+00:00
mice_protein,shapediscover,embedding,trustworthiness,0.6690135720709672,0,1080,77,2.015,15,"{""knn"": 15, ""label_mode"": ""components"", ""lite"": false, ""loss_weights"": [1, 10, 1, 10], ""n_cover"": 15, ""regularization"": 10.0, ""threshold"": 0.5}",0.1.0,2026-06-21T05:06:21+00:00
mice_protein,shapediscover,embedding,continuity,0.8152227361388509,0,1080,77,2.015,15,"{""knn"": 15, ""label_mode"": ""components"", ""lite"": false, ""loss_weights"": [1, 10, 1, 10], ""n_cover"": 15, ""regularization"": 10.0, ""threshold"": 0.5}",0.1.0,2026-06-21T05:06:21+00:00
mice_protein,shapediscover,embedding,knn_recall,0.1954320987654321,0,1080,77,2.015,15,"{""knn"": 15, ""label_mode"": ""components"", ""lite"": false, ""loss_weights"": [1, 10, 1, 10], ""n_cover"": 15, ""regularization"": 10.0, ""threshold"": 0.5}",0.1.0,2026-06-21T05:06:21+00:00
mice_protein,shapediscover,embedding,global_corr,0.15832478817870022,0,1080,77,2.015,15,"{""knn"": 15, ""label_mode"": ""components"", ""lite"": false, ""loss_weights"": [1, 10, 1, 10], ""n_cover"": 15, ""regularization"": 10.0, ""threshold"": 0.5}",0.1.0,2026-06-21T05:06:21+00:00
mice_protein,shapediscover,cost,clustering_s,0.0008,0,1080,77,2.015,15,"{""knn"": 15, ""label_mode"": ""components"", ""lite"": false, ""loss_weights"": [1, 10, 1, 10], ""n_cover"": 15, ""regularization"": 10.0, ""threshold"": 0.5}",0.1.0,2026-06-21T05:06:21+00:00
mice_protein,shapediscover,cost,embedding_s,0.0029,0,1080,77,2.015,15,"{""knn"": 15, ""label_mode"": ""components"", ""lite"": false, ""loss_weights"": [1, 10, 1, 10], ""n_cover"": 15, ""regularization"": 10.0, ""threshold"": 0.5}",0.1.0,2026-06-21T05:06:21+00:00
mice_protein,shapediscover,cost,fit_s,2.015,0,1080,77,2.015,15,"{""knn"": 15, ""label_mode"": ""components"", ""lite"": false, ""loss_weights"": [1, 10, 1, 10], ""n_cover"": 15, ""regularization"": 10.0, ""threshold"": 0.5}",0.1.0,2026-06-21T05:06:21+00:00
mice_protein,shapediscover,clustering,ari,0.19267028833768937,1,1080,77,1.841,15,"{""knn"": 15, ""label_mode"": ""components"", ""lite"": false, ""loss_weights"": [1, 10, 1, 10], ""n_cover"": 15, ""regularization"": 10.0, ""threshold"": 0.5}",0.1.0,2026-06-21T05:06:21+00:00
mice_protein,shapediscover,clustering,ami,0.4419434665304784,1,1080,77,1.841,15,"{""knn"": 15, ""label_mode"": ""components"", ""lite"": false, ""loss_weights"": [1, 10, 1, 10], ""n_cover"": 15, ""regularization"": 10.0, ""threshold"": 0.5}",0.1.0,2026-06-21T05:06:21+00:00
mice_protein,shapediscover,clustering,nmi,0.4510079849244201,1,1080,77,1.841,15,"{""knn"": 15, ""label_mode"": ""components"", ""lite"": false, ""loss_weights"": [1, 10, 1, 10], ""n_cover"": 15, ""regularization"": 10.0, ""threshold"": 0.5}",0.1.0,2026-06-21T05:06:21+00:00
mice_protein,shapediscover,clustering,homogeneity,0.3432651591734762,1,1080,77,1.841,15,"{""knn"": 15, ""label_mode"": ""components"", ""lite"": false, ""loss_weights"": [1, 10, 1, 10], ""n_cover"": 15, ""regularization"": 10.0, ""threshold"": 0.5}",0.1.0,2026-06-21T05:06:21+00:00
mice_protein,shapediscover,clustering,completeness,0.6573275896339209,1,1080,77,1.841,15,"{""knn"": 15, ""label_mode"": ""components"", ""lite"": false, ""loss_weights"": [1, 10, 1, 10], ""n_cover"": 15, ""regularization"": 10.0, ""threshold"": 0.5}",0.1.0,2026-06-21T05:06:21+00:00
mice_protein,shapediscover,clustering,n_clusters_pred,8.0,1,1080,77,1.841,15,"{""knn"": 15, ""label_mode"": ""components"", ""lite"": false, ""loss_weights"": [1, 10, 1, 10], ""n_cover"": 15, ""regularization"": 10.0, ""threshold"": 0.5}",0.1.0,2026-06-21T05:06:21+00:00
mice_protein,shapediscover,clustering,n_clusters_true,8.0,1,1080,77,1.841,15,"{""knn"": 15, ""label_mode"": ""components"", ""lite"": false, ""loss_weights"": [1, 10, 1, 10], ""n_cover"": 15, ""regularization"": 10.0, ""threshold"": 0.5}",0.1.0,2026-06-21T05:06:21+00:00
mice_protein,shapediscover,embedding,trustworthiness,0.8597244706074728,1,1080,77,1.841,15,"{""knn"": 15, ""label_mode"": ""components"", ""lite"": false, ""loss_weights"": [1, 10, 1, 10], ""n_cover"": 15, ""regularization"": 10.0, ""threshold"": 0.5}",0.1.0,2026-06-21T05:06:21+00:00
mice_protein,shapediscover,embedding,continuity,0.937439877594403,1,1080,77,1.841,15,"{""knn"": 15, ""label_mode"": ""components"", ""lite"": false, ""loss_weights"": [1, 10, 1, 10], ""n_cover"": 15, ""regularization"": 10.0, ""threshold"": 0.5}",0.1.0,2026-06-21T05:06:21+00:00
mice_protein,shapediscover,embedding,knn_recall,0.4188271604938272,1,1080,77,1.841,15,"{""knn"": 15, ""label_mode"": ""components"", ""lite"": false, ""loss_weights"": [1, 10, 1, 10], ""n_cover"": 15, ""regularization"": 10.0, ""threshold"": 0.5}",0.1.0,2026-06-21T05:06:21+00:00
mice_protein,shapediscover,embedding,global_corr,0.2213012135357651,1,1080,77,1.841,15,"{""knn"": 15, ""label_mode"": ""components"", ""lite"": false, ""loss_weights"": [1, 10, 1, 10], ""n_cover"": 15, ""regularization"": 10.0, ""threshold"": 0.5}",0.1.0,2026-06-21T05:06:21+00:00
mice_protein,shapediscover,cost,clustering_s,0.0008,1,1080,77,1.841,15,"{""knn"": 15, ""label_mode"": ""components"", ""lite"": false, ""loss_weights"": [1, 10, 1, 10], ""n_cover"": 15, ""regularization"": 10.0, ""threshold"": 0.5}",0.1.0,2026-06-21T05:06:21+00:00
mice_protein,shapediscover,cost,embedding_s,0.0028,1,1080,77,1.841,15,"{""knn"": 15, ""label_mode"": ""components"", ""lite"": false, ""loss_weights"": [1, 10, 1, 10], ""n_cover"": 15, ""regularization"": 10.0, ""threshold"": 0.5}",0.1.0,2026-06-21T05:06:21+00:00
mice_protein,shapediscover,cost,fit_s,1.841,1,1080,77,1.841,15,"{""knn"": 15, ""label_mode"": ""components"", ""lite"": false, ""loss_weights"": [1, 10, 1, 10], ""n_cover"": 15, ""regularization"": 10.0, ""threshold"": 0.5}",0.1.0,2026-06-21T05:06:21+00:00
dynamical_system,shapediscover,topology,recovery_quotient,0.0,0,2022,10,2.806,15,"{""knn"": 15, ""label_mode"": ""components"", ""lite"": false, ""loss_weights"": [1, 10, 1, 10], ""n_cover"": 15, ""regularization"": 10.0, ""threshold"": 0.5}",0.1.0,2026-06-21T05:06:21+00:00
dynamical_system,shapediscover,topology,complex_size,1940.0,0,2022,10,2.806,15,"{""knn"": 15, ""label_mode"": ""components"", ""lite"": false, ""loss_weights"": [1, 10, 1, 10], ""n_cover"": 15, ""regularization"": 10.0, ""threshold"": 0.5}",0.1.0,2026-06-21T05:06:21+00:00
dynamical_system,shapediscover,topology,bar_dominance_min,1.019,0,2022,10,2.806,15,"{""knn"": 15, ""label_mode"": ""components"", ""lite"": false, ""loss_weights"": [1, 10, 1, 10], ""n_cover"": 15, ""regularization"": 10.0, ""threshold"": 0.5}",0.1.0,2026-06-21T05:06:21+00:00
dynamical_system,shapediscover,topology,bar_dominance_h0,1000.0,0,2022,10,2.806,15,"{""knn"": 15, ""label_mode"": ""components"", ""lite"": false, ""loss_weights"": [1, 10, 1, 10], ""n_cover"": 15, ""regularization"": 10.0, ""threshold"": 0.5}",0.1.0,2026-06-21T05:06:21+00:00
dynamical_system,shapediscover,topology,bar_dominance_h1,1.019,0,2022,10,2.806,15,"{""knn"": 15, ""label_mode"": ""components"", ""lite"": false, ""loss_weights"": [1, 10, 1, 10], ""n_cover"": 15, ""regularization"": 10.0, ""threshold"": 0.5}",0.1.0,2026-06-21T05:06:21+00:00
dynamical_system,shapediscover,topology,bar_dominance_h2,1.313,0,2022,10,2.806,15,"{""knn"": 15, ""label_mode"": ""components"", ""lite"": false, ""loss_weights"": [1, 10, 1, 10], ""n_cover"": 15, ""regularization"": 10.0, ""threshold"": 0.5}",0.1.0,2026-06-21T05:06:21+00:00
dynamical_system,shapediscover,embedding,trustworthiness,0.9724976236882041,0,2022,10,2.806,15,"{""knn"": 15, ""label_mode"": ""components"", ""lite"": false, ""loss_weights"": [1, 10, 1, 10], ""n_cover"": 15, ""regularization"": 10.0, ""threshold"": 0.5}",0.1.0,2026-06-21T05:06:21+00:00
dynamical_system,shapediscover,embedding,continuity,0.9900226242366155,0,2022,10,2.806,15,"{""knn"": 15, ""label_mode"": ""components"", ""lite"": false, ""loss_weights"": [1, 10, 1, 10], ""n_cover"": 15, ""regularization"": 10.0, ""threshold"": 0.5}",0.1.0,2026-06-21T05:06:21+00:00
dynamical_system,shapediscover,embedding,knn_recall,0.4817342565117046,0,2022,10,2.806,15,"{""knn"": 15, ""label_mode"": ""components"", ""lite"": false, ""loss_weights"": [1, 10, 1, 10], ""n_cover"": 15, ""regularization"": 10.0, ""threshold"": 0.5}",0.1.0,2026-06-21T05:06:21+00:00
dynamical_system,shapediscover,embedding,global_corr,0.8260507711232931,0,2022,10,2.806,15,"{""knn"": 15, ""label_mode"": ""components"", ""lite"": false, ""loss_weights"": [1, 10, 1, 10], ""n_cover"": 15, ""regularization"": 10.0, ""threshold"": 0.5}",0.1.0,2026-06-21T05:06:21+00:00
dynamical_system,shapediscover,cost,persistence_s,0.0027,0,2022,10,2.806,15,"{""knn"": 15, ""label_mode"": ""components"", ""lite"": false, ""loss_weights"": [1, 10, 1, 10], ""n_cover"": 15, ""regularization"": 10.0, ""threshold"": 0.5}",0.1.0,2026-06-21T05:06:21+00:00
dynamical_system,shapediscover,cost,complex_size,1940.0,0,2022,10,2.806,15,"{""knn"": 15, ""label_mode"": ""components"", ""lite"": false, ""loss_weights"": [1, 10, 1, 10], ""n_cover"": 15, ""regularization"": 10.0, ""threshold"": 0.5}",0.1.0,2026-06-21T05:06:21+00:00
dynamical_system,shapediscover,cost,embedding_s,0.0032,0,2022,10,2.806,15,"{""knn"": 15, ""label_mode"": ""components"", ""lite"": false, ""loss_weights"": [1, 10, 1, 10], ""n_cover"": 15, ""regularization"": 10.0, ""threshold"": 0.5}",0.1.0,2026-06-21T05:06:21+00:00
dynamical_system,shapediscover,cost,fit_s,2.806,0,2022,10,2.806,15,"{""knn"": 15, ""label_mode"": ""components"", ""lite"": false, ""loss_weights"": [1, 10, 1, 10], ""n_cover"": 15, ""regularization"": 10.0, ""threshold"": 0.5}",0.1.0,2026-06-21T05:06:21+00:00
dynamical_system,shapediscover,topology,recovery_quotient,0.013,1,2022,10,2.8,15,"{""knn"": 15, ""label_mode"": ""components"", ""lite"": false, ""loss_weights"": [1, 10, 1, 10], ""n_cover"": 15, ""regularization"": 10.0, ""threshold"": 0.5}",0.1.0,2026-06-21T05:06:21+00:00
dynamical_system,shapediscover,topology,complex_size,1940.0,1,2022,10,2.8,15,"{""knn"": 15, ""label_mode"": ""components"", ""lite"": false, ""loss_weights"": [1, 10, 1, 10], ""n_cover"": 15, ""regularization"": 10.0, ""threshold"": 0.5}",0.1.0,2026-06-21T05:06:21+00:00
dynamical_system,shapediscover,topology,bar_dominance_min,1.047,1,2022,10,2.8,15,"{""knn"": 15, ""label_mode"": ""components"", ""lite"": false, ""loss_weights"": [1, 10, 1, 10], ""n_cover"": 15, ""regularization"": 10.0, ""threshold"": 0.5}",0.1.0,2026-06-21T05:06:21+00:00
dynamical_system,shapediscover,topology,bar_dominance_h0,1000.0,1,2022,10,2.8,15,"{""knn"": 15, ""label_mode"": ""components"", ""lite"": false, ""loss_weights"": [1, 10, 1, 10], ""n_cover"": 15, ""regularization"": 10.0, ""threshold"": 0.5}",0.1.0,2026-06-21T05:06:21+00:00
dynamical_system,shapediscover,topology,bar_dominance_h1,1.047,1,2022,10,2.8,15,"{""knn"": 15, ""label_mode"": ""components"", ""lite"": false, ""loss_weights"": [1, 10, 1, 10], ""n_cover"": 15, ""regularization"": 10.0, ""threshold"": 0.5}",0.1.0,2026-06-21T05:06:21+00:00
dynamical_system,shapediscover,topology,bar_dominance_h2,1.28,1,2022,10,2.8,15,"{""knn"": 15, ""label_mode"": ""components"", ""lite"": false, ""loss_weights"": [1, 10, 1, 10], ""n_cover"": 15, ""regularization"": 10.0, ""threshold"": 0.5}",0.1.0,2026-06-21T05:06:21+00:00
dynamical_system,shapediscover,embedding,trustworthiness,0.965589388825636,1,2022,10,2.8,15,"{""knn"": 15, ""label_mode"": ""components"", ""lite"": false, ""loss_weights"": [1, 10, 1, 10], ""n_cover"": 15, ""regularization"": 10.0, ""threshold"": 0.5}",0.1.0,2026-06-21T05:06:21+00:00
dynamical_system,shapediscover,embedding,continuity,0.9871511258431722,1,2022,10,2.8,15,"{""knn"": 15, ""label_mode"": ""components"", ""lite"": false, ""loss_weights"": [1, 10, 1, 10], ""n_cover"": 15, ""regularization"": 10.0, ""threshold"": 0.5}",0.1.0,2026-06-21T05:06:21+00:00
dynamical_system,shapediscover,embedding,knn_recall,0.4346191889218595,1,2022,10,2.8,15,"{""knn"": 15, ""label_mode"": ""components"", ""lite"": false, ""loss_weights"": [1, 10, 1, 10], ""n_cover"": 15, ""regularization"": 10.0, ""threshold"": 0.5}",0.1.0,2026-06-21T05:06:21+00:00
dynamical_system,shapediscover,embedding,global_corr,0.7991394038233083,1,2022,10,2.8,15,"{""knn"": 15, ""label_mode"": ""components"", ""lite"": false, ""loss_weights"": [1, 10, 1, 10], ""n_cover"": 15, ""regularization"": 10.0, ""threshold"": 0.5}",0.1.0,2026-06-21T05:06:21+00:00
dynamical_system,shapediscover,cost,persistence_s,0.0027,1,2022,10,2.8,15,"{""knn"": 15, ""label_mode"": ""components"", ""lite"": false, ""loss_weights"": [1, 10, 1, 10], ""n_cover"": 15, ""regularization"": 10.0, ""threshold"": 0.5}",0.1.0,2026-06-21T05:06:21+00:00
dynamical_system,shapediscover,cost,complex_size,1940.0,1,2022,10,2.8,15,"{""knn"": 15, ""label_mode"": ""components"", ""lite"": false, ""loss_weights"": [1, 10, 1, 10], ""n_cover"": 15, ""regularization"": 10.0, ""threshold"": 0.5}",0.1.0,2026-06-21T05:06:21+00:00
dynamical_system,shapediscover,cost,embedding_s,0.0032,1,2022,10,2.8,15,"{""knn"": 15, ""label_mode"": ""components"", ""lite"": false, ""loss_weights"": [1, 10, 1, 10], ""n_cover"": 15, ""regularization"": 10.0, ""threshold"": 0.5}",0.1.0,2026-06-21T05:06:21+00:00
dynamical_system,shapediscover,cost,fit_s,2.8,1,2022,10,2.8,15,"{""knn"": 15, ""label_mode"": ""components"", ""lite"": false, ""loss_weights"": [1, 10, 1, 10], ""n_cover"": 15, ""regularization"": 10.0, ""threshold"": 0.5}",0.1.0,2026-06-21T05:06:21+00:00
mnist,shapediscover,clustering,ari,6.8197583833079785e-06,0,3000,784,4.142,5,"{""knn"": 15, ""label_mode"": ""components"", ""lite"": false, ""loss_weights"": [1, 10, 1, 10], ""n_cover"": 15, ""regularization"": 10.0, ""threshold"": 0.5}",0.1.0,2026-06-21T05:06:21+00:00
mnist,shapediscover,clustering,ami,1.2701989179765626e-05,0,3000,784,4.142,5,"{""knn"": 15, ""label_mode"": ""components"", ""lite"": false, ""loss_weights"": [1, 10, 1, 10], ""n_cover"": 15, ""regularization"": 10.0, ""threshold"": 0.5}",0.1.0,2026-06-21T05:06:21+00:00
mnist,shapediscover,clustering,nmi,0.0006789258448353545,0,3000,784,4.142,5,"{""knn"": 15, ""label_mode"": ""components"", ""lite"": false, ""loss_weights"": [1, 10, 1, 10], ""n_cover"": 15, ""regularization"": 10.0, ""threshold"": 0.5}",0.1.0,2026-06-21T05:06:21+00:00
mnist,shapediscover,clustering,homogeneity,0.0003399060757637557,0,3000,784,4.142,5,"{""knn"": 15, ""label_mode"": ""components"", ""lite"": false, ""loss_weights"": [1, 10, 1, 10], ""n_cover"": 15, ""regularization"": 10.0, ""threshold"": 0.5}",0.1.0,2026-06-21T05:06:21+00:00
mnist,shapediscover,clustering,completeness,0.2603737754602608,0,3000,784,4.142,5,"{""knn"": 15, ""label_mode"": ""components"", ""lite"": false, ""loss_weights"": [1, 10, 1, 10], ""n_cover"": 15, ""regularization"": 10.0, ""threshold"": 0.5}",0.1.0,2026-06-21T05:06:21+00:00
mnist,shapediscover,clustering,n_clusters_pred,2.0,0,3000,784,4.142,5,"{""knn"": 15, ""label_mode"": ""components"", ""lite"": false, ""loss_weights"": [1, 10, 1, 10], ""n_cover"": 15, ""regularization"": 10.0, ""threshold"": 0.5}",0.1.0,2026-06-21T05:06:21+00:00
mnist,shapediscover,clustering,n_clusters_true,10.0,0,3000,784,4.142,5,"{""knn"": 15, ""label_mode"": ""components"", ""lite"": false, ""loss_weights"": [1, 10, 1, 10], ""n_cover"": 15, ""regularization"": 10.0, ""threshold"": 0.5}",0.1.0,2026-06-21T05:06:21+00:00
mnist,shapediscover,embedding,trustworthiness,0.8282571268614937,0,3000,784,4.142,5,"{""knn"": 15, ""label_mode"": ""components"", ""lite"": false, ""loss_weights"": [1, 10, 1, 10], ""n_cover"": 15, ""regularization"": 10.0, ""threshold"": 0.5}",0.1.0,2026-06-21T05:06:21+00:00
mnist,shapediscover,embedding,continuity,0.9298763408352928,0,3000,784,4.142,5,"{""knn"": 15, ""label_mode"": ""components"", ""lite"": false, ""loss_weights"": [1, 10, 1, 10], ""n_cover"": 15, ""regularization"": 10.0, ""threshold"": 0.5}",0.1.0,2026-06-21T05:06:21+00:00
mnist,shapediscover,embedding,knn_recall,0.2001111111111111,0,3000,784,4.142,5,"{""knn"": 15, ""label_mode"": ""components"", ""lite"": false, ""loss_weights"": [1, 10, 1, 10], ""n_cover"": 15, ""regularization"": 10.0, ""threshold"": 0.5}",0.1.0,2026-06-21T05:06:21+00:00
mnist,shapediscover,embedding,global_corr,0.3104967619922093,0,3000,784,4.142,5,"{""knn"": 15, ""label_mode"": ""components"", ""lite"": false, ""loss_weights"": [1, 10, 1, 10], ""n_cover"": 15, ""regularization"": 10.0, ""threshold"": 0.5}",0.1.0,2026-06-21T05:06:21+00:00
mnist,shapediscover,cost,clustering_s,0.0005,0,3000,784,4.142,5,"{""knn"": 15, ""label_mode"": ""components"", ""lite"": false, ""loss_weights"": [1, 10, 1, 10], ""n_cover"": 15, ""regularization"": 10.0, ""threshold"": 0.5}",0.1.0,2026-06-21T05:06:21+00:00
mnist,shapediscover,cost,embedding_s,0.0021,0,3000,784,4.142,5,"{""knn"": 15, ""label_mode"": ""components"", ""lite"": false, ""loss_weights"": [1, 10, 1, 10], ""n_cover"": 15, ""regularization"": 10.0, ""threshold"": 0.5}",0.1.0,2026-06-21T05:06:21+00:00
mnist,shapediscover,cost,fit_s,4.142,0,3000,784,4.142,5,"{""knn"": 15, ""label_mode"": ""components"", ""lite"": false, ""loss_weights"": [1, 10, 1, 10], ""n_cover"": 15, ""regularization"": 10.0, ""threshold"": 0.5}",0.1.0,2026-06-21T05:06:21+00:00
mnist,shapediscover,clustering,ari,0.0,1,3000,784,2.761,4,"{""knn"": 15, ""label_mode"": ""components"", ""lite"": false, ""loss_weights"": [1, 10, 1, 10], ""n_cover"": 15, ""regularization"": 10.0, ""threshold"": 0.5}",0.1.0,2026-06-21T05:06:21+00:00
mnist,shapediscover,clustering,ami,0.0,1,3000,784,2.761,4,"{""knn"": 15, ""label_mode"": ""components"", ""lite"": false, ""loss_weights"": [1, 10, 1, 10], ""n_cover"": 15, ""regularization"": 10.0, ""threshold"": 0.5}",0.1.0,2026-06-21T05:06:21+00:00
mnist,shapediscover,clustering,nmi,0.0,1,3000,784,2.761,4,"{""knn"": 15, ""label_mode"": ""components"", ""lite"": false, ""loss_weights"": [1, 10, 1, 10], ""n_cover"": 15, ""regularization"": 10.0, ""threshold"": 0.5}",0.1.0,2026-06-21T05:06:21+00:00
mnist,shapediscover,clustering,homogeneity,0.0,1,3000,784,2.761,4,"{""knn"": 15, ""label_mode"": ""components"", ""lite"": false, ""loss_weights"": [1, 10, 1, 10], ""n_cover"": 15, ""regularization"": 10.0, ""threshold"": 0.5}",0.1.0,2026-06-21T05:06:21+00:00
mnist,shapediscover,clustering,completeness,1.0,1,3000,784,2.761,4,"{""knn"": 15, ""label_mode"": ""components"", ""lite"": false, ""loss_weights"": [1, 10, 1, 10], ""n_cover"": 15, ""regularization"": 10.0, ""threshold"": 0.5}",0.1.0,2026-06-21T05:06:21+00:00
mnist,shapediscover,clustering,n_clusters_pred,1.0,1,3000,784,2.761,4,"{""knn"": 15, ""label_mode"": ""components"", ""lite"": false, ""loss_weights"": [1, 10, 1, 10], ""n_cover"": 15, ""regularization"": 10.0, ""threshold"": 0.5}",0.1.0,2026-06-21T05:06:21+00:00
mnist,shapediscover,clustering,n_clusters_true,10.0,1,3000,784,2.761,4,"{""knn"": 15, ""label_mode"": ""components"", ""lite"": false, ""loss_weights"": [1, 10, 1, 10], ""n_cover"": 15, ""regularization"": 10.0, ""threshold"": 0.5}",0.1.0,2026-06-21T05:06:21+00:00
mnist,shapediscover,embedding,trustworthiness,0.784877654611279,1,3000,784,2.761,4,"{""knn"": 15, ""label_mode"": ""components"", ""lite"": false, ""loss_weights"": [1, 10, 1, 10], ""n_cover"": 15, ""regularization"": 10.0, ""threshold"": 0.5}",0.1.0,2026-06-21T05:06:21+00:00
mnist,shapediscover,embedding,continuity,0.8967362445414847,1,3000,784,2.761,4,"{""knn"": 15, ""label_mode"": ""components"", ""lite"": false, ""loss_weights"": [1, 10, 1, 10], ""n_cover"": 15, ""regularization"": 10.0, ""threshold"": 0.5}",0.1.0,2026-06-21T05:06:21+00:00
mnist,shapediscover,embedding,knn_recall,0.15202222222222223,1,3000,784,2.761,4,"{""knn"": 15, ""label_mode"": ""components"", ""lite"": false, ""loss_weights"": [1, 10, 1, 10], ""n_cover"": 15, ""regularization"": 10.0, ""threshold"": 0.5}",0.1.0,2026-06-21T05:06:21+00:00
mnist,shapediscover,embedding,global_corr,0.3566650843868104,1,3000,784,2.761,4,"{""knn"": 15, ""label_mode"": ""components"", ""lite"": false, ""loss_weights"": [1, 10, 1, 10], ""n_cover"": 15, ""regularization"": 10.0, ""threshold"": 0.5}",0.1.0,2026-06-21T05:06:21+00:00
mnist,shapediscover,cost,clustering_s,0.0004,1,3000,784,2.761,4,"{""knn"": 15, ""label_mode"": ""components"", ""lite"": false, ""loss_weights"": [1, 10, 1, 10], ""n_cover"": 15, ""regularization"": 10.0, ""threshold"": 0.5}",0.1.0,2026-06-21T05:06:21+00:00
mnist,shapediscover,cost,embedding_s,0.002,1,3000,784,2.761,4,"{""knn"": 15, ""label_mode"": ""components"", ""lite"": false, ""loss_weights"": [1, 10, 1, 10], ""n_cover"": 15, ""regularization"": 10.0, ""threshold"": 0.5}",0.1.0,2026-06-21T05:06:21+00:00
mnist,shapediscover,cost,fit_s,2.761,1,3000,784,2.761,4,"{""knn"": 15, ""label_mode"": ""components"", ""lite"": false, ""loss_weights"": [1, 10, 1, 10], ""n_cover"": 15, ""regularization"": 10.0, ""threshold"": 0.5}",0.1.0,2026-06-21T05:06:21+00:00
fashion_mnist,shapediscover,clustering,ari,0.0,0,3000,784,6.515,8,"{""knn"": 15, ""label_mode"": ""components"", ""lite"": false, ""loss_weights"": [1, 10, 1, 10], ""n_cover"": 15, ""regularization"": 10.0, ""threshold"": 0.5}",0.1.0,2026-06-21T05:06:21+00:00
fashion_mnist,shapediscover,clustering,ami,0.0,0,3000,784,6.515,8,"{""knn"": 15, ""label_mode"": ""components"", ""lite"": false, ""loss_weights"": [1, 10, 1, 10], ""n_cover"": 15, ""regularization"": 10.0, ""threshold"": 0.5}",0.1.0,2026-06-21T05:06:21+00:00
fashion_mnist,shapediscover,clustering,nmi,0.0,0,3000,784,6.515,8,"{""knn"": 15, ""label_mode"": ""components"", ""lite"": false, ""loss_weights"": [1, 10, 1, 10], ""n_cover"": 15, ""regularization"": 10.0, ""threshold"": 0.5}",0.1.0,2026-06-21T05:06:21+00:00
fashion_mnist,shapediscover,clustering,homogeneity,0.0,0,3000,784,6.515,8,"{""knn"": 15, ""label_mode"": ""components"", ""lite"": false, ""loss_weights"": [1, 10, 1, 10], ""n_cover"": 15, ""regularization"": 10.0, ""threshold"": 0.5}",0.1.0,2026-06-21T05:06:21+00:00
fashion_mnist,shapediscover,clustering,completeness,1.0,0,3000,784,6.515,8,"{""knn"": 15, ""label_mode"": ""components"", ""lite"": false, ""loss_weights"": [1, 10, 1, 10], ""n_cover"": 15, ""regularization"": 10.0, ""threshold"": 0.5}",0.1.0,2026-06-21T05:06:21+00:00
fashion_mnist,shapediscover,clustering,n_clusters_pred,1.0,0,3000,784,6.515,8,"{""knn"": 15, ""label_mode"": ""components"", ""lite"": false, ""loss_weights"": [1, 10, 1, 10], ""n_cover"": 15, ""regularization"": 10.0, ""threshold"": 0.5}",0.1.0,2026-06-21T05:06:21+00:00
fashion_mnist,shapediscover,clustering,n_clusters_true,10.0,0,3000,784,6.515,8,"{""knn"": 15, ""label_mode"": ""components"", ""lite"": false, ""loss_weights"": [1, 10, 1, 10], ""n_cover"": 15, ""regularization"": 10.0, ""threshold"": 0.5}",0.1.0,2026-06-21T05:06:21+00:00
fashion_mnist,shapediscover,embedding,trustworthiness,0.9548999440152278,0,3000,784,6.515,8,"{""knn"": 15, ""label_mode"": ""components"", ""lite"": false, ""loss_weights"": [1, 10, 1, 10], ""n_cover"": 15, ""regularization"": 10.0, ""threshold"": 0.5}",0.1.0,2026-06-21T05:06:21+00:00
fashion_mnist,shapediscover,embedding,continuity,0.9714179001978128,0,3000,784,6.515,8,"{""knn"": 15, ""label_mode"": ""components"", ""lite"": false, ""loss_weights"": [1, 10, 1, 10], ""n_cover"": 15, ""regularization"": 10.0, ""threshold"": 0.5}",0.1.0,2026-06-21T05:06:21+00:00
fashion_mnist,shapediscover,embedding,knn_recall,0.25726666666666664,0,3000,784,6.515,8,"{""knn"": 15, ""label_mode"": ""components"", ""lite"": false, ""loss_weights"": [1, 10, 1, 10], ""n_cover"": 15, ""regularization"": 10.0, ""threshold"": 0.5}",0.1.0,2026-06-21T05:06:21+00:00
fashion_mnist,shapediscover,embedding,global_corr,0.6266369533571166,0,3000,784,6.515,8,"{""knn"": 15, ""label_mode"": ""components"", ""lite"": false, ""loss_weights"": [1, 10, 1, 10], ""n_cover"": 15, ""regularization"": 10.0, ""threshold"": 0.5}",0.1.0,2026-06-21T05:06:21+00:00
fashion_mnist,shapediscover,cost,clustering_s,0.0006,0,3000,784,6.515,8,"{""knn"": 15, ""label_mode"": ""components"", ""lite"": false, ""loss_weights"": [1, 10, 1, 10], ""n_cover"": 15, ""regularization"": 10.0, ""threshold"": 0.5}",0.1.0,2026-06-21T05:06:21+00:00
fashion_mnist,shapediscover,cost,embedding_s,0.0024,0,3000,784,6.515,8,"{""knn"": 15, ""label_mode"": ""components"", ""lite"": false, ""loss_weights"": [1, 10, 1, 10], ""n_cover"": 15, ""regularization"": 10.0, ""threshold"": 0.5}",0.1.0,2026-06-21T05:06:21+00:00
fashion_mnist,shapediscover,cost,fit_s,6.515,0,3000,784,6.515,8,"{""knn"": 15, ""label_mode"": ""components"", ""lite"": false, ""loss_weights"": [1, 10, 1, 10], ""n_cover"": 15, ""regularization"": 10.0, ""threshold"": 0.5}",0.1.0,2026-06-21T05:06:21+00:00
fashion_mnist,shapediscover,clustering,ari,0.0,1,3000,784,6.223,8,"{""knn"": 15, ""label_mode"": ""components"", ""lite"": false, ""loss_weights"": [1, 10, 1, 10], ""n_cover"": 15, ""regularization"": 10.0, ""threshold"": 0.5}",0.1.0,2026-06-21T05:06:21+00:00
fashion_mnist,shapediscover,clustering,ami,0.0,1,3000,784,6.223,8,"{""knn"": 15, ""label_mode"": ""components"", ""lite"": false, ""loss_weights"": [1, 10, 1, 10], ""n_cover"": 15, ""regularization"": 10.0, ""threshold"": 0.5}",0.1.0,2026-06-21T05:06:21+00:00
fashion_mnist,shapediscover,clustering,nmi,0.0,1,3000,784,6.223,8,"{""knn"": 15, ""label_mode"": ""components"", ""lite"": false, ""loss_weights"": [1, 10, 1, 10], ""n_cover"": 15, ""regularization"": 10.0, ""threshold"": 0.5}",0.1.0,2026-06-21T05:06:21+00:00
fashion_mnist,shapediscover,clustering,homogeneity,0.0,1,3000,784,6.223,8,"{""knn"": 15, ""label_mode"": ""components"", ""lite"": false, ""loss_weights"": [1, 10, 1, 10], ""n_cover"": 15, ""regularization"": 10.0, ""threshold"": 0.5}",0.1.0,2026-06-21T05:06:21+00:00
fashion_mnist,shapediscover,clustering,completeness,1.0,1,3000,784,6.223,8,"{""knn"": 15, ""label_mode"": ""components"", ""lite"": false, ""loss_weights"": [1, 10, 1, 10], ""n_cover"": 15, ""regularization"": 10.0, ""threshold"": 0.5}",0.1.0,2026-06-21T05:06:21+00:00
fashion_mnist,shapediscover,clustering,n_clusters_pred,1.0,1,3000,784,6.223,8,"{""knn"": 15, ""label_mode"": ""components"", ""lite"": false, ""loss_weights"": [1, 10, 1, 10], ""n_cover"": 15, ""regularization"": 10.0, ""threshold"": 0.5}",0.1.0,2026-06-21T05:06:21+00:00
fashion_mnist,shapediscover,clustering,n_clusters_true,10.0,1,3000,784,6.223,8,"{""knn"": 15, ""label_mode"": ""components"", ""lite"": false, ""loss_weights"": [1, 10, 1, 10], ""n_cover"": 15, ""regularization"": 10.0, ""threshold"": 0.5}",0.1.0,2026-06-21T05:06:21+00:00
fashion_mnist,shapediscover,embedding,trustworthiness,0.9441449707013025,1,3000,784,6.223,8,"{""knn"": 15, ""label_mode"": ""components"", ""lite"": false, ""loss_weights"": [1, 10, 1, 10], ""n_cover"": 15, ""regularization"": 10.0, ""threshold"": 0.5}",0.1.0,2026-06-21T05:06:21+00:00
fashion_mnist,shapediscover,embedding,continuity,0.9649961706415855,1,3000,784,6.223,8,"{""knn"": 15, ""label_mode"": ""components"", ""lite"": false, ""loss_weights"": [1, 10, 1, 10], ""n_cover"": 15, ""regularization"": 10.0, ""threshold"": 0.5}",0.1.0,2026-06-21T05:06:21+00:00
fashion_mnist,shapediscover,embedding,knn_recall,0.25055555555555553,1,3000,784,6.223,8,"{""knn"": 15, ""label_mode"": ""components"", ""lite"": false, ""loss_weights"": [1, 10, 1, 10], ""n_cover"": 15, ""regularization"": 10.0, ""threshold"": 0.5}",0.1.0,2026-06-21T05:06:21+00:00
fashion_mnist,shapediscover,embedding,global_corr,0.5165648265593937,1,3000,784,6.223,8,"{""knn"": 15, ""label_mode"": ""components"", ""lite"": false, ""loss_weights"": [1, 10, 1, 10], ""n_cover"": 15, ""regularization"": 10.0, ""threshold"": 0.5}",0.1.0,2026-06-21T05:06:21+00:00
fashion_mnist,shapediscover,cost,clustering_s,0.0006,1,3000,784,6.223,8,"{""knn"": 15, ""label_mode"": ""components"", ""lite"": false, ""loss_weights"": [1, 10, 1, 10], ""n_cover"": 15, ""regularization"": 10.0, ""threshold"": 0.5}",0.1.0,2026-06-21T05:06:21+00:00
fashion_mnist,shapediscover,cost,embedding_s,0.0023,1,3000,784,6.223,8,"{""knn"": 15, ""label_mode"": ""components"", ""lite"": false, ""loss_weights"": [1, 10, 1, 10], ""n_cover"": 15, ""regularization"": 10.0, ""threshold"": 0.5}",0.1.0,2026-06-21T05:06:21+00:00
fashion_mnist,shapediscover,cost,fit_s,6.223,1,3000,784,6.223,8,"{""knn"": 15, ""label_mode"": ""components"", ""lite"": false, ""loss_weights"": [1, 10, 1, 10], ""n_cover"": 15, ""regularization"": 10.0, ""threshold"": 0.5}",0.1.0,2026-06-21T05:06:21+00:00
celegans,shapediscover,clustering,ari,0.0,0,3000,50,2.408,15,"{""knn"": 15, ""label_mode"": ""components"", ""lite"": false, ""loss_weights"": [1, 10, 1, 10], ""n_cover"": 15, ""regularization"": 10.0, ""threshold"": 0.5}",0.1.0,2026-06-21T05:06:21+00:00
celegans,shapediscover,clustering,ami,0.0,0,3000,50,2.408,15,"{""knn"": 15, ""label_mode"": ""components"", ""lite"": false, ""loss_weights"": [1, 10, 1, 10], ""n_cover"": 15, ""regularization"": 10.0, ""threshold"": 0.5}",0.1.0,2026-06-21T05:06:21+00:00
celegans,shapediscover,clustering,nmi,0.0,0,3000,50,2.408,15,"{""knn"": 15, ""label_mode"": ""components"", ""lite"": false, ""loss_weights"": [1, 10, 1, 10], ""n_cover"": 15, ""regularization"": 10.0, ""threshold"": 0.5}",0.1.0,2026-06-21T05:06:21+00:00
celegans,shapediscover,clustering,homogeneity,0.0,0,3000,50,2.408,15,"{""knn"": 15, ""label_mode"": ""components"", ""lite"": false, ""loss_weights"": [1, 10, 1, 10], ""n_cover"": 15, ""regularization"": 10.0, ""threshold"": 0.5}",0.1.0,2026-06-21T05:06:21+00:00
celegans,shapediscover,clustering,completeness,1.0,0,3000,50,2.408,15,"{""knn"": 15, ""label_mode"": ""components"", ""lite"": false, ""loss_weights"": [1, 10, 1, 10], ""n_cover"": 15, ""regularization"": 10.0, ""threshold"": 0.5}",0.1.0,2026-06-21T05:06:21+00:00
celegans,shapediscover,clustering,n_clusters_pred,1.0,0,3000,50,2.408,15,"{""knn"": 15, ""label_mode"": ""components"", ""lite"": false, ""loss_weights"": [1, 10, 1, 10], ""n_cover"": 15, ""regularization"": 10.0, ""threshold"": 0.5}",0.1.0,2026-06-21T05:06:21+00:00
celegans,shapediscover,clustering,n_clusters_true,27.0,0,3000,50,2.408,15,"{""knn"": 15, ""label_mode"": ""components"", ""lite"": false, ""loss_weights"": [1, 10, 1, 10], ""n_cover"": 15, ""regularization"": 10.0, ""threshold"": 0.5}",0.1.0,2026-06-21T05:06:21+00:00
celegans,shapediscover,embedding,trustworthiness,0.8869601612361437,0,3000,50,2.408,15,"{""knn"": 15, ""label_mode"": ""components"", ""lite"": false, ""loss_weights"": [1, 10, 1, 10], ""n_cover"": 15, ""regularization"": 10.0, ""threshold"": 0.5}",0.1.0,2026-06-21T05:06:21+00:00
celegans,shapediscover,embedding,continuity,0.9557548912029261,0,3000,50,2.408,15,"{""knn"": 15, ""label_mode"": ""components"", ""lite"": false, ""loss_weights"": [1, 10, 1, 10], ""n_cover"": 15, ""regularization"": 10.0, ""threshold"": 0.5}",0.1.0,2026-06-21T05:06:21+00:00
celegans,shapediscover,embedding,knn_recall,0.2803333333333333,0,3000,50,2.408,15,"{""knn"": 15, ""label_mode"": ""components"", ""lite"": false, ""loss_weights"": [1, 10, 1, 10], ""n_cover"": 15, ""regularization"": 10.0, ""threshold"": 0.5}",0.1.0,2026-06-21T05:06:21+00:00
celegans,shapediscover,embedding,global_corr,0.33349522041323154,0,3000,50,2.408,15,"{""knn"": 15, ""label_mode"": ""components"", ""lite"": false, ""loss_weights"": [1, 10, 1, 10], ""n_cover"": 15, ""regularization"": 10.0, ""threshold"": 0.5}",0.1.0,2026-06-21T05:06:21+00:00
celegans,shapediscover,cost,clustering_s,0.0012,0,3000,50,2.408,15,"{""knn"": 15, ""label_mode"": ""components"", ""lite"": false, ""loss_weights"": [1, 10, 1, 10], ""n_cover"": 15, ""regularization"": 10.0, ""threshold"": 0.5}",0.1.0,2026-06-21T05:06:21+00:00
celegans,shapediscover,cost,embedding_s,0.0035,0,3000,50,2.408,15,"{""knn"": 15, ""label_mode"": ""components"", ""lite"": false, ""loss_weights"": [1, 10, 1, 10], ""n_cover"": 15, ""regularization"": 10.0, ""threshold"": 0.5}",0.1.0,2026-06-21T05:06:21+00:00
celegans,shapediscover,cost,fit_s,2.408,0,3000,50,2.408,15,"{""knn"": 15, ""label_mode"": ""components"", ""lite"": false, ""loss_weights"": [1, 10, 1, 10], ""n_cover"": 15, ""regularization"": 10.0, ""threshold"": 0.5}",0.1.0,2026-06-21T05:06:21+00:00
celegans,shapediscover,clustering,ari,0.0,1,3000,50,2.886,15,"{""knn"": 15, ""label_mode"": ""components"", ""lite"": false, ""loss_weights"": [1, 10, 1, 10], ""n_cover"": 15, ""regularization"": 10.0, ""threshold"": 0.5}",0.1.0,2026-06-21T05:06:21+00:00
celegans,shapediscover,clustering,ami,0.0,1,3000,50,2.886,15,"{""knn"": 15, ""label_mode"": ""components"", ""lite"": false, ""loss_weights"": [1, 10, 1, 10], ""n_cover"": 15, ""regularization"": 10.0, ""threshold"": 0.5}",0.1.0,2026-06-21T05:06:21+00:00
celegans,shapediscover,clustering,nmi,0.0,1,3000,50,2.886,15,"{""knn"": 15, ""label_mode"": ""components"", ""lite"": false, ""loss_weights"": [1, 10, 1, 10], ""n_cover"": 15, ""regularization"": 10.0, ""threshold"": 0.5}",0.1.0,2026-06-21T05:06:21+00:00
celegans,shapediscover,clustering,homogeneity,0.0,1,3000,50,2.886,15,"{""knn"": 15, ""label_mode"": ""components"", ""lite"": false, ""loss_weights"": [1, 10, 1, 10], ""n_cover"": 15, ""regularization"": 10.0, ""threshold"": 0.5}",0.1.0,2026-06-21T05:06:21+00:00
celegans,shapediscover,clustering,completeness,1.0,1,3000,50,2.886,15,"{""knn"": 15, ""label_mode"": ""components"", ""lite"": false, ""loss_weights"": [1, 10, 1, 10], ""n_cover"": 15, ""regularization"": 10.0, ""threshold"": 0.5}",0.1.0,2026-06-21T05:06:21+00:00
celegans,shapediscover,clustering,n_clusters_pred,1.0,1,3000,50,2.886,15,"{""knn"": 15, ""label_mode"": ""components"", ""lite"": false, ""loss_weights"": [1, 10, 1, 10], ""n_cover"": 15, ""regularization"": 10.0, ""threshold"": 0.5}",0.1.0,2026-06-21T05:06:21+00:00
celegans,shapediscover,clustering,n_clusters_true,27.0,1,3000,50,2.886,15,"{""knn"": 15, ""label_mode"": ""components"", ""lite"": false, ""loss_weights"": [1, 10, 1, 10], ""n_cover"": 15, ""regularization"": 10.0, ""threshold"": 0.5}",0.1.0,2026-06-21T05:06:21+00:00
celegans,shapediscover,embedding,trustworthiness,0.9343214197738215,1,3000,50,2.886,15,"{""knn"": 15, ""label_mode"": ""components"", ""lite"": false, ""loss_weights"": [1, 10, 1, 10], ""n_cover"": 15, ""regularization"": 10.0, ""threshold"": 0.5}",0.1.0,2026-06-21T05:06:21+00:00
celegans,shapediscover,embedding,continuity,0.965297883775613,1,3000,50,2.886,15,"{""knn"": 15, ""label_mode"": ""components"", ""lite"": false, ""loss_weights"": [1, 10, 1, 10], ""n_cover"": 15, ""regularization"": 10.0, ""threshold"": 0.5}",0.1.0,2026-06-21T05:06:21+00:00
celegans,shapediscover,embedding,knn_recall,0.3403333333333334,1,3000,50,2.886,15,"{""knn"": 15, ""label_mode"": ""components"", ""lite"": false, ""loss_weights"": [1, 10, 1, 10], ""n_cover"": 15, ""regularization"": 10.0, ""threshold"": 0.5}",0.1.0,2026-06-21T05:06:21+00:00
celegans,shapediscover,embedding,global_corr,0.4198860208794443,1,3000,50,2.886,15,"{""knn"": 15, ""label_mode"": ""components"", ""lite"": false, ""loss_weights"": [1, 10, 1, 10], ""n_cover"": 15, ""regularization"": 10.0, ""threshold"": 0.5}",0.1.0,2026-06-21T05:06:21+00:00
celegans,shapediscover,cost,clustering_s,0.0011,1,3000,50,2.886,15,"{""knn"": 15, ""label_mode"": ""components"", ""lite"": false, ""loss_weights"": [1, 10, 1, 10], ""n_cover"": 15, ""regularization"": 10.0, ""threshold"": 0.5}",0.1.0,2026-06-21T05:06:21+00:00
celegans,shapediscover,cost,embedding_s,0.0032,1,3000,50,2.886,15,"{""knn"": 15, ""label_mode"": ""components"", ""lite"": false, ""loss_weights"": [1, 10, 1, 10], ""n_cover"": 15, ""regularization"": 10.0, ""threshold"": 0.5}",0.1.0,2026-06-21T05:06:21+00:00
celegans,shapediscover,cost,fit_s,2.886,1,3000,50,2.886,15,"{""knn"": 15, ""label_mode"": ""components"", ""lite"": false, ""loss_weights"": [1, 10, 1, 10], ""n_cover"": 15, ""regularization"": 10.0, ""threshold"": 0.5}",0.1.0,2026-06-21T05:06:21+00:00
seurat,shapediscover,embedding,trustworthiness,0.5659145299145298,0,3000,1529,14.963,8,"{""knn"": 15, ""label_mode"": ""components"", ""lite"": false, ""loss_weights"": [1, 10, 1, 10], ""n_cover"": 15, ""regularization"": 10.0, ""threshold"": 0.5}",0.1.0,2026-06-21T05:06:21+00:00
seurat,shapediscover,embedding,continuity,0.7206628447728884,0,3000,1529,14.963,8,"{""knn"": 15, ""label_mode"": ""components"", ""lite"": false, ""loss_weights"": [1, 10, 1, 10], ""n_cover"": 15, ""regularization"": 10.0, ""threshold"": 0.5}",0.1.0,2026-06-21T05:06:21+00:00
seurat,shapediscover,embedding,knn_recall,0.02777777777777778,0,3000,1529,14.963,8,"{""knn"": 15, ""label_mode"": ""components"", ""lite"": false, ""loss_weights"": [1, 10, 1, 10], ""n_cover"": 15, ""regularization"": 10.0, ""threshold"": 0.5}",0.1.0,2026-06-21T05:06:21+00:00
seurat,shapediscover,embedding,global_corr,0.25285448621170825,0,3000,1529,14.963,8,"{""knn"": 15, ""label_mode"": ""components"", ""lite"": false, ""loss_weights"": [1, 10, 1, 10], ""n_cover"": 15, ""regularization"": 10.0, ""threshold"": 0.5}",0.1.0,2026-06-21T05:06:21+00:00
seurat,shapediscover,cost,embedding_s,0.0023,0,3000,1529,14.963,8,"{""knn"": 15, ""label_mode"": ""components"", ""lite"": false, ""loss_weights"": [1, 10, 1, 10], ""n_cover"": 15, ""regularization"": 10.0, ""threshold"": 0.5}",0.1.0,2026-06-21T05:06:21+00:00
seurat,shapediscover,cost,fit_s,14.963,0,3000,1529,14.963,8,"{""knn"": 15, ""label_mode"": ""components"", ""lite"": false, ""loss_weights"": [1, 10, 1, 10], ""n_cover"": 15, ""regularization"": 10.0, ""threshold"": 0.5}",0.1.0,2026-06-21T05:06:21+00:00
seurat,shapediscover,embedding,trustworthiness,0.6105970365393946,1,3000,1529,14.279,5,"{""knn"": 15, ""label_mode"": ""components"", ""lite"": false, ""loss_weights"": [1, 10, 1, 10], ""n_cover"": 15, ""regularization"": 10.0, ""threshold"": 0.5}",0.1.0,2026-06-21T05:06:21+00:00
seurat,shapediscover,embedding,continuity,0.7723216735714552,1,3000,1529,14.279,5,"{""knn"": 15, ""label_mode"": ""components"", ""lite"": false, ""loss_weights"": [1, 10, 1, 10], ""n_cover"": 15, ""regularization"": 10.0, ""threshold"": 0.5}",0.1.0,2026-06-21T05:06:21+00:00
seurat,shapediscover,embedding,knn_recall,0.05391111111111111,1,3000,1529,14.279,5,"{""knn"": 15, ""label_mode"": ""components"", ""lite"": false, ""loss_weights"": [1, 10, 1, 10], ""n_cover"": 15, ""regularization"": 10.0, ""threshold"": 0.5}",0.1.0,2026-06-21T05:06:21+00:00
seurat,shapediscover,embedding,global_corr,0.16918031028639197,1,3000,1529,14.279,5,"{""knn"": 15, ""label_mode"": ""components"", ""lite"": false, ""loss_weights"": [1, 10, 1, 10], ""n_cover"": 15, ""regularization"": 10.0, ""threshold"": 0.5}",0.1.0,2026-06-21T05:06:21+00:00
seurat,shapediscover,cost,embedding_s,0.0022,1,3000,1529,14.279,5,"{""knn"": 15, ""label_mode"": ""components"", ""lite"": false, ""loss_weights"": [1, 10, 1, 10], ""n_cover"": 15, ""regularization"": 10.0, ""threshold"": 0.5}",0.1.0,2026-06-21T05:06:21+00:00
seurat,shapediscover,cost,fit_s,14.279,1,3000,1529,14.279,5,"{""knn"": 15, ""label_mode"": ""components"", ""lite"": false, ""loss_weights"": [1, 10, 1, 10], ""n_cover"": 15, ""regularization"": 10.0, ""threshold"": 0.5}",0.1.0,2026-06-21T05:06:21+00:00
rat_brain,shapediscover,embedding,trustworthiness,0.8502567610943157,0,3000,6,4.514,14,"{""knn"": 15, ""label_mode"": ""components"", ""lite"": false, ""loss_weights"": [1, 10, 1, 10], ""n_cover"": 15, ""regularization"": 10.0, ""threshold"": 0.5}",0.1.0,2026-06-21T05:06:21+00:00
rat_brain,shapediscover,embedding,continuity,0.9740452282312544,0,3000,6,4.514,14,"{""knn"": 15, ""label_mode"": ""components"", ""lite"": false, ""loss_weights"": [1, 10, 1, 10], ""n_cover"": 15, ""regularization"": 10.0, ""threshold"": 0.5}",0.1.0,2026-06-21T05:06:21+00:00
rat_brain,shapediscover,embedding,knn_recall,0.29217777777777776,0,3000,6,4.514,14,"{""knn"": 15, ""label_mode"": ""components"", ""lite"": false, ""loss_weights"": [1, 10, 1, 10], ""n_cover"": 15, ""regularization"": 10.0, ""threshold"": 0.5}",0.1.0,2026-06-21T05:06:21+00:00
rat_brain,shapediscover,embedding,global_corr,0.3938466859941059,0,3000,6,4.514,14,"{""knn"": 15, ""label_mode"": ""components"", ""lite"": false, ""loss_weights"": [1, 10, 1, 10], ""n_cover"": 15, ""regularization"": 10.0, ""threshold"": 0.5}",0.1.0,2026-06-21T05:06:21+00:00
rat_brain,shapediscover,cost,embedding_s,0.0032,0,3000,6,4.514,14,"{""knn"": 15, ""label_mode"": ""components"", ""lite"": false, ""loss_weights"": [1, 10, 1, 10], ""n_cover"": 15, ""regularization"": 10.0, ""threshold"": 0.5}",0.1.0,2026-06-21T05:06:21+00:00
rat_brain,shapediscover,cost,fit_s,4.514,0,3000,6,4.514,14,"{""knn"": 15, ""label_mode"": ""components"", ""lite"": false, ""loss_weights"": [1, 10, 1, 10], ""n_cover"": 15, ""regularization"": 10.0, ""threshold"": 0.5}",0.1.0,2026-06-21T05:06:21+00:00
rat_brain,shapediscover,embedding,trustworthiness,0.9082800283656178,1,3000,6,4.531,14,"{""knn"": 15, ""label_mode"": ""components"", ""lite"": false, ""loss_weights"": [1, 10, 1, 10], ""n_cover"": 15, ""regularization"": 10.0, ""threshold"": 0.5}",0.1.0,2026-06-21T05:06:21+00:00
rat_brain,shapediscover,embedding,continuity,0.9798646586795059,1,3000,6,4.531,14,"{""knn"": 15, ""label_mode"": ""components"", ""lite"": false, ""loss_weights"": [1, 10, 1, 10], ""n_cover"": 15, ""regularization"": 10.0, ""threshold"": 0.5}",0.1.0,2026-06-21T05:06:21+00:00
rat_brain,shapediscover,embedding,knn_recall,0.3238888888888889,1,3000,6,4.531,14,"{""knn"": 15, ""label_mode"": ""components"", ""lite"": false, ""loss_weights"": [1, 10, 1, 10], ""n_cover"": 15, ""regularization"": 10.0, ""threshold"": 0.5}",0.1.0,2026-06-21T05:06:21+00:00
rat_brain,shapediscover,embedding,global_corr,0.4113118888163205,1,3000,6,4.531,14,"{""knn"": 15, ""label_mode"": ""components"", ""lite"": false, ""loss_weights"": [1, 10, 1, 10], ""n_cover"": 15, ""regularization"": 10.0, ""threshold"": 0.5}",0.1.0,2026-06-21T05:06:21+00:00
rat_brain,shapediscover,cost,embedding_s,0.0033,1,3000,6,4.531,14,"{""knn"": 15, ""label_mode"": ""components"", ""lite"": false, ""loss_weights"": [1, 10, 1, 10], ""n_cover"": 15, ""regularization"": 10.0, ""threshold"": 0.5}",0.1.0,2026-06-21T05:06:21+00:00
rat_brain,shapediscover,cost,fit_s,4.531,1,3000,6,4.531,14,"{""knn"": 15, ""label_mode"": ""components"", ""lite"": false, ""loss_weights"": [1, 10, 1, 10], ""n_cover"": 15, ""regularization"": 10.0, ""threshold"": 0.5}",0.1.0,2026-06-21T05:06:21+00:00
