dataset,method,axis,metric,value,seed,n_points,n_features,fit_runtime_s,n_active_cover,params,sd_version,timestamp
circle,shapediscover,topology,recovery_quotient,0.043,0,400,2,14.394,12,"{""knn"": 15, ""label_mode"": ""components"", ""lite"": false, ""loss_weights"": [1, 10, 1, 10], ""n_cover"": 15, ""regularization"": 10.0, ""threshold"": 0.5}",0.1.0,2026-06-20T21:16:54+00:00
circle,shapediscover,topology,complex_size,575.0,0,400,2,14.394,12,"{""knn"": 15, ""label_mode"": ""components"", ""lite"": false, ""loss_weights"": [1, 10, 1, 10], ""n_cover"": 15, ""regularization"": 10.0, ""threshold"": 0.5}",0.1.0,2026-06-20T21:16:54+00:00
circle,shapediscover,topology,bar_dominance_min,4.445,0,400,2,14.394,12,"{""knn"": 15, ""label_mode"": ""components"", ""lite"": false, ""loss_weights"": [1, 10, 1, 10], ""n_cover"": 15, ""regularization"": 10.0, ""threshold"": 0.5}",0.1.0,2026-06-20T21:16:54+00:00
circle,shapediscover,topology,bar_dominance_h0,1000.0,0,400,2,14.394,12,"{""knn"": 15, ""label_mode"": ""components"", ""lite"": false, ""loss_weights"": [1, 10, 1, 10], ""n_cover"": 15, ""regularization"": 10.0, ""threshold"": 0.5}",0.1.0,2026-06-20T21:16:54+00:00
circle,shapediscover,topology,bar_dominance_h1,4.445,0,400,2,14.394,12,"{""knn"": 15, ""label_mode"": ""components"", ""lite"": false, ""loss_weights"": [1, 10, 1, 10], ""n_cover"": 15, ""regularization"": 10.0, ""threshold"": 0.5}",0.1.0,2026-06-20T21:16:54+00:00
circle,shapediscover,embedding,trustworthiness,0.8264668435013263,0,400,2,14.394,12,"{""knn"": 15, ""label_mode"": ""components"", ""lite"": false, ""loss_weights"": [1, 10, 1, 10], ""n_cover"": 15, ""regularization"": 10.0, ""threshold"": 0.5}",0.1.0,2026-06-20T21:16:54+00:00
circle,shapediscover,embedding,continuity,0.9071162687886826,0,400,2,14.394,12,"{""knn"": 15, ""label_mode"": ""components"", ""lite"": false, ""loss_weights"": [1, 10, 1, 10], ""n_cover"": 15, ""regularization"": 10.0, ""threshold"": 0.5}",0.1.0,2026-06-20T21:16:54+00:00
circle,shapediscover,embedding,knn_recall,0.45566666666666666,0,400,2,14.394,12,"{""knn"": 15, ""label_mode"": ""components"", ""lite"": false, ""loss_weights"": [1, 10, 1, 10], ""n_cover"": 15, ""regularization"": 10.0, ""threshold"": 0.5}",0.1.0,2026-06-20T21:16:54+00:00
circle,shapediscover,embedding,global_corr,0.3643174367094765,0,400,2,14.394,12,"{""knn"": 15, ""label_mode"": ""components"", ""lite"": false, ""loss_weights"": [1, 10, 1, 10], ""n_cover"": 15, ""regularization"": 10.0, ""threshold"": 0.5}",0.1.0,2026-06-20T21:16:54+00:00
circle,shapediscover,cost,persistence_s,0.2743,0,400,2,14.394,12,"{""knn"": 15, ""label_mode"": ""components"", ""lite"": false, ""loss_weights"": [1, 10, 1, 10], ""n_cover"": 15, ""regularization"": 10.0, ""threshold"": 0.5}",0.1.0,2026-06-20T21:16:54+00:00
circle,shapediscover,cost,complex_size,575.0,0,400,2,14.394,12,"{""knn"": 15, ""label_mode"": ""components"", ""lite"": false, ""loss_weights"": [1, 10, 1, 10], ""n_cover"": 15, ""regularization"": 10.0, ""threshold"": 0.5}",0.1.0,2026-06-20T21:16:54+00:00
circle,shapediscover,cost,embedding_s,0.2045,0,400,2,14.394,12,"{""knn"": 15, ""label_mode"": ""components"", ""lite"": false, ""loss_weights"": [1, 10, 1, 10], ""n_cover"": 15, ""regularization"": 10.0, ""threshold"": 0.5}",0.1.0,2026-06-20T21:16:54+00:00
circle,shapediscover,cost,fit_s,14.394,0,400,2,14.394,12,"{""knn"": 15, ""label_mode"": ""components"", ""lite"": false, ""loss_weights"": [1, 10, 1, 10], ""n_cover"": 15, ""regularization"": 10.0, ""threshold"": 0.5}",0.1.0,2026-06-20T21:16:54+00:00
circle,shapediscover,topology,recovery_quotient,0.171,1,400,2,1.003,14,"{""knn"": 15, ""label_mode"": ""components"", ""lite"": false, ""loss_weights"": [1, 10, 1, 10], ""n_cover"": 15, ""regularization"": 10.0, ""threshold"": 0.5}",0.1.0,2026-06-20T21:16:54+00:00
circle,shapediscover,topology,complex_size,575.0,1,400,2,1.003,14,"{""knn"": 15, ""label_mode"": ""components"", ""lite"": false, ""loss_weights"": [1, 10, 1, 10], ""n_cover"": 15, ""regularization"": 10.0, ""threshold"": 0.5}",0.1.0,2026-06-20T21:16:54+00:00
circle,shapediscover,topology,bar_dominance_min,1000.0,1,400,2,1.003,14,"{""knn"": 15, ""label_mode"": ""components"", ""lite"": false, ""loss_weights"": [1, 10, 1, 10], ""n_cover"": 15, ""regularization"": 10.0, ""threshold"": 0.5}",0.1.0,2026-06-20T21:16:54+00:00
circle,shapediscover,topology,bar_dominance_h0,1000.0,1,400,2,1.003,14,"{""knn"": 15, ""label_mode"": ""components"", ""lite"": false, ""loss_weights"": [1, 10, 1, 10], ""n_cover"": 15, ""regularization"": 10.0, ""threshold"": 0.5}",0.1.0,2026-06-20T21:16:54+00:00
circle,shapediscover,topology,bar_dominance_h1,1000.0,1,400,2,1.003,14,"{""knn"": 15, ""label_mode"": ""components"", ""lite"": false, ""loss_weights"": [1, 10, 1, 10], ""n_cover"": 15, ""regularization"": 10.0, ""threshold"": 0.5}",0.1.0,2026-06-20T21:16:54+00:00
circle,shapediscover,embedding,trustworthiness,0.9260963748894784,1,400,2,1.003,14,"{""knn"": 15, ""label_mode"": ""components"", ""lite"": false, ""loss_weights"": [1, 10, 1, 10], ""n_cover"": 15, ""regularization"": 10.0, ""threshold"": 0.5}",0.1.0,2026-06-20T21:16:54+00:00
circle,shapediscover,embedding,continuity,0.9555473032714412,1,400,2,1.003,14,"{""knn"": 15, ""label_mode"": ""components"", ""lite"": false, ""loss_weights"": [1, 10, 1, 10], ""n_cover"": 15, ""regularization"": 10.0, ""threshold"": 0.5}",0.1.0,2026-06-20T21:16:54+00:00
circle,shapediscover,embedding,knn_recall,0.6703333333333333,1,400,2,1.003,14,"{""knn"": 15, ""label_mode"": ""components"", ""lite"": false, ""loss_weights"": [1, 10, 1, 10], ""n_cover"": 15, ""regularization"": 10.0, ""threshold"": 0.5}",0.1.0,2026-06-20T21:16:54+00:00
circle,shapediscover,embedding,global_corr,0.5905116133325405,1,400,2,1.003,14,"{""knn"": 15, ""label_mode"": ""components"", ""lite"": false, ""loss_weights"": [1, 10, 1, 10], ""n_cover"": 15, ""regularization"": 10.0, ""threshold"": 0.5}",0.1.0,2026-06-20T21:16:54+00:00
circle,shapediscover,cost,persistence_s,0.0008,1,400,2,1.003,14,"{""knn"": 15, ""label_mode"": ""components"", ""lite"": false, ""loss_weights"": [1, 10, 1, 10], ""n_cover"": 15, ""regularization"": 10.0, ""threshold"": 0.5}",0.1.0,2026-06-20T21:16:54+00:00
circle,shapediscover,cost,complex_size,575.0,1,400,2,1.003,14,"{""knn"": 15, ""label_mode"": ""components"", ""lite"": false, ""loss_weights"": [1, 10, 1, 10], ""n_cover"": 15, ""regularization"": 10.0, ""threshold"": 0.5}",0.1.0,2026-06-20T21:16:54+00:00
circle,shapediscover,cost,embedding_s,0.0028,1,400,2,1.003,14,"{""knn"": 15, ""label_mode"": ""components"", ""lite"": false, ""loss_weights"": [1, 10, 1, 10], ""n_cover"": 15, ""regularization"": 10.0, ""threshold"": 0.5}",0.1.0,2026-06-20T21:16:54+00:00
circle,shapediscover,cost,fit_s,1.003,1,400,2,1.003,14,"{""knn"": 15, ""label_mode"": ""components"", ""lite"": false, ""loss_weights"": [1, 10, 1, 10], ""n_cover"": 15, ""regularization"": 10.0, ""threshold"": 0.5}",0.1.0,2026-06-20T21:16:54+00:00
circle,shapediscover,topology,recovery_quotient,0.809,2,400,2,0.944,15,"{""knn"": 15, ""label_mode"": ""components"", ""lite"": false, ""loss_weights"": [1, 10, 1, 10], ""n_cover"": 15, ""regularization"": 10.0, ""threshold"": 0.5}",0.1.0,2026-06-20T21:16:54+00:00
circle,shapediscover,topology,complex_size,575.0,2,400,2,0.944,15,"{""knn"": 15, ""label_mode"": ""components"", ""lite"": false, ""loss_weights"": [1, 10, 1, 10], ""n_cover"": 15, ""regularization"": 10.0, ""threshold"": 0.5}",0.1.0,2026-06-20T21:16:54+00:00
circle,shapediscover,topology,bar_dominance_min,74.795,2,400,2,0.944,15,"{""knn"": 15, ""label_mode"": ""components"", ""lite"": false, ""loss_weights"": [1, 10, 1, 10], ""n_cover"": 15, ""regularization"": 10.0, ""threshold"": 0.5}",0.1.0,2026-06-20T21:16:54+00:00
circle,shapediscover,topology,bar_dominance_h0,1000.0,2,400,2,0.944,15,"{""knn"": 15, ""label_mode"": ""components"", ""lite"": false, ""loss_weights"": [1, 10, 1, 10], ""n_cover"": 15, ""regularization"": 10.0, ""threshold"": 0.5}",0.1.0,2026-06-20T21:16:54+00:00
circle,shapediscover,topology,bar_dominance_h1,74.795,2,400,2,0.944,15,"{""knn"": 15, ""label_mode"": ""components"", ""lite"": false, ""loss_weights"": [1, 10, 1, 10], ""n_cover"": 15, ""regularization"": 10.0, ""threshold"": 0.5}",0.1.0,2026-06-20T21:16:54+00:00
circle,shapediscover,embedding,trustworthiness,0.9839491600353669,2,400,2,0.944,15,"{""knn"": 15, ""label_mode"": ""components"", ""lite"": false, ""loss_weights"": [1, 10, 1, 10], ""n_cover"": 15, ""regularization"": 10.0, ""threshold"": 0.5}",0.1.0,2026-06-20T21:16:54+00:00
circle,shapediscover,embedding,continuity,0.9905053050397878,2,400,2,0.944,15,"{""knn"": 15, ""label_mode"": ""components"", ""lite"": false, ""loss_weights"": [1, 10, 1, 10], ""n_cover"": 15, ""regularization"": 10.0, ""threshold"": 0.5}",0.1.0,2026-06-20T21:16:54+00:00
circle,shapediscover,embedding,knn_recall,0.8565,2,400,2,0.944,15,"{""knn"": 15, ""label_mode"": ""components"", ""lite"": false, ""loss_weights"": [1, 10, 1, 10], ""n_cover"": 15, ""regularization"": 10.0, ""threshold"": 0.5}",0.1.0,2026-06-20T21:16:54+00:00
circle,shapediscover,embedding,global_corr,0.545995762692244,2,400,2,0.944,15,"{""knn"": 15, ""label_mode"": ""components"", ""lite"": false, ""loss_weights"": [1, 10, 1, 10], ""n_cover"": 15, ""regularization"": 10.0, ""threshold"": 0.5}",0.1.0,2026-06-20T21:16:54+00:00
circle,shapediscover,cost,persistence_s,0.0009,2,400,2,0.944,15,"{""knn"": 15, ""label_mode"": ""components"", ""lite"": false, ""loss_weights"": [1, 10, 1, 10], ""n_cover"": 15, ""regularization"": 10.0, ""threshold"": 0.5}",0.1.0,2026-06-20T21:16:54+00:00
circle,shapediscover,cost,complex_size,575.0,2,400,2,0.944,15,"{""knn"": 15, ""label_mode"": ""components"", ""lite"": false, ""loss_weights"": [1, 10, 1, 10], ""n_cover"": 15, ""regularization"": 10.0, ""threshold"": 0.5}",0.1.0,2026-06-20T21:16:54+00:00
circle,shapediscover,cost,embedding_s,0.0029,2,400,2,0.944,15,"{""knn"": 15, ""label_mode"": ""components"", ""lite"": false, ""loss_weights"": [1, 10, 1, 10], ""n_cover"": 15, ""regularization"": 10.0, ""threshold"": 0.5}",0.1.0,2026-06-20T21:16:54+00:00
circle,shapediscover,cost,fit_s,0.944,2,400,2,0.944,15,"{""knn"": 15, ""label_mode"": ""components"", ""lite"": false, ""loss_weights"": [1, 10, 1, 10], ""n_cover"": 15, ""regularization"": 10.0, ""threshold"": 0.5}",0.1.0,2026-06-20T21:16:54+00:00
sphere2,shapediscover,topology,recovery_quotient,0.497,0,600,3,1.248,14,"{""knn"": 15, ""label_mode"": ""components"", ""lite"": false, ""loss_weights"": [1, 10, 1, 10], ""n_cover"": 15, ""regularization"": 10.0, ""threshold"": 0.5}",0.1.0,2026-06-20T21:16:54+00:00
sphere2,shapediscover,topology,complex_size,1940.0,0,600,3,1.248,14,"{""knn"": 15, ""label_mode"": ""components"", ""lite"": false, ""loss_weights"": [1, 10, 1, 10], ""n_cover"": 15, ""regularization"": 10.0, ""threshold"": 0.5}",0.1.0,2026-06-20T21:16:54+00:00
sphere2,shapediscover,topology,bar_dominance_min,2.089,0,600,3,1.248,14,"{""knn"": 15, ""label_mode"": ""components"", ""lite"": false, ""loss_weights"": [1, 10, 1, 10], ""n_cover"": 15, ""regularization"": 10.0, ""threshold"": 0.5}",0.1.0,2026-06-20T21:16:54+00:00
sphere2,shapediscover,topology,bar_dominance_h0,1000.0,0,600,3,1.248,14,"{""knn"": 15, ""label_mode"": ""components"", ""lite"": false, ""loss_weights"": [1, 10, 1, 10], ""n_cover"": 15, ""regularization"": 10.0, ""threshold"": 0.5}",0.1.0,2026-06-20T21:16:54+00:00
sphere2,shapediscover,topology,bar_dominance_h1,2.089,0,600,3,1.248,14,"{""knn"": 15, ""label_mode"": ""components"", ""lite"": false, ""loss_weights"": [1, 10, 1, 10], ""n_cover"": 15, ""regularization"": 10.0, ""threshold"": 0.5}",0.1.0,2026-06-20T21:16:54+00:00
sphere2,shapediscover,topology,bar_dominance_h2,3.013,0,600,3,1.248,14,"{""knn"": 15, ""label_mode"": ""components"", ""lite"": false, ""loss_weights"": [1, 10, 1, 10], ""n_cover"": 15, ""regularization"": 10.0, ""threshold"": 0.5}",0.1.0,2026-06-20T21:16:54+00:00
sphere2,shapediscover,embedding,trustworthiness,0.954949932601579,0,600,3,1.248,14,"{""knn"": 15, ""label_mode"": ""components"", ""lite"": false, ""loss_weights"": [1, 10, 1, 10], ""n_cover"": 15, ""regularization"": 10.0, ""threshold"": 0.5}",0.1.0,2026-06-20T21:16:54+00:00
sphere2,shapediscover,embedding,continuity,0.9816504910456384,0,600,3,1.248,14,"{""knn"": 15, ""label_mode"": ""components"", ""lite"": false, ""loss_weights"": [1, 10, 1, 10], ""n_cover"": 15, ""regularization"": 10.0, ""threshold"": 0.5}",0.1.0,2026-06-20T21:16:54+00:00
sphere2,shapediscover,embedding,knn_recall,0.6336666666666667,0,600,3,1.248,14,"{""knn"": 15, ""label_mode"": ""components"", ""lite"": false, ""loss_weights"": [1, 10, 1, 10], ""n_cover"": 15, ""regularization"": 10.0, ""threshold"": 0.5}",0.1.0,2026-06-20T21:16:54+00:00
sphere2,shapediscover,embedding,global_corr,0.6435641665950224,0,600,3,1.248,14,"{""knn"": 15, ""label_mode"": ""components"", ""lite"": false, ""loss_weights"": [1, 10, 1, 10], ""n_cover"": 15, ""regularization"": 10.0, ""threshold"": 0.5}",0.1.0,2026-06-20T21:16:54+00:00
sphere2,shapediscover,cost,persistence_s,0.002,0,600,3,1.248,14,"{""knn"": 15, ""label_mode"": ""components"", ""lite"": false, ""loss_weights"": [1, 10, 1, 10], ""n_cover"": 15, ""regularization"": 10.0, ""threshold"": 0.5}",0.1.0,2026-06-20T21:16:54+00:00
sphere2,shapediscover,cost,complex_size,1940.0,0,600,3,1.248,14,"{""knn"": 15, ""label_mode"": ""components"", ""lite"": false, ""loss_weights"": [1, 10, 1, 10], ""n_cover"": 15, ""regularization"": 10.0, ""threshold"": 0.5}",0.1.0,2026-06-20T21:16:54+00:00
sphere2,shapediscover,cost,embedding_s,0.0028,0,600,3,1.248,14,"{""knn"": 15, ""label_mode"": ""components"", ""lite"": false, ""loss_weights"": [1, 10, 1, 10], ""n_cover"": 15, ""regularization"": 10.0, ""threshold"": 0.5}",0.1.0,2026-06-20T21:16:54+00:00
sphere2,shapediscover,cost,fit_s,1.248,0,600,3,1.248,14,"{""knn"": 15, ""label_mode"": ""components"", ""lite"": false, ""loss_weights"": [1, 10, 1, 10], ""n_cover"": 15, ""regularization"": 10.0, ""threshold"": 0.5}",0.1.0,2026-06-20T21:16:54+00:00
sphere2,shapediscover,topology,recovery_quotient,0.555,1,600,3,1.275,12,"{""knn"": 15, ""label_mode"": ""components"", ""lite"": false, ""loss_weights"": [1, 10, 1, 10], ""n_cover"": 15, ""regularization"": 10.0, ""threshold"": 0.5}",0.1.0,2026-06-20T21:16:54+00:00
sphere2,shapediscover,topology,complex_size,1940.0,1,600,3,1.275,12,"{""knn"": 15, ""label_mode"": ""components"", ""lite"": false, ""loss_weights"": [1, 10, 1, 10], ""n_cover"": 15, ""regularization"": 10.0, ""threshold"": 0.5}",0.1.0,2026-06-20T21:16:54+00:00
sphere2,shapediscover,topology,bar_dominance_min,3.118,1,600,3,1.275,12,"{""knn"": 15, ""label_mode"": ""components"", ""lite"": false, ""loss_weights"": [1, 10, 1, 10], ""n_cover"": 15, ""regularization"": 10.0, ""threshold"": 0.5}",0.1.0,2026-06-20T21:16:54+00:00
sphere2,shapediscover,topology,bar_dominance_h0,1000.0,1,600,3,1.275,12,"{""knn"": 15, ""label_mode"": ""components"", ""lite"": false, ""loss_weights"": [1, 10, 1, 10], ""n_cover"": 15, ""regularization"": 10.0, ""threshold"": 0.5}",0.1.0,2026-06-20T21:16:54+00:00
sphere2,shapediscover,topology,bar_dominance_h1,3.118,1,600,3,1.275,12,"{""knn"": 15, ""label_mode"": ""components"", ""lite"": false, ""loss_weights"": [1, 10, 1, 10], ""n_cover"": 15, ""regularization"": 10.0, ""threshold"": 0.5}",0.1.0,2026-06-20T21:16:54+00:00
sphere2,shapediscover,topology,bar_dominance_h2,5.042,1,600,3,1.275,12,"{""knn"": 15, ""label_mode"": ""components"", ""lite"": false, ""loss_weights"": [1, 10, 1, 10], ""n_cover"": 15, ""regularization"": 10.0, ""threshold"": 0.5}",0.1.0,2026-06-20T21:16:54+00:00
sphere2,shapediscover,embedding,trustworthiness,0.899735605622954,1,600,3,1.275,12,"{""knn"": 15, ""label_mode"": ""components"", ""lite"": false, ""loss_weights"": [1, 10, 1, 10], ""n_cover"": 15, ""regularization"": 10.0, ""threshold"": 0.5}",0.1.0,2026-06-20T21:16:54+00:00
sphere2,shapediscover,embedding,continuity,0.9818578856152513,1,600,3,1.275,12,"{""knn"": 15, ""label_mode"": ""components"", ""lite"": false, ""loss_weights"": [1, 10, 1, 10], ""n_cover"": 15, ""regularization"": 10.0, ""threshold"": 0.5}",0.1.0,2026-06-20T21:16:54+00:00
sphere2,shapediscover,embedding,knn_recall,0.6128888888888889,1,600,3,1.275,12,"{""knn"": 15, ""label_mode"": ""components"", ""lite"": false, ""loss_weights"": [1, 10, 1, 10], ""n_cover"": 15, ""regularization"": 10.0, ""threshold"": 0.5}",0.1.0,2026-06-20T21:16:54+00:00
sphere2,shapediscover,embedding,global_corr,0.6441288386070358,1,600,3,1.275,12,"{""knn"": 15, ""label_mode"": ""components"", ""lite"": false, ""loss_weights"": [1, 10, 1, 10], ""n_cover"": 15, ""regularization"": 10.0, ""threshold"": 0.5}",0.1.0,2026-06-20T21:16:54+00:00
sphere2,shapediscover,cost,persistence_s,0.0022,1,600,3,1.275,12,"{""knn"": 15, ""label_mode"": ""components"", ""lite"": false, ""loss_weights"": [1, 10, 1, 10], ""n_cover"": 15, ""regularization"": 10.0, ""threshold"": 0.5}",0.1.0,2026-06-20T21:16:54+00:00
sphere2,shapediscover,cost,complex_size,1940.0,1,600,3,1.275,12,"{""knn"": 15, ""label_mode"": ""components"", ""lite"": false, ""loss_weights"": [1, 10, 1, 10], ""n_cover"": 15, ""regularization"": 10.0, ""threshold"": 0.5}",0.1.0,2026-06-20T21:16:54+00:00
sphere2,shapediscover,cost,embedding_s,0.0028,1,600,3,1.275,12,"{""knn"": 15, ""label_mode"": ""components"", ""lite"": false, ""loss_weights"": [1, 10, 1, 10], ""n_cover"": 15, ""regularization"": 10.0, ""threshold"": 0.5}",0.1.0,2026-06-20T21:16:54+00:00
sphere2,shapediscover,cost,fit_s,1.275,1,600,3,1.275,12,"{""knn"": 15, ""label_mode"": ""components"", ""lite"": false, ""loss_weights"": [1, 10, 1, 10], ""n_cover"": 15, ""regularization"": 10.0, ""threshold"": 0.5}",0.1.0,2026-06-20T21:16:54+00:00
sphere2,shapediscover,topology,recovery_quotient,0.563,2,600,3,1.239,12,"{""knn"": 15, ""label_mode"": ""components"", ""lite"": false, ""loss_weights"": [1, 10, 1, 10], ""n_cover"": 15, ""regularization"": 10.0, ""threshold"": 0.5}",0.1.0,2026-06-20T21:16:54+00:00
sphere2,shapediscover,topology,complex_size,1940.0,2,600,3,1.239,12,"{""knn"": 15, ""label_mode"": ""components"", ""lite"": false, ""loss_weights"": [1, 10, 1, 10], ""n_cover"": 15, ""regularization"": 10.0, ""threshold"": 0.5}",0.1.0,2026-06-20T21:16:54+00:00
sphere2,shapediscover,topology,bar_dominance_min,1.967,2,600,3,1.239,12,"{""knn"": 15, ""label_mode"": ""components"", ""lite"": false, ""loss_weights"": [1, 10, 1, 10], ""n_cover"": 15, ""regularization"": 10.0, ""threshold"": 0.5}",0.1.0,2026-06-20T21:16:54+00:00
sphere2,shapediscover,topology,bar_dominance_h0,1000.0,2,600,3,1.239,12,"{""knn"": 15, ""label_mode"": ""components"", ""lite"": false, ""loss_weights"": [1, 10, 1, 10], ""n_cover"": 15, ""regularization"": 10.0, ""threshold"": 0.5}",0.1.0,2026-06-20T21:16:54+00:00
sphere2,shapediscover,topology,bar_dominance_h1,1.967,2,600,3,1.239,12,"{""knn"": 15, ""label_mode"": ""components"", ""lite"": false, ""loss_weights"": [1, 10, 1, 10], ""n_cover"": 15, ""regularization"": 10.0, ""threshold"": 0.5}",0.1.0,2026-06-20T21:16:54+00:00
sphere2,shapediscover,topology,bar_dominance_h2,23.881,2,600,3,1.239,12,"{""knn"": 15, ""label_mode"": ""components"", ""lite"": false, ""loss_weights"": [1, 10, 1, 10], ""n_cover"": 15, ""regularization"": 10.0, ""threshold"": 0.5}",0.1.0,2026-06-20T21:16:54+00:00
sphere2,shapediscover,embedding,trustworthiness,0.9329252840362026,2,600,3,1.239,12,"{""knn"": 15, ""label_mode"": ""components"", ""lite"": false, ""loss_weights"": [1, 10, 1, 10], ""n_cover"": 15, ""regularization"": 10.0, ""threshold"": 0.5}",0.1.0,2026-06-20T21:16:54+00:00
sphere2,shapediscover,embedding,continuity,0.9802561139996149,2,600,3,1.239,12,"{""knn"": 15, ""label_mode"": ""components"", ""lite"": false, ""loss_weights"": [1, 10, 1, 10], ""n_cover"": 15, ""regularization"": 10.0, ""threshold"": 0.5}",0.1.0,2026-06-20T21:16:54+00:00
sphere2,shapediscover,embedding,knn_recall,0.6187777777777778,2,600,3,1.239,12,"{""knn"": 15, ""label_mode"": ""components"", ""lite"": false, ""loss_weights"": [1, 10, 1, 10], ""n_cover"": 15, ""regularization"": 10.0, ""threshold"": 0.5}",0.1.0,2026-06-20T21:16:54+00:00
sphere2,shapediscover,embedding,global_corr,0.6638277187417525,2,600,3,1.239,12,"{""knn"": 15, ""label_mode"": ""components"", ""lite"": false, ""loss_weights"": [1, 10, 1, 10], ""n_cover"": 15, ""regularization"": 10.0, ""threshold"": 0.5}",0.1.0,2026-06-20T21:16:54+00:00
sphere2,shapediscover,cost,persistence_s,0.0019,2,600,3,1.239,12,"{""knn"": 15, ""label_mode"": ""components"", ""lite"": false, ""loss_weights"": [1, 10, 1, 10], ""n_cover"": 15, ""regularization"": 10.0, ""threshold"": 0.5}",0.1.0,2026-06-20T21:16:54+00:00
sphere2,shapediscover,cost,complex_size,1940.0,2,600,3,1.239,12,"{""knn"": 15, ""label_mode"": ""components"", ""lite"": false, ""loss_weights"": [1, 10, 1, 10], ""n_cover"": 15, ""regularization"": 10.0, ""threshold"": 0.5}",0.1.0,2026-06-20T21:16:54+00:00
sphere2,shapediscover,cost,embedding_s,0.003,2,600,3,1.239,12,"{""knn"": 15, ""label_mode"": ""components"", ""lite"": false, ""loss_weights"": [1, 10, 1, 10], ""n_cover"": 15, ""regularization"": 10.0, ""threshold"": 0.5}",0.1.0,2026-06-20T21:16:54+00:00
sphere2,shapediscover,cost,fit_s,1.239,2,600,3,1.239,12,"{""knn"": 15, ""label_mode"": ""components"", ""lite"": false, ""loss_weights"": [1, 10, 1, 10], ""n_cover"": 15, ""regularization"": 10.0, ""threshold"": 0.5}",0.1.0,2026-06-20T21:16:54+00:00
sphere3,shapediscover,topology,recovery_quotient,0.343,0,1200,4,2.029,12,"{""knn"": 15, ""label_mode"": ""components"", ""lite"": false, ""loss_weights"": [1, 10, 1, 10], ""n_cover"": 15, ""regularization"": 10.0, ""threshold"": 0.5}",0.1.0,2026-06-20T21:16:54+00:00
sphere3,shapediscover,topology,complex_size,4943.0,0,1200,4,2.029,12,"{""knn"": 15, ""label_mode"": ""components"", ""lite"": false, ""loss_weights"": [1, 10, 1, 10], ""n_cover"": 15, ""regularization"": 10.0, ""threshold"": 0.5}",0.1.0,2026-06-20T21:16:54+00:00
sphere3,shapediscover,topology,bar_dominance_min,1.72,0,1200,4,2.029,12,"{""knn"": 15, ""label_mode"": ""components"", ""lite"": false, ""loss_weights"": [1, 10, 1, 10], ""n_cover"": 15, ""regularization"": 10.0, ""threshold"": 0.5}",0.1.0,2026-06-20T21:16:54+00:00
sphere3,shapediscover,topology,bar_dominance_h0,1000.0,0,1200,4,2.029,12,"{""knn"": 15, ""label_mode"": ""components"", ""lite"": false, ""loss_weights"": [1, 10, 1, 10], ""n_cover"": 15, ""regularization"": 10.0, ""threshold"": 0.5}",0.1.0,2026-06-20T21:16:54+00:00
sphere3,shapediscover,topology,bar_dominance_h1,1.72,0,1200,4,2.029,12,"{""knn"": 15, ""label_mode"": ""components"", ""lite"": false, ""loss_weights"": [1, 10, 1, 10], ""n_cover"": 15, ""regularization"": 10.0, ""threshold"": 0.5}",0.1.0,2026-06-20T21:16:54+00:00
sphere3,shapediscover,topology,bar_dominance_h2,1.982,0,1200,4,2.029,12,"{""knn"": 15, ""label_mode"": ""components"", ""lite"": false, ""loss_weights"": [1, 10, 1, 10], ""n_cover"": 15, ""regularization"": 10.0, ""threshold"": 0.5}",0.1.0,2026-06-20T21:16:54+00:00
sphere3,shapediscover,topology,bar_dominance_h3,4.246,0,1200,4,2.029,12,"{""knn"": 15, ""label_mode"": ""components"", ""lite"": false, ""loss_weights"": [1, 10, 1, 10], ""n_cover"": 15, ""regularization"": 10.0, ""threshold"": 0.5}",0.1.0,2026-06-20T21:16:54+00:00
sphere3,shapediscover,cost,persistence_s,0.0061,0,1200,4,2.029,12,"{""knn"": 15, ""label_mode"": ""components"", ""lite"": false, ""loss_weights"": [1, 10, 1, 10], ""n_cover"": 15, ""regularization"": 10.0, ""threshold"": 0.5}",0.1.0,2026-06-20T21:16:54+00:00
sphere3,shapediscover,cost,complex_size,4943.0,0,1200,4,2.029,12,"{""knn"": 15, ""label_mode"": ""components"", ""lite"": false, ""loss_weights"": [1, 10, 1, 10], ""n_cover"": 15, ""regularization"": 10.0, ""threshold"": 0.5}",0.1.0,2026-06-20T21:16:54+00:00
sphere3,shapediscover,cost,fit_s,2.029,0,1200,4,2.029,12,"{""knn"": 15, ""label_mode"": ""components"", ""lite"": false, ""loss_weights"": [1, 10, 1, 10], ""n_cover"": 15, ""regularization"": 10.0, ""threshold"": 0.5}",0.1.0,2026-06-20T21:16:54+00:00
sphere3,shapediscover,topology,recovery_quotient,0.29,1,1200,4,2.021,12,"{""knn"": 15, ""label_mode"": ""components"", ""lite"": false, ""loss_weights"": [1, 10, 1, 10], ""n_cover"": 15, ""regularization"": 10.0, ""threshold"": 0.5}",0.1.0,2026-06-20T21:16:54+00:00
sphere3,shapediscover,topology,complex_size,4943.0,1,1200,4,2.021,12,"{""knn"": 15, ""label_mode"": ""components"", ""lite"": false, ""loss_weights"": [1, 10, 1, 10], ""n_cover"": 15, ""regularization"": 10.0, ""threshold"": 0.5}",0.1.0,2026-06-20T21:16:54+00:00
sphere3,shapediscover,topology,bar_dominance_min,1.545,1,1200,4,2.021,12,"{""knn"": 15, ""label_mode"": ""components"", ""lite"": false, ""loss_weights"": [1, 10, 1, 10], ""n_cover"": 15, ""regularization"": 10.0, ""threshold"": 0.5}",0.1.0,2026-06-20T21:16:54+00:00
sphere3,shapediscover,topology,bar_dominance_h0,1000.0,1,1200,4,2.021,12,"{""knn"": 15, ""label_mode"": ""components"", ""lite"": false, ""loss_weights"": [1, 10, 1, 10], ""n_cover"": 15, ""regularization"": 10.0, ""threshold"": 0.5}",0.1.0,2026-06-20T21:16:54+00:00
sphere3,shapediscover,topology,bar_dominance_h1,1.545,1,1200,4,2.021,12,"{""knn"": 15, ""label_mode"": ""components"", ""lite"": false, ""loss_weights"": [1, 10, 1, 10], ""n_cover"": 15, ""regularization"": 10.0, ""threshold"": 0.5}",0.1.0,2026-06-20T21:16:54+00:00
sphere3,shapediscover,topology,bar_dominance_h2,1.815,1,1200,4,2.021,12,"{""knn"": 15, ""label_mode"": ""components"", ""lite"": false, ""loss_weights"": [1, 10, 1, 10], ""n_cover"": 15, ""regularization"": 10.0, ""threshold"": 0.5}",0.1.0,2026-06-20T21:16:54+00:00
sphere3,shapediscover,topology,bar_dominance_h3,3.673,1,1200,4,2.021,12,"{""knn"": 15, ""label_mode"": ""components"", ""lite"": false, ""loss_weights"": [1, 10, 1, 10], ""n_cover"": 15, ""regularization"": 10.0, ""threshold"": 0.5}",0.1.0,2026-06-20T21:16:54+00:00
sphere3,shapediscover,cost,persistence_s,0.0061,1,1200,4,2.021,12,"{""knn"": 15, ""label_mode"": ""components"", ""lite"": false, ""loss_weights"": [1, 10, 1, 10], ""n_cover"": 15, ""regularization"": 10.0, ""threshold"": 0.5}",0.1.0,2026-06-20T21:16:54+00:00
sphere3,shapediscover,cost,complex_size,4943.0,1,1200,4,2.021,12,"{""knn"": 15, ""label_mode"": ""components"", ""lite"": false, ""loss_weights"": [1, 10, 1, 10], ""n_cover"": 15, ""regularization"": 10.0, ""threshold"": 0.5}",0.1.0,2026-06-20T21:16:54+00:00
sphere3,shapediscover,cost,fit_s,2.021,1,1200,4,2.021,12,"{""knn"": 15, ""label_mode"": ""components"", ""lite"": false, ""loss_weights"": [1, 10, 1, 10], ""n_cover"": 15, ""regularization"": 10.0, ""threshold"": 0.5}",0.1.0,2026-06-20T21:16:54+00:00
sphere3,shapediscover,topology,recovery_quotient,0.425,2,1200,4,2.12,14,"{""knn"": 15, ""label_mode"": ""components"", ""lite"": false, ""loss_weights"": [1, 10, 1, 10], ""n_cover"": 15, ""regularization"": 10.0, ""threshold"": 0.5}",0.1.0,2026-06-20T21:16:54+00:00
sphere3,shapediscover,topology,complex_size,4943.0,2,1200,4,2.12,14,"{""knn"": 15, ""label_mode"": ""components"", ""lite"": false, ""loss_weights"": [1, 10, 1, 10], ""n_cover"": 15, ""regularization"": 10.0, ""threshold"": 0.5}",0.1.0,2026-06-20T21:16:54+00:00
sphere3,shapediscover,topology,bar_dominance_min,1.729,2,1200,4,2.12,14,"{""knn"": 15, ""label_mode"": ""components"", ""lite"": false, ""loss_weights"": [1, 10, 1, 10], ""n_cover"": 15, ""regularization"": 10.0, ""threshold"": 0.5}",0.1.0,2026-06-20T21:16:54+00:00
sphere3,shapediscover,topology,bar_dominance_h0,1000.0,2,1200,4,2.12,14,"{""knn"": 15, ""label_mode"": ""components"", ""lite"": false, ""loss_weights"": [1, 10, 1, 10], ""n_cover"": 15, ""regularization"": 10.0, ""threshold"": 0.5}",0.1.0,2026-06-20T21:16:54+00:00
sphere3,shapediscover,topology,bar_dominance_h1,1.729,2,1200,4,2.12,14,"{""knn"": 15, ""label_mode"": ""components"", ""lite"": false, ""loss_weights"": [1, 10, 1, 10], ""n_cover"": 15, ""regularization"": 10.0, ""threshold"": 0.5}",0.1.0,2026-06-20T21:16:54+00:00
sphere3,shapediscover,topology,bar_dominance_h2,2.094,2,1200,4,2.12,14,"{""knn"": 15, ""label_mode"": ""components"", ""lite"": false, ""loss_weights"": [1, 10, 1, 10], ""n_cover"": 15, ""regularization"": 10.0, ""threshold"": 0.5}",0.1.0,2026-06-20T21:16:54+00:00
sphere3,shapediscover,topology,bar_dominance_h3,21.237,2,1200,4,2.12,14,"{""knn"": 15, ""label_mode"": ""components"", ""lite"": false, ""loss_weights"": [1, 10, 1, 10], ""n_cover"": 15, ""regularization"": 10.0, ""threshold"": 0.5}",0.1.0,2026-06-20T21:16:54+00:00
sphere3,shapediscover,cost,persistence_s,0.0061,2,1200,4,2.12,14,"{""knn"": 15, ""label_mode"": ""components"", ""lite"": false, ""loss_weights"": [1, 10, 1, 10], ""n_cover"": 15, ""regularization"": 10.0, ""threshold"": 0.5}",0.1.0,2026-06-20T21:16:54+00:00
sphere3,shapediscover,cost,complex_size,4943.0,2,1200,4,2.12,14,"{""knn"": 15, ""label_mode"": ""components"", ""lite"": false, ""loss_weights"": [1, 10, 1, 10], ""n_cover"": 15, ""regularization"": 10.0, ""threshold"": 0.5}",0.1.0,2026-06-20T21:16:54+00:00
sphere3,shapediscover,cost,fit_s,2.12,2,1200,4,2.12,14,"{""knn"": 15, ""label_mode"": ""components"", ""lite"": false, ""loss_weights"": [1, 10, 1, 10], ""n_cover"": 15, ""regularization"": 10.0, ""threshold"": 0.5}",0.1.0,2026-06-20T21:16:54+00:00
torus,shapediscover,topology,recovery_quotient,0.027,0,3000,3,1.549,15,"{""knn"": 15, ""label_mode"": ""components"", ""lite"": false, ""loss_weights"": [1, 10, 1, 10], ""n_cover"": 15, ""regularization"": 10.0, ""threshold"": 0.5}",0.1.0,2026-06-20T21:16:54+00:00
torus,shapediscover,topology,complex_size,1940.0,0,3000,3,1.549,15,"{""knn"": 15, ""label_mode"": ""components"", ""lite"": false, ""loss_weights"": [1, 10, 1, 10], ""n_cover"": 15, ""regularization"": 10.0, ""threshold"": 0.5}",0.1.0,2026-06-20T21:16:54+00:00
torus,shapediscover,topology,bar_dominance_min,1.111,0,3000,3,1.549,15,"{""knn"": 15, ""label_mode"": ""components"", ""lite"": false, ""loss_weights"": [1, 10, 1, 10], ""n_cover"": 15, ""regularization"": 10.0, ""threshold"": 0.5}",0.1.0,2026-06-20T21:16:54+00:00
torus,shapediscover,topology,bar_dominance_h0,1000.0,0,3000,3,1.549,15,"{""knn"": 15, ""label_mode"": ""components"", ""lite"": false, ""loss_weights"": [1, 10, 1, 10], ""n_cover"": 15, ""regularization"": 10.0, ""threshold"": 0.5}",0.1.0,2026-06-20T21:16:54+00:00
torus,shapediscover,topology,bar_dominance_h1,1.458,0,3000,3,1.549,15,"{""knn"": 15, ""label_mode"": ""components"", ""lite"": false, ""loss_weights"": [1, 10, 1, 10], ""n_cover"": 15, ""regularization"": 10.0, ""threshold"": 0.5}",0.1.0,2026-06-20T21:16:54+00:00
torus,shapediscover,topology,bar_dominance_h2,1.111,0,3000,3,1.549,15,"{""knn"": 15, ""label_mode"": ""components"", ""lite"": false, ""loss_weights"": [1, 10, 1, 10], ""n_cover"": 15, ""regularization"": 10.0, ""threshold"": 0.5}",0.1.0,2026-06-20T21:16:54+00:00
torus,shapediscover,embedding,trustworthiness,0.9676887470607994,0,3000,3,1.549,15,"{""knn"": 15, ""label_mode"": ""components"", ""lite"": false, ""loss_weights"": [1, 10, 1, 10], ""n_cover"": 15, ""regularization"": 10.0, ""threshold"": 0.5}",0.1.0,2026-06-20T21:16:54+00:00
torus,shapediscover,embedding,continuity,0.9939236890232523,0,3000,3,1.549,15,"{""knn"": 15, ""label_mode"": ""components"", ""lite"": false, ""loss_weights"": [1, 10, 1, 10], ""n_cover"": 15, ""regularization"": 10.0, ""threshold"": 0.5}",0.1.0,2026-06-20T21:16:54+00:00
torus,shapediscover,embedding,knn_recall,0.5057333333333334,0,3000,3,1.549,15,"{""knn"": 15, ""label_mode"": ""components"", ""lite"": false, ""loss_weights"": [1, 10, 1, 10], ""n_cover"": 15, ""regularization"": 10.0, ""threshold"": 0.5}",0.1.0,2026-06-20T21:16:54+00:00
torus,shapediscover,embedding,global_corr,0.918615409469282,0,3000,3,1.549,15,"{""knn"": 15, ""label_mode"": ""components"", ""lite"": false, ""loss_weights"": [1, 10, 1, 10], ""n_cover"": 15, ""regularization"": 10.0, ""threshold"": 0.5}",0.1.0,2026-06-20T21:16:54+00:00
torus,shapediscover,cost,persistence_s,0.0038,0,3000,3,1.549,15,"{""knn"": 15, ""label_mode"": ""components"", ""lite"": false, ""loss_weights"": [1, 10, 1, 10], ""n_cover"": 15, ""regularization"": 10.0, ""threshold"": 0.5}",0.1.0,2026-06-20T21:16:54+00:00
torus,shapediscover,cost,complex_size,1940.0,0,3000,3,1.549,15,"{""knn"": 15, ""label_mode"": ""components"", ""lite"": false, ""loss_weights"": [1, 10, 1, 10], ""n_cover"": 15, ""regularization"": 10.0, ""threshold"": 0.5}",0.1.0,2026-06-20T21:16:54+00:00
torus,shapediscover,cost,embedding_s,0.0035,0,3000,3,1.549,15,"{""knn"": 15, ""label_mode"": ""components"", ""lite"": false, ""loss_weights"": [1, 10, 1, 10], ""n_cover"": 15, ""regularization"": 10.0, ""threshold"": 0.5}",0.1.0,2026-06-20T21:16:54+00:00
torus,shapediscover,cost,fit_s,1.549,0,3000,3,1.549,15,"{""knn"": 15, ""label_mode"": ""components"", ""lite"": false, ""loss_weights"": [1, 10, 1, 10], ""n_cover"": 15, ""regularization"": 10.0, ""threshold"": 0.5}",0.1.0,2026-06-20T21:16:54+00:00
torus,shapediscover,topology,recovery_quotient,0.0,1,3000,3,1.5,15,"{""knn"": 15, ""label_mode"": ""components"", ""lite"": false, ""loss_weights"": [1, 10, 1, 10], ""n_cover"": 15, ""regularization"": 10.0, ""threshold"": 0.5}",0.1.0,2026-06-20T21:16:54+00:00
torus,shapediscover,topology,complex_size,1940.0,1,3000,3,1.5,15,"{""knn"": 15, ""label_mode"": ""components"", ""lite"": false, ""loss_weights"": [1, 10, 1, 10], ""n_cover"": 15, ""regularization"": 10.0, ""threshold"": 0.5}",0.1.0,2026-06-20T21:16:54+00:00
torus,shapediscover,topology,bar_dominance_min,1.082,1,3000,3,1.5,15,"{""knn"": 15, ""label_mode"": ""components"", ""lite"": false, ""loss_weights"": [1, 10, 1, 10], ""n_cover"": 15, ""regularization"": 10.0, ""threshold"": 0.5}",0.1.0,2026-06-20T21:16:54+00:00
torus,shapediscover,topology,bar_dominance_h0,1000.0,1,3000,3,1.5,15,"{""knn"": 15, ""label_mode"": ""components"", ""lite"": false, ""loss_weights"": [1, 10, 1, 10], ""n_cover"": 15, ""regularization"": 10.0, ""threshold"": 0.5}",0.1.0,2026-06-20T21:16:54+00:00
torus,shapediscover,topology,bar_dominance_h1,1.082,1,3000,3,1.5,15,"{""knn"": 15, ""label_mode"": ""components"", ""lite"": false, ""loss_weights"": [1, 10, 1, 10], ""n_cover"": 15, ""regularization"": 10.0, ""threshold"": 0.5}",0.1.0,2026-06-20T21:16:54+00:00
torus,shapediscover,topology,bar_dominance_h2,1.084,1,3000,3,1.5,15,"{""knn"": 15, ""label_mode"": ""components"", ""lite"": false, ""loss_weights"": [1, 10, 1, 10], ""n_cover"": 15, ""regularization"": 10.0, ""threshold"": 0.5}",0.1.0,2026-06-20T21:16:54+00:00
torus,shapediscover,embedding,trustworthiness,0.9662635464486993,1,3000,3,1.5,15,"{""knn"": 15, ""label_mode"": ""components"", ""lite"": false, ""loss_weights"": [1, 10, 1, 10], ""n_cover"": 15, ""regularization"": 10.0, ""threshold"": 0.5}",0.1.0,2026-06-20T21:16:54+00:00
torus,shapediscover,embedding,continuity,0.9925397827790841,1,3000,3,1.5,15,"{""knn"": 15, ""label_mode"": ""components"", ""lite"": false, ""loss_weights"": [1, 10, 1, 10], ""n_cover"": 15, ""regularization"": 10.0, ""threshold"": 0.5}",0.1.0,2026-06-20T21:16:54+00:00
torus,shapediscover,embedding,knn_recall,0.47028888888888887,1,3000,3,1.5,15,"{""knn"": 15, ""label_mode"": ""components"", ""lite"": false, ""loss_weights"": [1, 10, 1, 10], ""n_cover"": 15, ""regularization"": 10.0, ""threshold"": 0.5}",0.1.0,2026-06-20T21:16:54+00:00
torus,shapediscover,embedding,global_corr,0.8892544009876857,1,3000,3,1.5,15,"{""knn"": 15, ""label_mode"": ""components"", ""lite"": false, ""loss_weights"": [1, 10, 1, 10], ""n_cover"": 15, ""regularization"": 10.0, ""threshold"": 0.5}",0.1.0,2026-06-20T21:16:54+00:00
torus,shapediscover,cost,persistence_s,0.0037,1,3000,3,1.5,15,"{""knn"": 15, ""label_mode"": ""components"", ""lite"": false, ""loss_weights"": [1, 10, 1, 10], ""n_cover"": 15, ""regularization"": 10.0, ""threshold"": 0.5}",0.1.0,2026-06-20T21:16:54+00:00
torus,shapediscover,cost,complex_size,1940.0,1,3000,3,1.5,15,"{""knn"": 15, ""label_mode"": ""components"", ""lite"": false, ""loss_weights"": [1, 10, 1, 10], ""n_cover"": 15, ""regularization"": 10.0, ""threshold"": 0.5}",0.1.0,2026-06-20T21:16:54+00:00
torus,shapediscover,cost,embedding_s,0.0035,1,3000,3,1.5,15,"{""knn"": 15, ""label_mode"": ""components"", ""lite"": false, ""loss_weights"": [1, 10, 1, 10], ""n_cover"": 15, ""regularization"": 10.0, ""threshold"": 0.5}",0.1.0,2026-06-20T21:16:54+00:00
torus,shapediscover,cost,fit_s,1.5,1,3000,3,1.5,15,"{""knn"": 15, ""label_mode"": ""components"", ""lite"": false, ""loss_weights"": [1, 10, 1, 10], ""n_cover"": 15, ""regularization"": 10.0, ""threshold"": 0.5}",0.1.0,2026-06-20T21:16:54+00:00
torus,shapediscover,topology,recovery_quotient,0.096,2,3000,3,1.453,15,"{""knn"": 15, ""label_mode"": ""components"", ""lite"": false, ""loss_weights"": [1, 10, 1, 10], ""n_cover"": 15, ""regularization"": 10.0, ""threshold"": 0.5}",0.1.0,2026-06-20T21:16:54+00:00
torus,shapediscover,topology,complex_size,1940.0,2,3000,3,1.453,15,"{""knn"": 15, ""label_mode"": ""components"", ""lite"": false, ""loss_weights"": [1, 10, 1, 10], ""n_cover"": 15, ""regularization"": 10.0, ""threshold"": 0.5}",0.1.0,2026-06-20T21:16:54+00:00
torus,shapediscover,topology,bar_dominance_min,1.337,2,3000,3,1.453,15,"{""knn"": 15, ""label_mode"": ""components"", ""lite"": false, ""loss_weights"": [1, 10, 1, 10], ""n_cover"": 15, ""regularization"": 10.0, ""threshold"": 0.5}",0.1.0,2026-06-20T21:16:54+00:00
torus,shapediscover,topology,bar_dominance_h0,1000.0,2,3000,3,1.453,15,"{""knn"": 15, ""label_mode"": ""components"", ""lite"": false, ""loss_weights"": [1, 10, 1, 10], ""n_cover"": 15, ""regularization"": 10.0, ""threshold"": 0.5}",0.1.0,2026-06-20T21:16:54+00:00
torus,shapediscover,topology,bar_dominance_h1,1.379,2,3000,3,1.453,15,"{""knn"": 15, ""label_mode"": ""components"", ""lite"": false, ""loss_weights"": [1, 10, 1, 10], ""n_cover"": 15, ""regularization"": 10.0, ""threshold"": 0.5}",0.1.0,2026-06-20T21:16:54+00:00
torus,shapediscover,topology,bar_dominance_h2,1.337,2,3000,3,1.453,15,"{""knn"": 15, ""label_mode"": ""components"", ""lite"": false, ""loss_weights"": [1, 10, 1, 10], ""n_cover"": 15, ""regularization"": 10.0, ""threshold"": 0.5}",0.1.0,2026-06-20T21:16:54+00:00
torus,shapediscover,embedding,trustworthiness,0.9655982458104729,2,3000,3,1.453,15,"{""knn"": 15, ""label_mode"": ""components"", ""lite"": false, ""loss_weights"": [1, 10, 1, 10], ""n_cover"": 15, ""regularization"": 10.0, ""threshold"": 0.5}",0.1.0,2026-06-20T21:16:54+00:00
torus,shapediscover,embedding,continuity,0.9935635501810174,2,3000,3,1.453,15,"{""knn"": 15, ""label_mode"": ""components"", ""lite"": false, ""loss_weights"": [1, 10, 1, 10], ""n_cover"": 15, ""regularization"": 10.0, ""threshold"": 0.5}",0.1.0,2026-06-20T21:16:54+00:00
torus,shapediscover,embedding,knn_recall,0.4928666666666667,2,3000,3,1.453,15,"{""knn"": 15, ""label_mode"": ""components"", ""lite"": false, ""loss_weights"": [1, 10, 1, 10], ""n_cover"": 15, ""regularization"": 10.0, ""threshold"": 0.5}",0.1.0,2026-06-20T21:16:54+00:00
torus,shapediscover,embedding,global_corr,0.9216398379703123,2,3000,3,1.453,15,"{""knn"": 15, ""label_mode"": ""components"", ""lite"": false, ""loss_weights"": [1, 10, 1, 10], ""n_cover"": 15, ""regularization"": 10.0, ""threshold"": 0.5}",0.1.0,2026-06-20T21:16:54+00:00
torus,shapediscover,cost,persistence_s,0.0046,2,3000,3,1.453,15,"{""knn"": 15, ""label_mode"": ""components"", ""lite"": false, ""loss_weights"": [1, 10, 1, 10], ""n_cover"": 15, ""regularization"": 10.0, ""threshold"": 0.5}",0.1.0,2026-06-20T21:16:54+00:00
torus,shapediscover,cost,complex_size,1940.0,2,3000,3,1.453,15,"{""knn"": 15, ""label_mode"": ""components"", ""lite"": false, ""loss_weights"": [1, 10, 1, 10], ""n_cover"": 15, ""regularization"": 10.0, ""threshold"": 0.5}",0.1.0,2026-06-20T21:16:54+00:00
torus,shapediscover,cost,embedding_s,0.0036,2,3000,3,1.453,15,"{""knn"": 15, ""label_mode"": ""components"", ""lite"": false, ""loss_weights"": [1, 10, 1, 10], ""n_cover"": 15, ""regularization"": 10.0, ""threshold"": 0.5}",0.1.0,2026-06-20T21:16:54+00:00
torus,shapediscover,cost,fit_s,1.453,2,3000,3,1.453,15,"{""knn"": 15, ""label_mode"": ""components"", ""lite"": false, ""loss_weights"": [1, 10, 1, 10], ""n_cover"": 15, ""regularization"": 10.0, ""threshold"": 0.5}",0.1.0,2026-06-20T21:16:54+00:00
two_circles,shapediscover,topology,recovery_quotient,0.147,0,800,2,0.83,15,"{""knn"": 15, ""label_mode"": ""components"", ""lite"": false, ""loss_weights"": [1, 10, 1, 10], ""n_cover"": 15, ""regularization"": 10.0, ""threshold"": 0.5}",0.1.0,2026-06-20T21:16:54+00:00
two_circles,shapediscover,topology,complex_size,575.0,0,800,2,0.83,15,"{""knn"": 15, ""label_mode"": ""components"", ""lite"": false, ""loss_weights"": [1, 10, 1, 10], ""n_cover"": 15, ""regularization"": 10.0, ""threshold"": 0.5}",0.1.0,2026-06-20T21:16:54+00:00
two_circles,shapediscover,topology,bar_dominance_min,2.029,0,800,2,0.83,15,"{""knn"": 15, ""label_mode"": ""components"", ""lite"": false, ""loss_weights"": [1, 10, 1, 10], ""n_cover"": 15, ""regularization"": 10.0, ""threshold"": 0.5}",0.1.0,2026-06-20T21:16:54+00:00
two_circles,shapediscover,topology,bar_dominance_h0,2.029,0,800,2,0.83,15,"{""knn"": 15, ""label_mode"": ""components"", ""lite"": false, ""loss_weights"": [1, 10, 1, 10], ""n_cover"": 15, ""regularization"": 10.0, ""threshold"": 0.5}",0.1.0,2026-06-20T21:16:54+00:00
two_circles,shapediscover,topology,bar_dominance_h1,56.302,0,800,2,0.83,15,"{""knn"": 15, ""label_mode"": ""components"", ""lite"": false, ""loss_weights"": [1, 10, 1, 10], ""n_cover"": 15, ""regularization"": 10.0, ""threshold"": 0.5}",0.1.0,2026-06-20T21:16:54+00:00
two_circles,shapediscover,clustering,ari,0.5906407994733017,0,800,2,0.83,15,"{""knn"": 15, ""label_mode"": ""components"", ""lite"": false, ""loss_weights"": [1, 10, 1, 10], ""n_cover"": 15, ""regularization"": 10.0, ""threshold"": 0.5}",0.1.0,2026-06-20T21:16:54+00:00
two_circles,shapediscover,clustering,ami,0.6670410613892835,0,800,2,0.83,15,"{""knn"": 15, ""label_mode"": ""components"", ""lite"": false, ""loss_weights"": [1, 10, 1, 10], ""n_cover"": 15, ""regularization"": 10.0, ""threshold"": 0.5}",0.1.0,2026-06-20T21:16:54+00:00
two_circles,shapediscover,clustering,nmi,0.6678483721397918,0,800,2,0.83,15,"{""knn"": 15, ""label_mode"": ""components"", ""lite"": false, ""loss_weights"": [1, 10, 1, 10], ""n_cover"": 15, ""regularization"": 10.0, ""threshold"": 0.5}",0.1.0,2026-06-20T21:16:54+00:00
two_circles,shapediscover,clustering,homogeneity,0.9999999999999993,0,800,2,0.83,15,"{""knn"": 15, ""label_mode"": ""components"", ""lite"": false, ""loss_weights"": [1, 10, 1, 10], ""n_cover"": 15, ""regularization"": 10.0, ""threshold"": 0.5}",0.1.0,2026-06-20T21:16:54+00:00
two_circles,shapediscover,clustering,completeness,0.5013305979384156,0,800,2,0.83,15,"{""knn"": 15, ""label_mode"": ""components"", ""lite"": false, ""loss_weights"": [1, 10, 1, 10], ""n_cover"": 15, ""regularization"": 10.0, ""threshold"": 0.5}",0.1.0,2026-06-20T21:16:54+00:00
two_circles,shapediscover,clustering,n_clusters_pred,5.0,0,800,2,0.83,15,"{""knn"": 15, ""label_mode"": ""components"", ""lite"": false, ""loss_weights"": [1, 10, 1, 10], ""n_cover"": 15, ""regularization"": 10.0, ""threshold"": 0.5}",0.1.0,2026-06-20T21:16:54+00:00
two_circles,shapediscover,clustering,n_clusters_true,2.0,0,800,2,0.83,15,"{""knn"": 15, ""label_mode"": ""components"", ""lite"": false, ""loss_weights"": [1, 10, 1, 10], ""n_cover"": 15, ""regularization"": 10.0, ""threshold"": 0.5}",0.1.0,2026-06-20T21:16:54+00:00
two_circles,shapediscover,embedding,trustworthiness,0.8858785928785928,0,800,2,0.83,15,"{""knn"": 15, ""label_mode"": ""components"", ""lite"": false, ""loss_weights"": [1, 10, 1, 10], ""n_cover"": 15, ""regularization"": 10.0, ""threshold"": 0.5}",0.1.0,2026-06-20T21:16:54+00:00
two_circles,shapediscover,embedding,continuity,0.9532466752466753,0,800,2,0.83,15,"{""knn"": 15, ""label_mode"": ""components"", ""lite"": false, ""loss_weights"": [1, 10, 1, 10], ""n_cover"": 15, ""regularization"": 10.0, ""threshold"": 0.5}",0.1.0,2026-06-20T21:16:54+00:00
two_circles,shapediscover,embedding,knn_recall,0.40399999999999997,0,800,2,0.83,15,"{""knn"": 15, ""label_mode"": ""components"", ""lite"": false, ""loss_weights"": [1, 10, 1, 10], ""n_cover"": 15, ""regularization"": 10.0, ""threshold"": 0.5}",0.1.0,2026-06-20T21:16:54+00:00
two_circles,shapediscover,embedding,global_corr,0.5844340444659535,0,800,2,0.83,15,"{""knn"": 15, ""label_mode"": ""components"", ""lite"": false, ""loss_weights"": [1, 10, 1, 10], ""n_cover"": 15, ""regularization"": 10.0, ""threshold"": 0.5}",0.1.0,2026-06-20T21:16:54+00:00
two_circles,shapediscover,cost,persistence_s,0.0008,0,800,2,0.83,15,"{""knn"": 15, ""label_mode"": ""components"", ""lite"": false, ""loss_weights"": [1, 10, 1, 10], ""n_cover"": 15, ""regularization"": 10.0, ""threshold"": 0.5}",0.1.0,2026-06-20T21:16:54+00:00
two_circles,shapediscover,cost,complex_size,575.0,0,800,2,0.83,15,"{""knn"": 15, ""label_mode"": ""components"", ""lite"": false, ""loss_weights"": [1, 10, 1, 10], ""n_cover"": 15, ""regularization"": 10.0, ""threshold"": 0.5}",0.1.0,2026-06-20T21:16:54+00:00
two_circles,shapediscover,cost,clustering_s,0.002,0,800,2,0.83,15,"{""knn"": 15, ""label_mode"": ""components"", ""lite"": false, ""loss_weights"": [1, 10, 1, 10], ""n_cover"": 15, ""regularization"": 10.0, ""threshold"": 0.5}",0.1.0,2026-06-20T21:16:54+00:00
two_circles,shapediscover,cost,embedding_s,0.0029,0,800,2,0.83,15,"{""knn"": 15, ""label_mode"": ""components"", ""lite"": false, ""loss_weights"": [1, 10, 1, 10], ""n_cover"": 15, ""regularization"": 10.0, ""threshold"": 0.5}",0.1.0,2026-06-20T21:16:54+00:00
two_circles,shapediscover,cost,fit_s,0.83,0,800,2,0.83,15,"{""knn"": 15, ""label_mode"": ""components"", ""lite"": false, ""loss_weights"": [1, 10, 1, 10], ""n_cover"": 15, ""regularization"": 10.0, ""threshold"": 0.5}",0.1.0,2026-06-20T21:16:54+00:00
two_circles,shapediscover,topology,recovery_quotient,0.187,1,800,2,0.713,15,"{""knn"": 15, ""label_mode"": ""components"", ""lite"": false, ""loss_weights"": [1, 10, 1, 10], ""n_cover"": 15, ""regularization"": 10.0, ""threshold"": 0.5}",0.1.0,2026-06-20T21:16:54+00:00
two_circles,shapediscover,topology,complex_size,575.0,1,800,2,0.713,15,"{""knn"": 15, ""label_mode"": ""components"", ""lite"": false, ""loss_weights"": [1, 10, 1, 10], ""n_cover"": 15, ""regularization"": 10.0, ""threshold"": 0.5}",0.1.0,2026-06-20T21:16:54+00:00
two_circles,shapediscover,topology,bar_dominance_min,2.546,1,800,2,0.713,15,"{""knn"": 15, ""label_mode"": ""components"", ""lite"": false, ""loss_weights"": [1, 10, 1, 10], ""n_cover"": 15, ""regularization"": 10.0, ""threshold"": 0.5}",0.1.0,2026-06-20T21:16:54+00:00
two_circles,shapediscover,topology,bar_dominance_h0,2.546,1,800,2,0.713,15,"{""knn"": 15, ""label_mode"": ""components"", ""lite"": false, ""loss_weights"": [1, 10, 1, 10], ""n_cover"": 15, ""regularization"": 10.0, ""threshold"": 0.5}",0.1.0,2026-06-20T21:16:54+00:00
two_circles,shapediscover,topology,bar_dominance_h1,13.091,1,800,2,0.713,15,"{""knn"": 15, ""label_mode"": ""components"", ""lite"": false, ""loss_weights"": [1, 10, 1, 10], ""n_cover"": 15, ""regularization"": 10.0, ""threshold"": 0.5}",0.1.0,2026-06-20T21:16:54+00:00
two_circles,shapediscover,clustering,ari,0.7564272661446817,1,800,2,0.713,15,"{""knn"": 15, ""label_mode"": ""components"", ""lite"": false, ""loss_weights"": [1, 10, 1, 10], ""n_cover"": 15, ""regularization"": 10.0, ""threshold"": 0.5}",0.1.0,2026-06-20T21:16:54+00:00
two_circles,shapediscover,clustering,ami,0.8028827757586755,1,800,2,0.713,15,"{""knn"": 15, ""label_mode"": ""components"", ""lite"": false, ""loss_weights"": [1, 10, 1, 10], ""n_cover"": 15, ""regularization"": 10.0, ""threshold"": 0.5}",0.1.0,2026-06-20T21:16:54+00:00
two_circles,shapediscover,clustering,nmi,0.8031691095892768,1,800,2,0.713,15,"{""knn"": 15, ""label_mode"": ""components"", ""lite"": false, ""loss_weights"": [1, 10, 1, 10], ""n_cover"": 15, ""regularization"": 10.0, ""threshold"": 0.5}",0.1.0,2026-06-20T21:16:54+00:00
two_circles,shapediscover,clustering,homogeneity,1.0,1,800,2,0.713,15,"{""knn"": 15, ""label_mode"": ""components"", ""lite"": false, ""loss_weights"": [1, 10, 1, 10], ""n_cover"": 15, ""regularization"": 10.0, ""threshold"": 0.5}",0.1.0,2026-06-20T21:16:54+00:00
two_circles,shapediscover,clustering,completeness,0.6710798626810581,1,800,2,0.713,15,"{""knn"": 15, ""label_mode"": ""components"", ""lite"": false, ""loss_weights"": [1, 10, 1, 10], ""n_cover"": 15, ""regularization"": 10.0, ""threshold"": 0.5}",0.1.0,2026-06-20T21:16:54+00:00
two_circles,shapediscover,clustering,n_clusters_pred,3.0,1,800,2,0.713,15,"{""knn"": 15, ""label_mode"": ""components"", ""lite"": false, ""loss_weights"": [1, 10, 1, 10], ""n_cover"": 15, ""regularization"": 10.0, ""threshold"": 0.5}",0.1.0,2026-06-20T21:16:54+00:00
two_circles,shapediscover,clustering,n_clusters_true,2.0,1,800,2,0.713,15,"{""knn"": 15, ""label_mode"": ""components"", ""lite"": false, ""loss_weights"": [1, 10, 1, 10], ""n_cover"": 15, ""regularization"": 10.0, ""threshold"": 0.5}",0.1.0,2026-06-20T21:16:54+00:00
two_circles,shapediscover,embedding,trustworthiness,0.9778544616044617,1,800,2,0.713,15,"{""knn"": 15, ""label_mode"": ""components"", ""lite"": false, ""loss_weights"": [1, 10, 1, 10], ""n_cover"": 15, ""regularization"": 10.0, ""threshold"": 0.5}",0.1.0,2026-06-20T21:16:54+00:00
two_circles,shapediscover,embedding,continuity,0.9885764693264694,1,800,2,0.713,15,"{""knn"": 15, ""label_mode"": ""components"", ""lite"": false, ""loss_weights"": [1, 10, 1, 10], ""n_cover"": 15, ""regularization"": 10.0, ""threshold"": 0.5}",0.1.0,2026-06-20T21:16:54+00:00
two_circles,shapediscover,embedding,knn_recall,0.679,1,800,2,0.713,15,"{""knn"": 15, ""label_mode"": ""components"", ""lite"": false, ""loss_weights"": [1, 10, 1, 10], ""n_cover"": 15, ""regularization"": 10.0, ""threshold"": 0.5}",0.1.0,2026-06-20T21:16:54+00:00
two_circles,shapediscover,embedding,global_corr,0.7827042809127289,1,800,2,0.713,15,"{""knn"": 15, ""label_mode"": ""components"", ""lite"": false, ""loss_weights"": [1, 10, 1, 10], ""n_cover"": 15, ""regularization"": 10.0, ""threshold"": 0.5}",0.1.0,2026-06-20T21:16:54+00:00
two_circles,shapediscover,cost,persistence_s,0.0009,1,800,2,0.713,15,"{""knn"": 15, ""label_mode"": ""components"", ""lite"": false, ""loss_weights"": [1, 10, 1, 10], ""n_cover"": 15, ""regularization"": 10.0, ""threshold"": 0.5}",0.1.0,2026-06-20T21:16:54+00:00
two_circles,shapediscover,cost,complex_size,575.0,1,800,2,0.713,15,"{""knn"": 15, ""label_mode"": ""components"", ""lite"": false, ""loss_weights"": [1, 10, 1, 10], ""n_cover"": 15, ""regularization"": 10.0, ""threshold"": 0.5}",0.1.0,2026-06-20T21:16:54+00:00
two_circles,shapediscover,cost,clustering_s,0.0008,1,800,2,0.713,15,"{""knn"": 15, ""label_mode"": ""components"", ""lite"": false, ""loss_weights"": [1, 10, 1, 10], ""n_cover"": 15, ""regularization"": 10.0, ""threshold"": 0.5}",0.1.0,2026-06-20T21:16:54+00:00
two_circles,shapediscover,cost,embedding_s,0.0032,1,800,2,0.713,15,"{""knn"": 15, ""label_mode"": ""components"", ""lite"": false, ""loss_weights"": [1, 10, 1, 10], ""n_cover"": 15, ""regularization"": 10.0, ""threshold"": 0.5}",0.1.0,2026-06-20T21:16:54+00:00
two_circles,shapediscover,cost,fit_s,0.713,1,800,2,0.713,15,"{""knn"": 15, ""label_mode"": ""components"", ""lite"": false, ""loss_weights"": [1, 10, 1, 10], ""n_cover"": 15, ""regularization"": 10.0, ""threshold"": 0.5}",0.1.0,2026-06-20T21:16:54+00:00
two_circles,shapediscover,topology,recovery_quotient,0.78,2,800,2,0.799,15,"{""knn"": 15, ""label_mode"": ""components"", ""lite"": false, ""loss_weights"": [1, 10, 1, 10], ""n_cover"": 15, ""regularization"": 10.0, ""threshold"": 0.5}",0.1.0,2026-06-20T21:16:54+00:00
two_circles,shapediscover,topology,complex_size,575.0,2,800,2,0.799,15,"{""knn"": 15, ""label_mode"": ""components"", ""lite"": false, ""loss_weights"": [1, 10, 1, 10], ""n_cover"": 15, ""regularization"": 10.0, ""threshold"": 0.5}",0.1.0,2026-06-20T21:16:54+00:00
two_circles,shapediscover,topology,bar_dominance_min,11.809,2,800,2,0.799,15,"{""knn"": 15, ""label_mode"": ""components"", ""lite"": false, ""loss_weights"": [1, 10, 1, 10], ""n_cover"": 15, ""regularization"": 10.0, ""threshold"": 0.5}",0.1.0,2026-06-20T21:16:54+00:00
two_circles,shapediscover,topology,bar_dominance_h0,11.809,2,800,2,0.799,15,"{""knn"": 15, ""label_mode"": ""components"", ""lite"": false, ""loss_weights"": [1, 10, 1, 10], ""n_cover"": 15, ""regularization"": 10.0, ""threshold"": 0.5}",0.1.0,2026-06-20T21:16:54+00:00
two_circles,shapediscover,topology,bar_dominance_h1,52.848,2,800,2,0.799,15,"{""knn"": 15, ""label_mode"": ""components"", ""lite"": false, ""loss_weights"": [1, 10, 1, 10], ""n_cover"": 15, ""regularization"": 10.0, ""threshold"": 0.5}",0.1.0,2026-06-20T21:16:54+00:00
two_circles,shapediscover,clustering,ari,1.0,2,800,2,0.799,15,"{""knn"": 15, ""label_mode"": ""components"", ""lite"": false, ""loss_weights"": [1, 10, 1, 10], ""n_cover"": 15, ""regularization"": 10.0, ""threshold"": 0.5}",0.1.0,2026-06-20T21:16:54+00:00
two_circles,shapediscover,clustering,ami,1.0,2,800,2,0.799,15,"{""knn"": 15, ""label_mode"": ""components"", ""lite"": false, ""loss_weights"": [1, 10, 1, 10], ""n_cover"": 15, ""regularization"": 10.0, ""threshold"": 0.5}",0.1.0,2026-06-20T21:16:54+00:00
two_circles,shapediscover,clustering,nmi,1.0,2,800,2,0.799,15,"{""knn"": 15, ""label_mode"": ""components"", ""lite"": false, ""loss_weights"": [1, 10, 1, 10], ""n_cover"": 15, ""regularization"": 10.0, ""threshold"": 0.5}",0.1.0,2026-06-20T21:16:54+00:00
two_circles,shapediscover,clustering,homogeneity,1.0,2,800,2,0.799,15,"{""knn"": 15, ""label_mode"": ""components"", ""lite"": false, ""loss_weights"": [1, 10, 1, 10], ""n_cover"": 15, ""regularization"": 10.0, ""threshold"": 0.5}",0.1.0,2026-06-20T21:16:54+00:00
two_circles,shapediscover,clustering,completeness,1.0,2,800,2,0.799,15,"{""knn"": 15, ""label_mode"": ""components"", ""lite"": false, ""loss_weights"": [1, 10, 1, 10], ""n_cover"": 15, ""regularization"": 10.0, ""threshold"": 0.5}",0.1.0,2026-06-20T21:16:54+00:00
two_circles,shapediscover,clustering,n_clusters_pred,2.0,2,800,2,0.799,15,"{""knn"": 15, ""label_mode"": ""components"", ""lite"": false, ""loss_weights"": [1, 10, 1, 10], ""n_cover"": 15, ""regularization"": 10.0, ""threshold"": 0.5}",0.1.0,2026-06-20T21:16:54+00:00
two_circles,shapediscover,clustering,n_clusters_true,2.0,2,800,2,0.799,15,"{""knn"": 15, ""label_mode"": ""components"", ""lite"": false, ""loss_weights"": [1, 10, 1, 10], ""n_cover"": 15, ""regularization"": 10.0, ""threshold"": 0.5}",0.1.0,2026-06-20T21:16:54+00:00
two_circles,shapediscover,embedding,trustworthiness,0.9902875375375375,2,800,2,0.799,15,"{""knn"": 15, ""label_mode"": ""components"", ""lite"": false, ""loss_weights"": [1, 10, 1, 10], ""n_cover"": 15, ""regularization"": 10.0, ""threshold"": 0.5}",0.1.0,2026-06-20T21:16:54+00:00
two_circles,shapediscover,embedding,continuity,0.9942522522522522,2,800,2,0.799,15,"{""knn"": 15, ""label_mode"": ""components"", ""lite"": false, ""loss_weights"": [1, 10, 1, 10], ""n_cover"": 15, ""regularization"": 10.0, ""threshold"": 0.5}",0.1.0,2026-06-20T21:16:54+00:00
two_circles,shapediscover,embedding,knn_recall,0.7587499999999999,2,800,2,0.799,15,"{""knn"": 15, ""label_mode"": ""components"", ""lite"": false, ""loss_weights"": [1, 10, 1, 10], ""n_cover"": 15, ""regularization"": 10.0, ""threshold"": 0.5}",0.1.0,2026-06-20T21:16:54+00:00
two_circles,shapediscover,embedding,global_corr,0.8057135741127223,2,800,2,0.799,15,"{""knn"": 15, ""label_mode"": ""components"", ""lite"": false, ""loss_weights"": [1, 10, 1, 10], ""n_cover"": 15, ""regularization"": 10.0, ""threshold"": 0.5}",0.1.0,2026-06-20T21:16:54+00:00
two_circles,shapediscover,cost,persistence_s,0.0009,2,800,2,0.799,15,"{""knn"": 15, ""label_mode"": ""components"", ""lite"": false, ""loss_weights"": [1, 10, 1, 10], ""n_cover"": 15, ""regularization"": 10.0, ""threshold"": 0.5}",0.1.0,2026-06-20T21:16:54+00:00
two_circles,shapediscover,cost,complex_size,575.0,2,800,2,0.799,15,"{""knn"": 15, ""label_mode"": ""components"", ""lite"": false, ""loss_weights"": [1, 10, 1, 10], ""n_cover"": 15, ""regularization"": 10.0, ""threshold"": 0.5}",0.1.0,2026-06-20T21:16:54+00:00
two_circles,shapediscover,cost,clustering_s,0.0007,2,800,2,0.799,15,"{""knn"": 15, ""label_mode"": ""components"", ""lite"": false, ""loss_weights"": [1, 10, 1, 10], ""n_cover"": 15, ""regularization"": 10.0, ""threshold"": 0.5}",0.1.0,2026-06-20T21:16:54+00:00
two_circles,shapediscover,cost,embedding_s,0.0034,2,800,2,0.799,15,"{""knn"": 15, ""label_mode"": ""components"", ""lite"": false, ""loss_weights"": [1, 10, 1, 10], ""n_cover"": 15, ""regularization"": 10.0, ""threshold"": 0.5}",0.1.0,2026-06-20T21:16:54+00:00
two_circles,shapediscover,cost,fit_s,0.799,2,800,2,0.799,15,"{""knn"": 15, ""label_mode"": ""components"", ""lite"": false, ""loss_weights"": [1, 10, 1, 10], ""n_cover"": 15, ""regularization"": 10.0, ""threshold"": 0.5}",0.1.0,2026-06-20T21:16:54+00:00
clifford_torus,shapediscover,topology,recovery_quotient,0.6,0,3000,4,1.575,15,"{""knn"": 15, ""label_mode"": ""components"", ""lite"": false, ""loss_weights"": [1, 10, 1, 10], ""n_cover"": 15, ""regularization"": 10.0, ""threshold"": 0.5}",0.1.0,2026-06-20T21:16:54+00:00
clifford_torus,shapediscover,topology,complex_size,1940.0,0,3000,4,1.575,15,"{""knn"": 15, ""label_mode"": ""components"", ""lite"": false, ""loss_weights"": [1, 10, 1, 10], ""n_cover"": 15, ""regularization"": 10.0, ""threshold"": 0.5}",0.1.0,2026-06-20T21:16:54+00:00
clifford_torus,shapediscover,topology,bar_dominance_min,2.755,0,3000,4,1.575,15,"{""knn"": 15, ""label_mode"": ""components"", ""lite"": false, ""loss_weights"": [1, 10, 1, 10], ""n_cover"": 15, ""regularization"": 10.0, ""threshold"": 0.5}",0.1.0,2026-06-20T21:16:54+00:00
clifford_torus,shapediscover,topology,bar_dominance_h0,1000.0,0,3000,4,1.575,15,"{""knn"": 15, ""label_mode"": ""components"", ""lite"": false, ""loss_weights"": [1, 10, 1, 10], ""n_cover"": 15, ""regularization"": 10.0, ""threshold"": 0.5}",0.1.0,2026-06-20T21:16:54+00:00
clifford_torus,shapediscover,topology,bar_dominance_h1,2.755,0,3000,4,1.575,15,"{""knn"": 15, ""label_mode"": ""components"", ""lite"": false, ""loss_weights"": [1, 10, 1, 10], ""n_cover"": 15, ""regularization"": 10.0, ""threshold"": 0.5}",0.1.0,2026-06-20T21:16:54+00:00
clifford_torus,shapediscover,topology,bar_dominance_h2,10.83,0,3000,4,1.575,15,"{""knn"": 15, ""label_mode"": ""components"", ""lite"": false, ""loss_weights"": [1, 10, 1, 10], ""n_cover"": 15, ""regularization"": 10.0, ""threshold"": 0.5}",0.1.0,2026-06-20T21:16:54+00:00
clifford_torus,shapediscover,cost,persistence_s,0.0039,0,3000,4,1.575,15,"{""knn"": 15, ""label_mode"": ""components"", ""lite"": false, ""loss_weights"": [1, 10, 1, 10], ""n_cover"": 15, ""regularization"": 10.0, ""threshold"": 0.5}",0.1.0,2026-06-20T21:16:54+00:00
clifford_torus,shapediscover,cost,complex_size,1940.0,0,3000,4,1.575,15,"{""knn"": 15, ""label_mode"": ""components"", ""lite"": false, ""loss_weights"": [1, 10, 1, 10], ""n_cover"": 15, ""regularization"": 10.0, ""threshold"": 0.5}",0.1.0,2026-06-20T21:16:54+00:00
clifford_torus,shapediscover,cost,fit_s,1.575,0,3000,4,1.575,15,"{""knn"": 15, ""label_mode"": ""components"", ""lite"": false, ""loss_weights"": [1, 10, 1, 10], ""n_cover"": 15, ""regularization"": 10.0, ""threshold"": 0.5}",0.1.0,2026-06-20T21:16:54+00:00
clifford_torus,shapediscover,topology,recovery_quotient,0.506,1,3000,4,1.646,15,"{""knn"": 15, ""label_mode"": ""components"", ""lite"": false, ""loss_weights"": [1, 10, 1, 10], ""n_cover"": 15, ""regularization"": 10.0, ""threshold"": 0.5}",0.1.0,2026-06-20T21:16:54+00:00
clifford_torus,shapediscover,topology,complex_size,1940.0,1,3000,4,1.646,15,"{""knn"": 15, ""label_mode"": ""components"", ""lite"": false, ""loss_weights"": [1, 10, 1, 10], ""n_cover"": 15, ""regularization"": 10.0, ""threshold"": 0.5}",0.1.0,2026-06-20T21:16:54+00:00
clifford_torus,shapediscover,topology,bar_dominance_min,2.674,1,3000,4,1.646,15,"{""knn"": 15, ""label_mode"": ""components"", ""lite"": false, ""loss_weights"": [1, 10, 1, 10], ""n_cover"": 15, ""regularization"": 10.0, ""threshold"": 0.5}",0.1.0,2026-06-20T21:16:54+00:00
clifford_torus,shapediscover,topology,bar_dominance_h0,1000.0,1,3000,4,1.646,15,"{""knn"": 15, ""label_mode"": ""components"", ""lite"": false, ""loss_weights"": [1, 10, 1, 10], ""n_cover"": 15, ""regularization"": 10.0, ""threshold"": 0.5}",0.1.0,2026-06-20T21:16:54+00:00
clifford_torus,shapediscover,topology,bar_dominance_h1,2.674,1,3000,4,1.646,15,"{""knn"": 15, ""label_mode"": ""components"", ""lite"": false, ""loss_weights"": [1, 10, 1, 10], ""n_cover"": 15, ""regularization"": 10.0, ""threshold"": 0.5}",0.1.0,2026-06-20T21:16:54+00:00
clifford_torus,shapediscover,topology,bar_dominance_h2,27.943,1,3000,4,1.646,15,"{""knn"": 15, ""label_mode"": ""components"", ""lite"": false, ""loss_weights"": [1, 10, 1, 10], ""n_cover"": 15, ""regularization"": 10.0, ""threshold"": 0.5}",0.1.0,2026-06-20T21:16:54+00:00
clifford_torus,shapediscover,cost,persistence_s,0.0034,1,3000,4,1.646,15,"{""knn"": 15, ""label_mode"": ""components"", ""lite"": false, ""loss_weights"": [1, 10, 1, 10], ""n_cover"": 15, ""regularization"": 10.0, ""threshold"": 0.5}",0.1.0,2026-06-20T21:16:54+00:00
clifford_torus,shapediscover,cost,complex_size,1940.0,1,3000,4,1.646,15,"{""knn"": 15, ""label_mode"": ""components"", ""lite"": false, ""loss_weights"": [1, 10, 1, 10], ""n_cover"": 15, ""regularization"": 10.0, ""threshold"": 0.5}",0.1.0,2026-06-20T21:16:54+00:00
clifford_torus,shapediscover,cost,fit_s,1.646,1,3000,4,1.646,15,"{""knn"": 15, ""label_mode"": ""components"", ""lite"": false, ""loss_weights"": [1, 10, 1, 10], ""n_cover"": 15, ""regularization"": 10.0, ""threshold"": 0.5}",0.1.0,2026-06-20T21:16:54+00:00
clifford_torus,shapediscover,topology,recovery_quotient,0.575,2,3000,4,2.194,15,"{""knn"": 15, ""label_mode"": ""components"", ""lite"": false, ""loss_weights"": [1, 10, 1, 10], ""n_cover"": 15, ""regularization"": 10.0, ""threshold"": 0.5}",0.1.0,2026-06-20T21:16:54+00:00
clifford_torus,shapediscover,topology,complex_size,1940.0,2,3000,4,2.194,15,"{""knn"": 15, ""label_mode"": ""components"", ""lite"": false, ""loss_weights"": [1, 10, 1, 10], ""n_cover"": 15, ""regularization"": 10.0, ""threshold"": 0.5}",0.1.0,2026-06-20T21:16:54+00:00
clifford_torus,shapediscover,topology,bar_dominance_min,2.693,2,3000,4,2.194,15,"{""knn"": 15, ""label_mode"": ""components"", ""lite"": false, ""loss_weights"": [1, 10, 1, 10], ""n_cover"": 15, ""regularization"": 10.0, ""threshold"": 0.5}",0.1.0,2026-06-20T21:16:54+00:00
clifford_torus,shapediscover,topology,bar_dominance_h0,1000.0,2,3000,4,2.194,15,"{""knn"": 15, ""label_mode"": ""components"", ""lite"": false, ""loss_weights"": [1, 10, 1, 10], ""n_cover"": 15, ""regularization"": 10.0, ""threshold"": 0.5}",0.1.0,2026-06-20T21:16:54+00:00
clifford_torus,shapediscover,topology,bar_dominance_h1,2.693,2,3000,4,2.194,15,"{""knn"": 15, ""label_mode"": ""components"", ""lite"": false, ""loss_weights"": [1, 10, 1, 10], ""n_cover"": 15, ""regularization"": 10.0, ""threshold"": 0.5}",0.1.0,2026-06-20T21:16:54+00:00
clifford_torus,shapediscover,topology,bar_dominance_h2,71.527,2,3000,4,2.194,15,"{""knn"": 15, ""label_mode"": ""components"", ""lite"": false, ""loss_weights"": [1, 10, 1, 10], ""n_cover"": 15, ""regularization"": 10.0, ""threshold"": 0.5}",0.1.0,2026-06-20T21:16:54+00:00
clifford_torus,shapediscover,cost,persistence_s,0.0052,2,3000,4,2.194,15,"{""knn"": 15, ""label_mode"": ""components"", ""lite"": false, ""loss_weights"": [1, 10, 1, 10], ""n_cover"": 15, ""regularization"": 10.0, ""threshold"": 0.5}",0.1.0,2026-06-20T21:16:54+00:00
clifford_torus,shapediscover,cost,complex_size,1940.0,2,3000,4,2.194,15,"{""knn"": 15, ""label_mode"": ""components"", ""lite"": false, ""loss_weights"": [1, 10, 1, 10], ""n_cover"": 15, ""regularization"": 10.0, ""threshold"": 0.5}",0.1.0,2026-06-20T21:16:54+00:00
clifford_torus,shapediscover,cost,fit_s,2.194,2,3000,4,2.194,15,"{""knn"": 15, ""label_mode"": ""components"", ""lite"": false, ""loss_weights"": [1, 10, 1, 10], ""n_cover"": 15, ""regularization"": 10.0, ""threshold"": 0.5}",0.1.0,2026-06-20T21:16:54+00:00
torus3,shapediscover,topology,recovery_quotient,0.0,0,4000,6,7.921,15,"{""knn"": 15, ""label_mode"": ""components"", ""lite"": false, ""loss_weights"": [1, 10, 1, 10], ""n_cover"": 15, ""regularization"": 10.0, ""threshold"": 0.5}",0.1.0,2026-06-20T21:16:54+00:00
torus3,shapediscover,topology,complex_size,4943.0,0,4000,6,7.921,15,"{""knn"": 15, ""label_mode"": ""components"", ""lite"": false, ""loss_weights"": [1, 10, 1, 10], ""n_cover"": 15, ""regularization"": 10.0, ""threshold"": 0.5}",0.1.0,2026-06-20T21:16:54+00:00
torus3,shapediscover,topology,bar_dominance_min,1.023,0,4000,6,7.921,15,"{""knn"": 15, ""label_mode"": ""components"", ""lite"": false, ""loss_weights"": [1, 10, 1, 10], ""n_cover"": 15, ""regularization"": 10.0, ""threshold"": 0.5}",0.1.0,2026-06-20T21:16:54+00:00
torus3,shapediscover,topology,bar_dominance_h0,1000.0,0,4000,6,7.921,15,"{""knn"": 15, ""label_mode"": ""components"", ""lite"": false, ""loss_weights"": [1, 10, 1, 10], ""n_cover"": 15, ""regularization"": 10.0, ""threshold"": 0.5}",0.1.0,2026-06-20T21:16:54+00:00
torus3,shapediscover,topology,bar_dominance_h1,1.023,0,4000,6,7.921,15,"{""knn"": 15, ""label_mode"": ""components"", ""lite"": false, ""loss_weights"": [1, 10, 1, 10], ""n_cover"": 15, ""regularization"": 10.0, ""threshold"": 0.5}",0.1.0,2026-06-20T21:16:54+00:00
torus3,shapediscover,topology,bar_dominance_h2,1.05,0,4000,6,7.921,15,"{""knn"": 15, ""label_mode"": ""components"", ""lite"": false, ""loss_weights"": [1, 10, 1, 10], ""n_cover"": 15, ""regularization"": 10.0, ""threshold"": 0.5}",0.1.0,2026-06-20T21:16:54+00:00
torus3,shapediscover,topology,bar_dominance_h3,1.106,0,4000,6,7.921,15,"{""knn"": 15, ""label_mode"": ""components"", ""lite"": false, ""loss_weights"": [1, 10, 1, 10], ""n_cover"": 15, ""regularization"": 10.0, ""threshold"": 0.5}",0.1.0,2026-06-20T21:16:54+00:00
torus3,shapediscover,cost,persistence_s,0.0228,0,4000,6,7.921,15,"{""knn"": 15, ""label_mode"": ""components"", ""lite"": false, ""loss_weights"": [1, 10, 1, 10], ""n_cover"": 15, ""regularization"": 10.0, ""threshold"": 0.5}",0.1.0,2026-06-20T21:16:54+00:00
torus3,shapediscover,cost,complex_size,4943.0,0,4000,6,7.921,15,"{""knn"": 15, ""label_mode"": ""components"", ""lite"": false, ""loss_weights"": [1, 10, 1, 10], ""n_cover"": 15, ""regularization"": 10.0, ""threshold"": 0.5}",0.1.0,2026-06-20T21:16:54+00:00
torus3,shapediscover,cost,fit_s,7.921,0,4000,6,7.921,15,"{""knn"": 15, ""label_mode"": ""components"", ""lite"": false, ""loss_weights"": [1, 10, 1, 10], ""n_cover"": 15, ""regularization"": 10.0, ""threshold"": 0.5}",0.1.0,2026-06-20T21:16:54+00:00
torus3,shapediscover,topology,recovery_quotient,0.0,1,4000,6,8.023,15,"{""knn"": 15, ""label_mode"": ""components"", ""lite"": false, ""loss_weights"": [1, 10, 1, 10], ""n_cover"": 15, ""regularization"": 10.0, ""threshold"": 0.5}",0.1.0,2026-06-20T21:16:54+00:00
torus3,shapediscover,topology,complex_size,4943.0,1,4000,6,8.023,15,"{""knn"": 15, ""label_mode"": ""components"", ""lite"": false, ""loss_weights"": [1, 10, 1, 10], ""n_cover"": 15, ""regularization"": 10.0, ""threshold"": 0.5}",0.1.0,2026-06-20T21:16:54+00:00
torus3,shapediscover,topology,bar_dominance_min,1.039,1,4000,6,8.023,15,"{""knn"": 15, ""label_mode"": ""components"", ""lite"": false, ""loss_weights"": [1, 10, 1, 10], ""n_cover"": 15, ""regularization"": 10.0, ""threshold"": 0.5}",0.1.0,2026-06-20T21:16:54+00:00
torus3,shapediscover,topology,bar_dominance_h0,1000.0,1,4000,6,8.023,15,"{""knn"": 15, ""label_mode"": ""components"", ""lite"": false, ""loss_weights"": [1, 10, 1, 10], ""n_cover"": 15, ""regularization"": 10.0, ""threshold"": 0.5}",0.1.0,2026-06-20T21:16:54+00:00
torus3,shapediscover,topology,bar_dominance_h1,1.061,1,4000,6,8.023,15,"{""knn"": 15, ""label_mode"": ""components"", ""lite"": false, ""loss_weights"": [1, 10, 1, 10], ""n_cover"": 15, ""regularization"": 10.0, ""threshold"": 0.5}",0.1.0,2026-06-20T21:16:54+00:00
torus3,shapediscover,topology,bar_dominance_h2,1.039,1,4000,6,8.023,15,"{""knn"": 15, ""label_mode"": ""components"", ""lite"": false, ""loss_weights"": [1, 10, 1, 10], ""n_cover"": 15, ""regularization"": 10.0, ""threshold"": 0.5}",0.1.0,2026-06-20T21:16:54+00:00
torus3,shapediscover,topology,bar_dominance_h3,1.213,1,4000,6,8.023,15,"{""knn"": 15, ""label_mode"": ""components"", ""lite"": false, ""loss_weights"": [1, 10, 1, 10], ""n_cover"": 15, ""regularization"": 10.0, ""threshold"": 0.5}",0.1.0,2026-06-20T21:16:54+00:00
torus3,shapediscover,cost,persistence_s,0.0207,1,4000,6,8.023,15,"{""knn"": 15, ""label_mode"": ""components"", ""lite"": false, ""loss_weights"": [1, 10, 1, 10], ""n_cover"": 15, ""regularization"": 10.0, ""threshold"": 0.5}",0.1.0,2026-06-20T21:16:54+00:00
torus3,shapediscover,cost,complex_size,4943.0,1,4000,6,8.023,15,"{""knn"": 15, ""label_mode"": ""components"", ""lite"": false, ""loss_weights"": [1, 10, 1, 10], ""n_cover"": 15, ""regularization"": 10.0, ""threshold"": 0.5}",0.1.0,2026-06-20T21:16:54+00:00
torus3,shapediscover,cost,fit_s,8.023,1,4000,6,8.023,15,"{""knn"": 15, ""label_mode"": ""components"", ""lite"": false, ""loss_weights"": [1, 10, 1, 10], ""n_cover"": 15, ""regularization"": 10.0, ""threshold"": 0.5}",0.1.0,2026-06-20T21:16:54+00:00
torus3,shapediscover,topology,recovery_quotient,0.0,2,4000,6,7.884,15,"{""knn"": 15, ""label_mode"": ""components"", ""lite"": false, ""loss_weights"": [1, 10, 1, 10], ""n_cover"": 15, ""regularization"": 10.0, ""threshold"": 0.5}",0.1.0,2026-06-20T21:16:54+00:00
torus3,shapediscover,topology,complex_size,4943.0,2,4000,6,7.884,15,"{""knn"": 15, ""label_mode"": ""components"", ""lite"": false, ""loss_weights"": [1, 10, 1, 10], ""n_cover"": 15, ""regularization"": 10.0, ""threshold"": 0.5}",0.1.0,2026-06-20T21:16:54+00:00
torus3,shapediscover,topology,bar_dominance_min,1.022,2,4000,6,7.884,15,"{""knn"": 15, ""label_mode"": ""components"", ""lite"": false, ""loss_weights"": [1, 10, 1, 10], ""n_cover"": 15, ""regularization"": 10.0, ""threshold"": 0.5}",0.1.0,2026-06-20T21:16:54+00:00
torus3,shapediscover,topology,bar_dominance_h0,1000.0,2,4000,6,7.884,15,"{""knn"": 15, ""label_mode"": ""components"", ""lite"": false, ""loss_weights"": [1, 10, 1, 10], ""n_cover"": 15, ""regularization"": 10.0, ""threshold"": 0.5}",0.1.0,2026-06-20T21:16:54+00:00
torus3,shapediscover,topology,bar_dominance_h1,1.053,2,4000,6,7.884,15,"{""knn"": 15, ""label_mode"": ""components"", ""lite"": false, ""loss_weights"": [1, 10, 1, 10], ""n_cover"": 15, ""regularization"": 10.0, ""threshold"": 0.5}",0.1.0,2026-06-20T21:16:54+00:00
torus3,shapediscover,topology,bar_dominance_h2,1.022,2,4000,6,7.884,15,"{""knn"": 15, ""label_mode"": ""components"", ""lite"": false, ""loss_weights"": [1, 10, 1, 10], ""n_cover"": 15, ""regularization"": 10.0, ""threshold"": 0.5}",0.1.0,2026-06-20T21:16:54+00:00
torus3,shapediscover,topology,bar_dominance_h3,1.271,2,4000,6,7.884,15,"{""knn"": 15, ""label_mode"": ""components"", ""lite"": false, ""loss_weights"": [1, 10, 1, 10], ""n_cover"": 15, ""regularization"": 10.0, ""threshold"": 0.5}",0.1.0,2026-06-20T21:16:54+00:00
torus3,shapediscover,cost,persistence_s,0.0121,2,4000,6,7.884,15,"{""knn"": 15, ""label_mode"": ""components"", ""lite"": false, ""loss_weights"": [1, 10, 1, 10], ""n_cover"": 15, ""regularization"": 10.0, ""threshold"": 0.5}",0.1.0,2026-06-20T21:16:54+00:00
torus3,shapediscover,cost,complex_size,4943.0,2,4000,6,7.884,15,"{""knn"": 15, ""label_mode"": ""components"", ""lite"": false, ""loss_weights"": [1, 10, 1, 10], ""n_cover"": 15, ""regularization"": 10.0, ""threshold"": 0.5}",0.1.0,2026-06-20T21:16:54+00:00
torus3,shapediscover,cost,fit_s,7.884,2,4000,6,7.884,15,"{""knn"": 15, ""label_mode"": ""components"", ""lite"": false, ""loss_weights"": [1, 10, 1, 10], ""n_cover"": 15, ""regularization"": 10.0, ""threshold"": 0.5}",0.1.0,2026-06-20T21:16:54+00:00
s2_times_s1,shapediscover,topology,recovery_quotient,0.011,0,3000,5,6.43,15,"{""knn"": 15, ""label_mode"": ""components"", ""lite"": false, ""loss_weights"": [1, 10, 1, 10], ""n_cover"": 15, ""regularization"": 10.0, ""threshold"": 0.5}",0.1.0,2026-06-20T21:16:54+00:00
s2_times_s1,shapediscover,topology,complex_size,4943.0,0,3000,5,6.43,15,"{""knn"": 15, ""label_mode"": ""components"", ""lite"": false, ""loss_weights"": [1, 10, 1, 10], ""n_cover"": 15, ""regularization"": 10.0, ""threshold"": 0.5}",0.1.0,2026-06-20T21:16:54+00:00
s2_times_s1,shapediscover,topology,bar_dominance_min,1.134,0,3000,5,6.43,15,"{""knn"": 15, ""label_mode"": ""components"", ""lite"": false, ""loss_weights"": [1, 10, 1, 10], ""n_cover"": 15, ""regularization"": 10.0, ""threshold"": 0.5}",0.1.0,2026-06-20T21:16:54+00:00
s2_times_s1,shapediscover,topology,bar_dominance_h0,1000.0,0,3000,5,6.43,15,"{""knn"": 15, ""label_mode"": ""components"", ""lite"": false, ""loss_weights"": [1, 10, 1, 10], ""n_cover"": 15, ""regularization"": 10.0, ""threshold"": 0.5}",0.1.0,2026-06-20T21:16:54+00:00
s2_times_s1,shapediscover,topology,bar_dominance_h1,2.804,0,3000,5,6.43,15,"{""knn"": 15, ""label_mode"": ""components"", ""lite"": false, ""loss_weights"": [1, 10, 1, 10], ""n_cover"": 15, ""regularization"": 10.0, ""threshold"": 0.5}",0.1.0,2026-06-20T21:16:54+00:00
s2_times_s1,shapediscover,topology,bar_dominance_h2,1.134,0,3000,5,6.43,15,"{""knn"": 15, ""label_mode"": ""components"", ""lite"": false, ""loss_weights"": [1, 10, 1, 10], ""n_cover"": 15, ""regularization"": 10.0, ""threshold"": 0.5}",0.1.0,2026-06-20T21:16:54+00:00
s2_times_s1,shapediscover,topology,bar_dominance_h3,1.474,0,3000,5,6.43,15,"{""knn"": 15, ""label_mode"": ""components"", ""lite"": false, ""loss_weights"": [1, 10, 1, 10], ""n_cover"": 15, ""regularization"": 10.0, ""threshold"": 0.5}",0.1.0,2026-06-20T21:16:54+00:00
s2_times_s1,shapediscover,cost,persistence_s,0.0098,0,3000,5,6.43,15,"{""knn"": 15, ""label_mode"": ""components"", ""lite"": false, ""loss_weights"": [1, 10, 1, 10], ""n_cover"": 15, ""regularization"": 10.0, ""threshold"": 0.5}",0.1.0,2026-06-20T21:16:54+00:00
s2_times_s1,shapediscover,cost,complex_size,4943.0,0,3000,5,6.43,15,"{""knn"": 15, ""label_mode"": ""components"", ""lite"": false, ""loss_weights"": [1, 10, 1, 10], ""n_cover"": 15, ""regularization"": 10.0, ""threshold"": 0.5}",0.1.0,2026-06-20T21:16:54+00:00
s2_times_s1,shapediscover,cost,fit_s,6.43,0,3000,5,6.43,15,"{""knn"": 15, ""label_mode"": ""components"", ""lite"": false, ""loss_weights"": [1, 10, 1, 10], ""n_cover"": 15, ""regularization"": 10.0, ""threshold"": 0.5}",0.1.0,2026-06-20T21:16:54+00:00
s2_times_s1,shapediscover,topology,recovery_quotient,0.018,1,3000,5,6.496,15,"{""knn"": 15, ""label_mode"": ""components"", ""lite"": false, ""loss_weights"": [1, 10, 1, 10], ""n_cover"": 15, ""regularization"": 10.0, ""threshold"": 0.5}",0.1.0,2026-06-20T21:16:54+00:00
s2_times_s1,shapediscover,topology,complex_size,4943.0,1,3000,5,6.496,15,"{""knn"": 15, ""label_mode"": ""components"", ""lite"": false, ""loss_weights"": [1, 10, 1, 10], ""n_cover"": 15, ""regularization"": 10.0, ""threshold"": 0.5}",0.1.0,2026-06-20T21:16:54+00:00
s2_times_s1,shapediscover,topology,bar_dominance_min,1.054,1,3000,5,6.496,15,"{""knn"": 15, ""label_mode"": ""components"", ""lite"": false, ""loss_weights"": [1, 10, 1, 10], ""n_cover"": 15, ""regularization"": 10.0, ""threshold"": 0.5}",0.1.0,2026-06-20T21:16:54+00:00
s2_times_s1,shapediscover,topology,bar_dominance_h0,1000.0,1,3000,5,6.496,15,"{""knn"": 15, ""label_mode"": ""components"", ""lite"": false, ""loss_weights"": [1, 10, 1, 10], ""n_cover"": 15, ""regularization"": 10.0, ""threshold"": 0.5}",0.1.0,2026-06-20T21:16:54+00:00
s2_times_s1,shapediscover,topology,bar_dominance_h1,2.109,1,3000,5,6.496,15,"{""knn"": 15, ""label_mode"": ""components"", ""lite"": false, ""loss_weights"": [1, 10, 1, 10], ""n_cover"": 15, ""regularization"": 10.0, ""threshold"": 0.5}",0.1.0,2026-06-20T21:16:54+00:00
s2_times_s1,shapediscover,topology,bar_dominance_h2,1.191,1,3000,5,6.496,15,"{""knn"": 15, ""label_mode"": ""components"", ""lite"": false, ""loss_weights"": [1, 10, 1, 10], ""n_cover"": 15, ""regularization"": 10.0, ""threshold"": 0.5}",0.1.0,2026-06-20T21:16:54+00:00
s2_times_s1,shapediscover,topology,bar_dominance_h3,1.054,1,3000,5,6.496,15,"{""knn"": 15, ""label_mode"": ""components"", ""lite"": false, ""loss_weights"": [1, 10, 1, 10], ""n_cover"": 15, ""regularization"": 10.0, ""threshold"": 0.5}",0.1.0,2026-06-20T21:16:54+00:00
s2_times_s1,shapediscover,cost,persistence_s,0.0104,1,3000,5,6.496,15,"{""knn"": 15, ""label_mode"": ""components"", ""lite"": false, ""loss_weights"": [1, 10, 1, 10], ""n_cover"": 15, ""regularization"": 10.0, ""threshold"": 0.5}",0.1.0,2026-06-20T21:16:54+00:00
s2_times_s1,shapediscover,cost,complex_size,4943.0,1,3000,5,6.496,15,"{""knn"": 15, ""label_mode"": ""components"", ""lite"": false, ""loss_weights"": [1, 10, 1, 10], ""n_cover"": 15, ""regularization"": 10.0, ""threshold"": 0.5}",0.1.0,2026-06-20T21:16:54+00:00
s2_times_s1,shapediscover,cost,fit_s,6.496,1,3000,5,6.496,15,"{""knn"": 15, ""label_mode"": ""components"", ""lite"": false, ""loss_weights"": [1, 10, 1, 10], ""n_cover"": 15, ""regularization"": 10.0, ""threshold"": 0.5}",0.1.0,2026-06-20T21:16:54+00:00
s2_times_s1,shapediscover,topology,recovery_quotient,0.013,2,3000,5,6.446,15,"{""knn"": 15, ""label_mode"": ""components"", ""lite"": false, ""loss_weights"": [1, 10, 1, 10], ""n_cover"": 15, ""regularization"": 10.0, ""threshold"": 0.5}",0.1.0,2026-06-20T21:16:54+00:00
s2_times_s1,shapediscover,topology,complex_size,4943.0,2,3000,5,6.446,15,"{""knn"": 15, ""label_mode"": ""components"", ""lite"": false, ""loss_weights"": [1, 10, 1, 10], ""n_cover"": 15, ""regularization"": 10.0, ""threshold"": 0.5}",0.1.0,2026-06-20T21:16:54+00:00
s2_times_s1,shapediscover,topology,bar_dominance_min,1.46,2,3000,5,6.446,15,"{""knn"": 15, ""label_mode"": ""components"", ""lite"": false, ""loss_weights"": [1, 10, 1, 10], ""n_cover"": 15, ""regularization"": 10.0, ""threshold"": 0.5}",0.1.0,2026-06-20T21:16:54+00:00
s2_times_s1,shapediscover,topology,bar_dominance_h0,1000.0,2,3000,5,6.446,15,"{""knn"": 15, ""label_mode"": ""components"", ""lite"": false, ""loss_weights"": [1, 10, 1, 10], ""n_cover"": 15, ""regularization"": 10.0, ""threshold"": 0.5}",0.1.0,2026-06-20T21:16:54+00:00
s2_times_s1,shapediscover,topology,bar_dominance_h1,2.801,2,3000,5,6.446,15,"{""knn"": 15, ""label_mode"": ""components"", ""lite"": false, ""loss_weights"": [1, 10, 1, 10], ""n_cover"": 15, ""regularization"": 10.0, ""threshold"": 0.5}",0.1.0,2026-06-20T21:16:54+00:00
s2_times_s1,shapediscover,topology,bar_dominance_h2,1.46,2,3000,5,6.446,15,"{""knn"": 15, ""label_mode"": ""components"", ""lite"": false, ""loss_weights"": [1, 10, 1, 10], ""n_cover"": 15, ""regularization"": 10.0, ""threshold"": 0.5}",0.1.0,2026-06-20T21:16:54+00:00
s2_times_s1,shapediscover,topology,bar_dominance_h3,1.576,2,3000,5,6.446,15,"{""knn"": 15, ""label_mode"": ""components"", ""lite"": false, ""loss_weights"": [1, 10, 1, 10], ""n_cover"": 15, ""regularization"": 10.0, ""threshold"": 0.5}",0.1.0,2026-06-20T21:16:54+00:00
s2_times_s1,shapediscover,cost,persistence_s,0.0096,2,3000,5,6.446,15,"{""knn"": 15, ""label_mode"": ""components"", ""lite"": false, ""loss_weights"": [1, 10, 1, 10], ""n_cover"": 15, ""regularization"": 10.0, ""threshold"": 0.5}",0.1.0,2026-06-20T21:16:54+00:00
s2_times_s1,shapediscover,cost,complex_size,4943.0,2,3000,5,6.446,15,"{""knn"": 15, ""label_mode"": ""components"", ""lite"": false, ""loss_weights"": [1, 10, 1, 10], ""n_cover"": 15, ""regularization"": 10.0, ""threshold"": 0.5}",0.1.0,2026-06-20T21:16:54+00:00
s2_times_s1,shapediscover,cost,fit_s,6.446,2,3000,5,6.446,15,"{""knn"": 15, ""label_mode"": ""components"", ""lite"": false, ""loss_weights"": [1, 10, 1, 10], ""n_cover"": 15, ""regularization"": 10.0, ""threshold"": 0.5}",0.1.0,2026-06-20T21:16:54+00:00
sphere4,shapediscover,topology,recovery_quotient,0.1,0,2000,5,3.601,14,"{""knn"": 15, ""label_mode"": ""components"", ""lite"": false, ""loss_weights"": [1, 10, 1, 10], ""n_cover"": 15, ""regularization"": 10.0, ""threshold"": 0.5}",0.1.0,2026-06-20T21:16:54+00:00
sphere4,shapediscover,topology,complex_size,9948.0,0,2000,5,3.601,14,"{""knn"": 15, ""label_mode"": ""components"", ""lite"": false, ""loss_weights"": [1, 10, 1, 10], ""n_cover"": 15, ""regularization"": 10.0, ""threshold"": 0.5}",0.1.0,2026-06-20T21:16:54+00:00
sphere4,shapediscover,topology,bar_dominance_min,0.665,0,2000,5,3.601,14,"{""knn"": 15, ""label_mode"": ""components"", ""lite"": false, ""loss_weights"": [1, 10, 1, 10], ""n_cover"": 15, ""regularization"": 10.0, ""threshold"": 0.5}",0.1.0,2026-06-20T21:16:54+00:00
sphere4,shapediscover,topology,bar_dominance_h0,1000.0,0,2000,5,3.601,14,"{""knn"": 15, ""label_mode"": ""components"", ""lite"": false, ""loss_weights"": [1, 10, 1, 10], ""n_cover"": 15, ""regularization"": 10.0, ""threshold"": 0.5}",0.1.0,2026-06-20T21:16:54+00:00
sphere4,shapediscover,topology,bar_dominance_h1,0.665,0,2000,5,3.601,14,"{""knn"": 15, ""label_mode"": ""components"", ""lite"": false, ""loss_weights"": [1, 10, 1, 10], ""n_cover"": 15, ""regularization"": 10.0, ""threshold"": 0.5}",0.1.0,2026-06-20T21:16:54+00:00
sphere4,shapediscover,topology,bar_dominance_h2,0.682,0,2000,5,3.601,14,"{""knn"": 15, ""label_mode"": ""components"", ""lite"": false, ""loss_weights"": [1, 10, 1, 10], ""n_cover"": 15, ""regularization"": 10.0, ""threshold"": 0.5}",0.1.0,2026-06-20T21:16:54+00:00
sphere4,shapediscover,topology,bar_dominance_h3,1.194,0,2000,5,3.601,14,"{""knn"": 15, ""label_mode"": ""components"", ""lite"": false, ""loss_weights"": [1, 10, 1, 10], ""n_cover"": 15, ""regularization"": 10.0, ""threshold"": 0.5}",0.1.0,2026-06-20T21:16:54+00:00
sphere4,shapediscover,topology,bar_dominance_h4,2.606,0,2000,5,3.601,14,"{""knn"": 15, ""label_mode"": ""components"", ""lite"": false, ""loss_weights"": [1, 10, 1, 10], ""n_cover"": 15, ""regularization"": 10.0, ""threshold"": 0.5}",0.1.0,2026-06-20T21:16:54+00:00
sphere4,shapediscover,cost,persistence_s,0.0173,0,2000,5,3.601,14,"{""knn"": 15, ""label_mode"": ""components"", ""lite"": false, ""loss_weights"": [1, 10, 1, 10], ""n_cover"": 15, ""regularization"": 10.0, ""threshold"": 0.5}",0.1.0,2026-06-20T21:16:54+00:00
sphere4,shapediscover,cost,complex_size,9948.0,0,2000,5,3.601,14,"{""knn"": 15, ""label_mode"": ""components"", ""lite"": false, ""loss_weights"": [1, 10, 1, 10], ""n_cover"": 15, ""regularization"": 10.0, ""threshold"": 0.5}",0.1.0,2026-06-20T21:16:54+00:00
sphere4,shapediscover,cost,fit_s,3.601,0,2000,5,3.601,14,"{""knn"": 15, ""label_mode"": ""components"", ""lite"": false, ""loss_weights"": [1, 10, 1, 10], ""n_cover"": 15, ""regularization"": 10.0, ""threshold"": 0.5}",0.1.0,2026-06-20T21:16:54+00:00
sphere4,shapediscover,topology,recovery_quotient,0.041,1,2000,5,4.393,12,"{""knn"": 15, ""label_mode"": ""components"", ""lite"": false, ""loss_weights"": [1, 10, 1, 10], ""n_cover"": 15, ""regularization"": 10.0, ""threshold"": 0.5}",0.1.0,2026-06-20T21:16:54+00:00
sphere4,shapediscover,topology,complex_size,9948.0,1,2000,5,4.393,12,"{""knn"": 15, ""label_mode"": ""components"", ""lite"": false, ""loss_weights"": [1, 10, 1, 10], ""n_cover"": 15, ""regularization"": 10.0, ""threshold"": 0.5}",0.1.0,2026-06-20T21:16:54+00:00
sphere4,shapediscover,topology,bar_dominance_min,0.675,1,2000,5,4.393,12,"{""knn"": 15, ""label_mode"": ""components"", ""lite"": false, ""loss_weights"": [1, 10, 1, 10], ""n_cover"": 15, ""regularization"": 10.0, ""threshold"": 0.5}",0.1.0,2026-06-20T21:16:54+00:00
sphere4,shapediscover,topology,bar_dominance_h0,1000.0,1,2000,5,4.393,12,"{""knn"": 15, ""label_mode"": ""components"", ""lite"": false, ""loss_weights"": [1, 10, 1, 10], ""n_cover"": 15, ""regularization"": 10.0, ""threshold"": 0.5}",0.1.0,2026-06-20T21:16:54+00:00
sphere4,shapediscover,topology,bar_dominance_h1,0.675,1,2000,5,4.393,12,"{""knn"": 15, ""label_mode"": ""components"", ""lite"": false, ""loss_weights"": [1, 10, 1, 10], ""n_cover"": 15, ""regularization"": 10.0, ""threshold"": 0.5}",0.1.0,2026-06-20T21:16:54+00:00
sphere4,shapediscover,topology,bar_dominance_h2,0.809,1,2000,5,4.393,12,"{""knn"": 15, ""label_mode"": ""components"", ""lite"": false, ""loss_weights"": [1, 10, 1, 10], ""n_cover"": 15, ""regularization"": 10.0, ""threshold"": 0.5}",0.1.0,2026-06-20T21:16:54+00:00
sphere4,shapediscover,topology,bar_dominance_h3,1.021,1,2000,5,4.393,12,"{""knn"": 15, ""label_mode"": ""components"", ""lite"": false, ""loss_weights"": [1, 10, 1, 10], ""n_cover"": 15, ""regularization"": 10.0, ""threshold"": 0.5}",0.1.0,2026-06-20T21:16:54+00:00
sphere4,shapediscover,topology,bar_dominance_h4,2.508,1,2000,5,4.393,12,"{""knn"": 15, ""label_mode"": ""components"", ""lite"": false, ""loss_weights"": [1, 10, 1, 10], ""n_cover"": 15, ""regularization"": 10.0, ""threshold"": 0.5}",0.1.0,2026-06-20T21:16:54+00:00
sphere4,shapediscover,cost,persistence_s,0.0177,1,2000,5,4.393,12,"{""knn"": 15, ""label_mode"": ""components"", ""lite"": false, ""loss_weights"": [1, 10, 1, 10], ""n_cover"": 15, ""regularization"": 10.0, ""threshold"": 0.5}",0.1.0,2026-06-20T21:16:54+00:00
sphere4,shapediscover,cost,complex_size,9948.0,1,2000,5,4.393,12,"{""knn"": 15, ""label_mode"": ""components"", ""lite"": false, ""loss_weights"": [1, 10, 1, 10], ""n_cover"": 15, ""regularization"": 10.0, ""threshold"": 0.5}",0.1.0,2026-06-20T21:16:54+00:00
sphere4,shapediscover,cost,fit_s,4.393,1,2000,5,4.393,12,"{""knn"": 15, ""label_mode"": ""components"", ""lite"": false, ""loss_weights"": [1, 10, 1, 10], ""n_cover"": 15, ""regularization"": 10.0, ""threshold"": 0.5}",0.1.0,2026-06-20T21:16:54+00:00
sphere4,shapediscover,topology,recovery_quotient,0.123,2,2000,5,3.487,14,"{""knn"": 15, ""label_mode"": ""components"", ""lite"": false, ""loss_weights"": [1, 10, 1, 10], ""n_cover"": 15, ""regularization"": 10.0, ""threshold"": 0.5}",0.1.0,2026-06-20T21:16:54+00:00
sphere4,shapediscover,topology,complex_size,9948.0,2,2000,5,3.487,14,"{""knn"": 15, ""label_mode"": ""components"", ""lite"": false, ""loss_weights"": [1, 10, 1, 10], ""n_cover"": 15, ""regularization"": 10.0, ""threshold"": 0.5}",0.1.0,2026-06-20T21:16:54+00:00
sphere4,shapediscover,topology,bar_dominance_min,0.815,2,2000,5,3.487,14,"{""knn"": 15, ""label_mode"": ""components"", ""lite"": false, ""loss_weights"": [1, 10, 1, 10], ""n_cover"": 15, ""regularization"": 10.0, ""threshold"": 0.5}",0.1.0,2026-06-20T21:16:54+00:00
sphere4,shapediscover,topology,bar_dominance_h0,1000.0,2,2000,5,3.487,14,"{""knn"": 15, ""label_mode"": ""components"", ""lite"": false, ""loss_weights"": [1, 10, 1, 10], ""n_cover"": 15, ""regularization"": 10.0, ""threshold"": 0.5}",0.1.0,2026-06-20T21:16:54+00:00
sphere4,shapediscover,topology,bar_dominance_h1,0.815,2,2000,5,3.487,14,"{""knn"": 15, ""label_mode"": ""components"", ""lite"": false, ""loss_weights"": [1, 10, 1, 10], ""n_cover"": 15, ""regularization"": 10.0, ""threshold"": 0.5}",0.1.0,2026-06-20T21:16:54+00:00
sphere4,shapediscover,topology,bar_dominance_h2,1.232,2,2000,5,3.487,14,"{""knn"": 15, ""label_mode"": ""components"", ""lite"": false, ""loss_weights"": [1, 10, 1, 10], ""n_cover"": 15, ""regularization"": 10.0, ""threshold"": 0.5}",0.1.0,2026-06-20T21:16:54+00:00
sphere4,shapediscover,topology,bar_dominance_h3,1.663,2,2000,5,3.487,14,"{""knn"": 15, ""label_mode"": ""components"", ""lite"": false, ""loss_weights"": [1, 10, 1, 10], ""n_cover"": 15, ""regularization"": 10.0, ""threshold"": 0.5}",0.1.0,2026-06-20T21:16:54+00:00
sphere4,shapediscover,topology,bar_dominance_h4,5.003,2,2000,5,3.487,14,"{""knn"": 15, ""label_mode"": ""components"", ""lite"": false, ""loss_weights"": [1, 10, 1, 10], ""n_cover"": 15, ""regularization"": 10.0, ""threshold"": 0.5}",0.1.0,2026-06-20T21:16:54+00:00
sphere4,shapediscover,cost,persistence_s,0.0167,2,2000,5,3.487,14,"{""knn"": 15, ""label_mode"": ""components"", ""lite"": false, ""loss_weights"": [1, 10, 1, 10], ""n_cover"": 15, ""regularization"": 10.0, ""threshold"": 0.5}",0.1.0,2026-06-20T21:16:54+00:00
sphere4,shapediscover,cost,complex_size,9948.0,2,2000,5,3.487,14,"{""knn"": 15, ""label_mode"": ""components"", ""lite"": false, ""loss_weights"": [1, 10, 1, 10], ""n_cover"": 15, ""regularization"": 10.0, ""threshold"": 0.5}",0.1.0,2026-06-20T21:16:54+00:00
sphere4,shapediscover,cost,fit_s,3.487,2,2000,5,3.487,14,"{""knn"": 15, ""label_mode"": ""components"", ""lite"": false, ""loss_weights"": [1, 10, 1, 10], ""n_cover"": 15, ""regularization"": 10.0, ""threshold"": 0.5}",0.1.0,2026-06-20T21:16:54+00:00
clifford_torus_amb50,shapediscover,topology,recovery_quotient,0.599,0,3000,50,2.046,15,"{""knn"": 15, ""label_mode"": ""components"", ""lite"": false, ""loss_weights"": [1, 10, 1, 10], ""n_cover"": 15, ""regularization"": 10.0, ""threshold"": 0.5}",0.1.0,2026-06-20T21:16:54+00:00
clifford_torus_amb50,shapediscover,topology,complex_size,1940.0,0,3000,50,2.046,15,"{""knn"": 15, ""label_mode"": ""components"", ""lite"": false, ""loss_weights"": [1, 10, 1, 10], ""n_cover"": 15, ""regularization"": 10.0, ""threshold"": 0.5}",0.1.0,2026-06-20T21:16:54+00:00
clifford_torus_amb50,shapediscover,topology,bar_dominance_min,2.753,0,3000,50,2.046,15,"{""knn"": 15, ""label_mode"": ""components"", ""lite"": false, ""loss_weights"": [1, 10, 1, 10], ""n_cover"": 15, ""regularization"": 10.0, ""threshold"": 0.5}",0.1.0,2026-06-20T21:16:54+00:00
clifford_torus_amb50,shapediscover,topology,bar_dominance_h0,1000.0,0,3000,50,2.046,15,"{""knn"": 15, ""label_mode"": ""components"", ""lite"": false, ""loss_weights"": [1, 10, 1, 10], ""n_cover"": 15, ""regularization"": 10.0, ""threshold"": 0.5}",0.1.0,2026-06-20T21:16:54+00:00
clifford_torus_amb50,shapediscover,topology,bar_dominance_h1,2.753,0,3000,50,2.046,15,"{""knn"": 15, ""label_mode"": ""components"", ""lite"": false, ""loss_weights"": [1, 10, 1, 10], ""n_cover"": 15, ""regularization"": 10.0, ""threshold"": 0.5}",0.1.0,2026-06-20T21:16:54+00:00
clifford_torus_amb50,shapediscover,topology,bar_dominance_h2,10.779,0,3000,50,2.046,15,"{""knn"": 15, ""label_mode"": ""components"", ""lite"": false, ""loss_weights"": [1, 10, 1, 10], ""n_cover"": 15, ""regularization"": 10.0, ""threshold"": 0.5}",0.1.0,2026-06-20T21:16:54+00:00
clifford_torus_amb50,shapediscover,cost,persistence_s,0.0041,0,3000,50,2.046,15,"{""knn"": 15, ""label_mode"": ""components"", ""lite"": false, ""loss_weights"": [1, 10, 1, 10], ""n_cover"": 15, ""regularization"": 10.0, ""threshold"": 0.5}",0.1.0,2026-06-20T21:16:54+00:00
clifford_torus_amb50,shapediscover,cost,complex_size,1940.0,0,3000,50,2.046,15,"{""knn"": 15, ""label_mode"": ""components"", ""lite"": false, ""loss_weights"": [1, 10, 1, 10], ""n_cover"": 15, ""regularization"": 10.0, ""threshold"": 0.5}",0.1.0,2026-06-20T21:16:54+00:00
clifford_torus_amb50,shapediscover,cost,fit_s,2.046,0,3000,50,2.046,15,"{""knn"": 15, ""label_mode"": ""components"", ""lite"": false, ""loss_weights"": [1, 10, 1, 10], ""n_cover"": 15, ""regularization"": 10.0, ""threshold"": 0.5}",0.1.0,2026-06-20T21:16:54+00:00
clifford_torus_amb50,shapediscover,topology,recovery_quotient,0.506,1,3000,50,2.149,15,"{""knn"": 15, ""label_mode"": ""components"", ""lite"": false, ""loss_weights"": [1, 10, 1, 10], ""n_cover"": 15, ""regularization"": 10.0, ""threshold"": 0.5}",0.1.0,2026-06-20T21:16:54+00:00
clifford_torus_amb50,shapediscover,topology,complex_size,1940.0,1,3000,50,2.149,15,"{""knn"": 15, ""label_mode"": ""components"", ""lite"": false, ""loss_weights"": [1, 10, 1, 10], ""n_cover"": 15, ""regularization"": 10.0, ""threshold"": 0.5}",0.1.0,2026-06-20T21:16:54+00:00
clifford_torus_amb50,shapediscover,topology,bar_dominance_min,2.673,1,3000,50,2.149,15,"{""knn"": 15, ""label_mode"": ""components"", ""lite"": false, ""loss_weights"": [1, 10, 1, 10], ""n_cover"": 15, ""regularization"": 10.0, ""threshold"": 0.5}",0.1.0,2026-06-20T21:16:54+00:00
clifford_torus_amb50,shapediscover,topology,bar_dominance_h0,1000.0,1,3000,50,2.149,15,"{""knn"": 15, ""label_mode"": ""components"", ""lite"": false, ""loss_weights"": [1, 10, 1, 10], ""n_cover"": 15, ""regularization"": 10.0, ""threshold"": 0.5}",0.1.0,2026-06-20T21:16:54+00:00
clifford_torus_amb50,shapediscover,topology,bar_dominance_h1,2.673,1,3000,50,2.149,15,"{""knn"": 15, ""label_mode"": ""components"", ""lite"": false, ""loss_weights"": [1, 10, 1, 10], ""n_cover"": 15, ""regularization"": 10.0, ""threshold"": 0.5}",0.1.0,2026-06-20T21:16:54+00:00
clifford_torus_amb50,shapediscover,topology,bar_dominance_h2,27.622,1,3000,50,2.149,15,"{""knn"": 15, ""label_mode"": ""components"", ""lite"": false, ""loss_weights"": [1, 10, 1, 10], ""n_cover"": 15, ""regularization"": 10.0, ""threshold"": 0.5}",0.1.0,2026-06-20T21:16:54+00:00
clifford_torus_amb50,shapediscover,cost,persistence_s,0.0062,1,3000,50,2.149,15,"{""knn"": 15, ""label_mode"": ""components"", ""lite"": false, ""loss_weights"": [1, 10, 1, 10], ""n_cover"": 15, ""regularization"": 10.0, ""threshold"": 0.5}",0.1.0,2026-06-20T21:16:54+00:00
clifford_torus_amb50,shapediscover,cost,complex_size,1940.0,1,3000,50,2.149,15,"{""knn"": 15, ""label_mode"": ""components"", ""lite"": false, ""loss_weights"": [1, 10, 1, 10], ""n_cover"": 15, ""regularization"": 10.0, ""threshold"": 0.5}",0.1.0,2026-06-20T21:16:54+00:00
clifford_torus_amb50,shapediscover,cost,fit_s,2.149,1,3000,50,2.149,15,"{""knn"": 15, ""label_mode"": ""components"", ""lite"": false, ""loss_weights"": [1, 10, 1, 10], ""n_cover"": 15, ""regularization"": 10.0, ""threshold"": 0.5}",0.1.0,2026-06-20T21:16:54+00:00
clifford_torus_amb50,shapediscover,topology,recovery_quotient,0.574,2,3000,50,1.703,15,"{""knn"": 15, ""label_mode"": ""components"", ""lite"": false, ""loss_weights"": [1, 10, 1, 10], ""n_cover"": 15, ""regularization"": 10.0, ""threshold"": 0.5}",0.1.0,2026-06-20T21:16:54+00:00
clifford_torus_amb50,shapediscover,topology,complex_size,1940.0,2,3000,50,1.703,15,"{""knn"": 15, ""label_mode"": ""components"", ""lite"": false, ""loss_weights"": [1, 10, 1, 10], ""n_cover"": 15, ""regularization"": 10.0, ""threshold"": 0.5}",0.1.0,2026-06-20T21:16:54+00:00
clifford_torus_amb50,shapediscover,topology,bar_dominance_min,2.692,2,3000,50,1.703,15,"{""knn"": 15, ""label_mode"": ""components"", ""lite"": false, ""loss_weights"": [1, 10, 1, 10], ""n_cover"": 15, ""regularization"": 10.0, ""threshold"": 0.5}",0.1.0,2026-06-20T21:16:54+00:00
clifford_torus_amb50,shapediscover,topology,bar_dominance_h0,1000.0,2,3000,50,1.703,15,"{""knn"": 15, ""label_mode"": ""components"", ""lite"": false, ""loss_weights"": [1, 10, 1, 10], ""n_cover"": 15, ""regularization"": 10.0, ""threshold"": 0.5}",0.1.0,2026-06-20T21:16:54+00:00
clifford_torus_amb50,shapediscover,topology,bar_dominance_h1,2.692,2,3000,50,1.703,15,"{""knn"": 15, ""label_mode"": ""components"", ""lite"": false, ""loss_weights"": [1, 10, 1, 10], ""n_cover"": 15, ""regularization"": 10.0, ""threshold"": 0.5}",0.1.0,2026-06-20T21:16:54+00:00
clifford_torus_amb50,shapediscover,topology,bar_dominance_h2,70.888,2,3000,50,1.703,15,"{""knn"": 15, ""label_mode"": ""components"", ""lite"": false, ""loss_weights"": [1, 10, 1, 10], ""n_cover"": 15, ""regularization"": 10.0, ""threshold"": 0.5}",0.1.0,2026-06-20T21:16:54+00:00
clifford_torus_amb50,shapediscover,cost,persistence_s,0.004,2,3000,50,1.703,15,"{""knn"": 15, ""label_mode"": ""components"", ""lite"": false, ""loss_weights"": [1, 10, 1, 10], ""n_cover"": 15, ""regularization"": 10.0, ""threshold"": 0.5}",0.1.0,2026-06-20T21:16:54+00:00
clifford_torus_amb50,shapediscover,cost,complex_size,1940.0,2,3000,50,1.703,15,"{""knn"": 15, ""label_mode"": ""components"", ""lite"": false, ""loss_weights"": [1, 10, 1, 10], ""n_cover"": 15, ""regularization"": 10.0, ""threshold"": 0.5}",0.1.0,2026-06-20T21:16:54+00:00
clifford_torus_amb50,shapediscover,cost,fit_s,1.703,2,3000,50,1.703,15,"{""knn"": 15, ""label_mode"": ""components"", ""lite"": false, ""loss_weights"": [1, 10, 1, 10], ""n_cover"": 15, ""regularization"": 10.0, ""threshold"": 0.5}",0.1.0,2026-06-20T21:16:54+00:00
swiss_roll,shapediscover,embedding,trustworthiness,0.982033972767622,0,1500,3,3.288,13,"{""knn"": 15, ""label_mode"": ""components"", ""lite"": false, ""loss_weights"": [1, 10, 1, 10], ""n_cover"": 15, ""regularization"": 10.0, ""threshold"": 0.5}",0.1.0,2026-06-20T21:16:54+00:00
swiss_roll,shapediscover,embedding,continuity,0.9928475137290304,0,1500,3,3.288,13,"{""knn"": 15, ""label_mode"": ""components"", ""lite"": false, ""loss_weights"": [1, 10, 1, 10], ""n_cover"": 15, ""regularization"": 10.0, ""threshold"": 0.5}",0.1.0,2026-06-20T21:16:54+00:00
swiss_roll,shapediscover,embedding,knn_recall,0.5730222222222222,0,1500,3,3.288,13,"{""knn"": 15, ""label_mode"": ""components"", ""lite"": false, ""loss_weights"": [1, 10, 1, 10], ""n_cover"": 15, ""regularization"": 10.0, ""threshold"": 0.5}",0.1.0,2026-06-20T21:16:54+00:00
swiss_roll,shapediscover,embedding,global_corr,0.3057583847545683,0,1500,3,3.288,13,"{""knn"": 15, ""label_mode"": ""components"", ""lite"": false, ""loss_weights"": [1, 10, 1, 10], ""n_cover"": 15, ""regularization"": 10.0, ""threshold"": 0.5}",0.1.0,2026-06-20T21:16:54+00:00
swiss_roll,shapediscover,cost,embedding_s,0.0036,0,1500,3,3.288,13,"{""knn"": 15, ""label_mode"": ""components"", ""lite"": false, ""loss_weights"": [1, 10, 1, 10], ""n_cover"": 15, ""regularization"": 10.0, ""threshold"": 0.5}",0.1.0,2026-06-20T21:16:54+00:00
swiss_roll,shapediscover,cost,fit_s,3.288,0,1500,3,3.288,13,"{""knn"": 15, ""label_mode"": ""components"", ""lite"": false, ""loss_weights"": [1, 10, 1, 10], ""n_cover"": 15, ""regularization"": 10.0, ""threshold"": 0.5}",0.1.0,2026-06-20T21:16:54+00:00
swiss_roll,shapediscover,embedding,trustworthiness,0.9807925374257128,1,1500,3,3.028,12,"{""knn"": 15, ""label_mode"": ""components"", ""lite"": false, ""loss_weights"": [1, 10, 1, 10], ""n_cover"": 15, ""regularization"": 10.0, ""threshold"": 0.5}",0.1.0,2026-06-20T21:16:54+00:00
swiss_roll,shapediscover,embedding,continuity,0.9927987662679606,1,1500,3,3.028,12,"{""knn"": 15, ""label_mode"": ""components"", ""lite"": false, ""loss_weights"": [1, 10, 1, 10], ""n_cover"": 15, ""regularization"": 10.0, ""threshold"": 0.5}",0.1.0,2026-06-20T21:16:54+00:00
swiss_roll,shapediscover,embedding,knn_recall,0.5729333333333333,1,1500,3,3.028,12,"{""knn"": 15, ""label_mode"": ""components"", ""lite"": false, ""loss_weights"": [1, 10, 1, 10], ""n_cover"": 15, ""regularization"": 10.0, ""threshold"": 0.5}",0.1.0,2026-06-20T21:16:54+00:00
swiss_roll,shapediscover,embedding,global_corr,0.3149042027481065,1,1500,3,3.028,12,"{""knn"": 15, ""label_mode"": ""components"", ""lite"": false, ""loss_weights"": [1, 10, 1, 10], ""n_cover"": 15, ""regularization"": 10.0, ""threshold"": 0.5}",0.1.0,2026-06-20T21:16:54+00:00
swiss_roll,shapediscover,cost,embedding_s,0.0032,1,1500,3,3.028,12,"{""knn"": 15, ""label_mode"": ""components"", ""lite"": false, ""loss_weights"": [1, 10, 1, 10], ""n_cover"": 15, ""regularization"": 10.0, ""threshold"": 0.5}",0.1.0,2026-06-20T21:16:54+00:00
swiss_roll,shapediscover,cost,fit_s,3.028,1,1500,3,3.028,12,"{""knn"": 15, ""label_mode"": ""components"", ""lite"": false, ""loss_weights"": [1, 10, 1, 10], ""n_cover"": 15, ""regularization"": 10.0, ""threshold"": 0.5}",0.1.0,2026-06-20T21:16:54+00:00
swiss_roll,shapediscover,embedding,trustworthiness,0.9791443316030993,2,1500,3,3.117,13,"{""knn"": 15, ""label_mode"": ""components"", ""lite"": false, ""loss_weights"": [1, 10, 1, 10], ""n_cover"": 15, ""regularization"": 10.0, ""threshold"": 0.5}",0.1.0,2026-06-20T21:16:54+00:00
swiss_roll,shapediscover,embedding,continuity,0.9926053712480253,2,1500,3,3.117,13,"{""knn"": 15, ""label_mode"": ""components"", ""lite"": false, ""loss_weights"": [1, 10, 1, 10], ""n_cover"": 15, ""regularization"": 10.0, ""threshold"": 0.5}",0.1.0,2026-06-20T21:16:54+00:00
swiss_roll,shapediscover,embedding,knn_recall,0.5721777777777778,2,1500,3,3.117,13,"{""knn"": 15, ""label_mode"": ""components"", ""lite"": false, ""loss_weights"": [1, 10, 1, 10], ""n_cover"": 15, ""regularization"": 10.0, ""threshold"": 0.5}",0.1.0,2026-06-20T21:16:54+00:00
swiss_roll,shapediscover,embedding,global_corr,0.2778664978442417,2,1500,3,3.117,13,"{""knn"": 15, ""label_mode"": ""components"", ""lite"": false, ""loss_weights"": [1, 10, 1, 10], ""n_cover"": 15, ""regularization"": 10.0, ""threshold"": 0.5}",0.1.0,2026-06-20T21:16:54+00:00
swiss_roll,shapediscover,cost,embedding_s,0.0032,2,1500,3,3.117,13,"{""knn"": 15, ""label_mode"": ""components"", ""lite"": false, ""loss_weights"": [1, 10, 1, 10], ""n_cover"": 15, ""regularization"": 10.0, ""threshold"": 0.5}",0.1.0,2026-06-20T21:16:54+00:00
swiss_roll,shapediscover,cost,fit_s,3.117,2,1500,3,3.117,13,"{""knn"": 15, ""label_mode"": ""components"", ""lite"": false, ""loss_weights"": [1, 10, 1, 10], ""n_cover"": 15, ""regularization"": 10.0, ""threshold"": 0.5}",0.1.0,2026-06-20T21:16:54+00:00
s_curve,shapediscover,embedding,trustworthiness,0.9938615812833822,0,1500,3,3.199,15,"{""knn"": 15, ""label_mode"": ""components"", ""lite"": false, ""loss_weights"": [1, 10, 1, 10], ""n_cover"": 15, ""regularization"": 10.0, ""threshold"": 0.5}",0.1.0,2026-06-20T21:16:54+00:00
s_curve,shapediscover,embedding,continuity,0.9952327390355826,0,1500,3,3.199,15,"{""knn"": 15, ""label_mode"": ""components"", ""lite"": false, ""loss_weights"": [1, 10, 1, 10], ""n_cover"": 15, ""regularization"": 10.0, ""threshold"": 0.5}",0.1.0,2026-06-20T21:16:54+00:00
s_curve,shapediscover,embedding,knn_recall,0.6657333333333334,0,1500,3,3.199,15,"{""knn"": 15, ""label_mode"": ""components"", ""lite"": false, ""loss_weights"": [1, 10, 1, 10], ""n_cover"": 15, ""regularization"": 10.0, ""threshold"": 0.5}",0.1.0,2026-06-20T21:16:54+00:00
s_curve,shapediscover,embedding,global_corr,0.8850406072954939,0,1500,3,3.199,15,"{""knn"": 15, ""label_mode"": ""components"", ""lite"": false, ""loss_weights"": [1, 10, 1, 10], ""n_cover"": 15, ""regularization"": 10.0, ""threshold"": 0.5}",0.1.0,2026-06-20T21:16:54+00:00
s_curve,shapediscover,cost,embedding_s,0.0035,0,1500,3,3.199,15,"{""knn"": 15, ""label_mode"": ""components"", ""lite"": false, ""loss_weights"": [1, 10, 1, 10], ""n_cover"": 15, ""regularization"": 10.0, ""threshold"": 0.5}",0.1.0,2026-06-20T21:16:54+00:00
s_curve,shapediscover,cost,fit_s,3.199,0,1500,3,3.199,15,"{""knn"": 15, ""label_mode"": ""components"", ""lite"": false, ""loss_weights"": [1, 10, 1, 10], ""n_cover"": 15, ""regularization"": 10.0, ""threshold"": 0.5}",0.1.0,2026-06-20T21:16:54+00:00
s_curve,shapediscover,embedding,trustworthiness,0.9922938388625593,1,1500,3,3.321,15,"{""knn"": 15, ""label_mode"": ""components"", ""lite"": false, ""loss_weights"": [1, 10, 1, 10], ""n_cover"": 15, ""regularization"": 10.0, ""threshold"": 0.5}",0.1.0,2026-06-20T21:16:54+00:00
s_curve,shapediscover,embedding,continuity,0.9941104340630407,1,1500,3,3.321,15,"{""knn"": 15, ""label_mode"": ""components"", ""lite"": false, ""loss_weights"": [1, 10, 1, 10], ""n_cover"": 15, ""regularization"": 10.0, ""threshold"": 0.5}",0.1.0,2026-06-20T21:16:54+00:00
s_curve,shapediscover,embedding,knn_recall,0.6401333333333333,1,1500,3,3.321,15,"{""knn"": 15, ""label_mode"": ""components"", ""lite"": false, ""loss_weights"": [1, 10, 1, 10], ""n_cover"": 15, ""regularization"": 10.0, ""threshold"": 0.5}",0.1.0,2026-06-20T21:16:54+00:00
s_curve,shapediscover,embedding,global_corr,0.8662997077702017,1,1500,3,3.321,15,"{""knn"": 15, ""label_mode"": ""components"", ""lite"": false, ""loss_weights"": [1, 10, 1, 10], ""n_cover"": 15, ""regularization"": 10.0, ""threshold"": 0.5}",0.1.0,2026-06-20T21:16:54+00:00
s_curve,shapediscover,cost,embedding_s,0.0036,1,1500,3,3.321,15,"{""knn"": 15, ""label_mode"": ""components"", ""lite"": false, ""loss_weights"": [1, 10, 1, 10], ""n_cover"": 15, ""regularization"": 10.0, ""threshold"": 0.5}",0.1.0,2026-06-20T21:16:54+00:00
s_curve,shapediscover,cost,fit_s,3.321,1,1500,3,3.321,15,"{""knn"": 15, ""label_mode"": ""components"", ""lite"": false, ""loss_weights"": [1, 10, 1, 10], ""n_cover"": 15, ""regularization"": 10.0, ""threshold"": 0.5}",0.1.0,2026-06-20T21:16:54+00:00
s_curve,shapediscover,embedding,trustworthiness,0.9925826826149101,2,1500,3,3.458,15,"{""knn"": 15, ""label_mode"": ""components"", ""lite"": false, ""loss_weights"": [1, 10, 1, 10], ""n_cover"": 15, ""regularization"": 10.0, ""threshold"": 0.5}",0.1.0,2026-06-20T21:16:54+00:00
s_curve,shapediscover,embedding,continuity,0.9948079440306928,2,1500,3,3.458,15,"{""knn"": 15, ""label_mode"": ""components"", ""lite"": false, ""loss_weights"": [1, 10, 1, 10], ""n_cover"": 15, ""regularization"": 10.0, ""threshold"": 0.5}",0.1.0,2026-06-20T21:16:54+00:00
s_curve,shapediscover,embedding,knn_recall,0.6342666666666666,2,1500,3,3.458,15,"{""knn"": 15, ""label_mode"": ""components"", ""lite"": false, ""loss_weights"": [1, 10, 1, 10], ""n_cover"": 15, ""regularization"": 10.0, ""threshold"": 0.5}",0.1.0,2026-06-20T21:16:54+00:00
s_curve,shapediscover,embedding,global_corr,0.8949206643310772,2,1500,3,3.458,15,"{""knn"": 15, ""label_mode"": ""components"", ""lite"": false, ""loss_weights"": [1, 10, 1, 10], ""n_cover"": 15, ""regularization"": 10.0, ""threshold"": 0.5}",0.1.0,2026-06-20T21:16:54+00:00
s_curve,shapediscover,cost,embedding_s,0.0045,2,1500,3,3.458,15,"{""knn"": 15, ""label_mode"": ""components"", ""lite"": false, ""loss_weights"": [1, 10, 1, 10], ""n_cover"": 15, ""regularization"": 10.0, ""threshold"": 0.5}",0.1.0,2026-06-20T21:16:54+00:00
s_curve,shapediscover,cost,fit_s,3.458,2,1500,3,3.458,15,"{""knn"": 15, ""label_mode"": ""components"", ""lite"": false, ""loss_weights"": [1, 10, 1, 10], ""n_cover"": 15, ""regularization"": 10.0, ""threshold"": 0.5}",0.1.0,2026-06-20T21:16:54+00:00
blobs,shapediscover,clustering,ari,1.0,0,900,10,1.8,5,"{""knn"": 15, ""label_mode"": ""components"", ""lite"": false, ""loss_weights"": [1, 10, 1, 10], ""n_cover"": 15, ""regularization"": 10.0, ""threshold"": 0.5}",0.1.0,2026-06-20T21:16:54+00:00
blobs,shapediscover,clustering,ami,1.0,0,900,10,1.8,5,"{""knn"": 15, ""label_mode"": ""components"", ""lite"": false, ""loss_weights"": [1, 10, 1, 10], ""n_cover"": 15, ""regularization"": 10.0, ""threshold"": 0.5}",0.1.0,2026-06-20T21:16:54+00:00
blobs,shapediscover,clustering,nmi,1.0,0,900,10,1.8,5,"{""knn"": 15, ""label_mode"": ""components"", ""lite"": false, ""loss_weights"": [1, 10, 1, 10], ""n_cover"": 15, ""regularization"": 10.0, ""threshold"": 0.5}",0.1.0,2026-06-20T21:16:54+00:00
blobs,shapediscover,clustering,homogeneity,1.0,0,900,10,1.8,5,"{""knn"": 15, ""label_mode"": ""components"", ""lite"": false, ""loss_weights"": [1, 10, 1, 10], ""n_cover"": 15, ""regularization"": 10.0, ""threshold"": 0.5}",0.1.0,2026-06-20T21:16:54+00:00
blobs,shapediscover,clustering,completeness,1.0,0,900,10,1.8,5,"{""knn"": 15, ""label_mode"": ""components"", ""lite"": false, ""loss_weights"": [1, 10, 1, 10], ""n_cover"": 15, ""regularization"": 10.0, ""threshold"": 0.5}",0.1.0,2026-06-20T21:16:54+00:00
blobs,shapediscover,clustering,n_clusters_pred,5.0,0,900,10,1.8,5,"{""knn"": 15, ""label_mode"": ""components"", ""lite"": false, ""loss_weights"": [1, 10, 1, 10], ""n_cover"": 15, ""regularization"": 10.0, ""threshold"": 0.5}",0.1.0,2026-06-20T21:16:54+00:00
blobs,shapediscover,clustering,n_clusters_true,5.0,0,900,10,1.8,5,"{""knn"": 15, ""label_mode"": ""components"", ""lite"": false, ""loss_weights"": [1, 10, 1, 10], ""n_cover"": 15, ""regularization"": 10.0, ""threshold"": 0.5}",0.1.0,2026-06-20T21:16:54+00:00
blobs,shapediscover,embedding,trustworthiness,0.7499439165505299,0,900,10,1.8,5,"{""knn"": 15, ""label_mode"": ""components"", ""lite"": false, ""loss_weights"": [1, 10, 1, 10], ""n_cover"": 15, ""regularization"": 10.0, ""threshold"": 0.5}",0.1.0,2026-06-20T21:16:54+00:00
blobs,shapediscover,embedding,continuity,0.83111296929769,0,900,10,1.8,5,"{""knn"": 15, ""label_mode"": ""components"", ""lite"": false, ""loss_weights"": [1, 10, 1, 10], ""n_cover"": 15, ""regularization"": 10.0, ""threshold"": 0.5}",0.1.0,2026-06-20T21:16:54+00:00
blobs,shapediscover,embedding,knn_recall,0.0877037037037037,0,900,10,1.8,5,"{""knn"": 15, ""label_mode"": ""components"", ""lite"": false, ""loss_weights"": [1, 10, 1, 10], ""n_cover"": 15, ""regularization"": 10.0, ""threshold"": 0.5}",0.1.0,2026-06-20T21:16:54+00:00
blobs,shapediscover,embedding,global_corr,0.5381360828864997,0,900,10,1.8,5,"{""knn"": 15, ""label_mode"": ""components"", ""lite"": false, ""loss_weights"": [1, 10, 1, 10], ""n_cover"": 15, ""regularization"": 10.0, ""threshold"": 0.5}",0.1.0,2026-06-20T21:16:54+00:00
blobs,shapediscover,cost,clustering_s,0.0003,0,900,10,1.8,5,"{""knn"": 15, ""label_mode"": ""components"", ""lite"": false, ""loss_weights"": [1, 10, 1, 10], ""n_cover"": 15, ""regularization"": 10.0, ""threshold"": 0.5}",0.1.0,2026-06-20T21:16:54+00:00
blobs,shapediscover,cost,embedding_s,0.0019,0,900,10,1.8,5,"{""knn"": 15, ""label_mode"": ""components"", ""lite"": false, ""loss_weights"": [1, 10, 1, 10], ""n_cover"": 15, ""regularization"": 10.0, ""threshold"": 0.5}",0.1.0,2026-06-20T21:16:54+00:00
blobs,shapediscover,cost,fit_s,1.8,0,900,10,1.8,5,"{""knn"": 15, ""label_mode"": ""components"", ""lite"": false, ""loss_weights"": [1, 10, 1, 10], ""n_cover"": 15, ""regularization"": 10.0, ""threshold"": 0.5}",0.1.0,2026-06-20T21:16:54+00:00
blobs,shapediscover,clustering,ari,1.0,1,900,10,2.089,5,"{""knn"": 15, ""label_mode"": ""components"", ""lite"": false, ""loss_weights"": [1, 10, 1, 10], ""n_cover"": 15, ""regularization"": 10.0, ""threshold"": 0.5}",0.1.0,2026-06-20T21:16:54+00:00
blobs,shapediscover,clustering,ami,1.0,1,900,10,2.089,5,"{""knn"": 15, ""label_mode"": ""components"", ""lite"": false, ""loss_weights"": [1, 10, 1, 10], ""n_cover"": 15, ""regularization"": 10.0, ""threshold"": 0.5}",0.1.0,2026-06-20T21:16:54+00:00
blobs,shapediscover,clustering,nmi,1.0,1,900,10,2.089,5,"{""knn"": 15, ""label_mode"": ""components"", ""lite"": false, ""loss_weights"": [1, 10, 1, 10], ""n_cover"": 15, ""regularization"": 10.0, ""threshold"": 0.5}",0.1.0,2026-06-20T21:16:54+00:00
blobs,shapediscover,clustering,homogeneity,1.0,1,900,10,2.089,5,"{""knn"": 15, ""label_mode"": ""components"", ""lite"": false, ""loss_weights"": [1, 10, 1, 10], ""n_cover"": 15, ""regularization"": 10.0, ""threshold"": 0.5}",0.1.0,2026-06-20T21:16:54+00:00
blobs,shapediscover,clustering,completeness,1.0,1,900,10,2.089,5,"{""knn"": 15, ""label_mode"": ""components"", ""lite"": false, ""loss_weights"": [1, 10, 1, 10], ""n_cover"": 15, ""regularization"": 10.0, ""threshold"": 0.5}",0.1.0,2026-06-20T21:16:54+00:00
blobs,shapediscover,clustering,n_clusters_pred,5.0,1,900,10,2.089,5,"{""knn"": 15, ""label_mode"": ""components"", ""lite"": false, ""loss_weights"": [1, 10, 1, 10], ""n_cover"": 15, ""regularization"": 10.0, ""threshold"": 0.5}",0.1.0,2026-06-20T21:16:54+00:00
blobs,shapediscover,clustering,n_clusters_true,5.0,1,900,10,2.089,5,"{""knn"": 15, ""label_mode"": ""components"", ""lite"": false, ""loss_weights"": [1, 10, 1, 10], ""n_cover"": 15, ""regularization"": 10.0, ""threshold"": 0.5}",0.1.0,2026-06-20T21:16:54+00:00
blobs,shapediscover,embedding,trustworthiness,0.7026670889817983,1,900,10,2.089,5,"{""knn"": 15, ""label_mode"": ""components"", ""lite"": false, ""loss_weights"": [1, 10, 1, 10], ""n_cover"": 15, ""regularization"": 10.0, ""threshold"": 0.5}",0.1.0,2026-06-20T21:16:54+00:00
blobs,shapediscover,embedding,continuity,0.8255493052916086,1,900,10,2.089,5,"{""knn"": 15, ""label_mode"": ""components"", ""lite"": false, ""loss_weights"": [1, 10, 1, 10], ""n_cover"": 15, ""regularization"": 10.0, ""threshold"": 0.5}",0.1.0,2026-06-20T21:16:54+00:00
blobs,shapediscover,embedding,knn_recall,0.08977777777777778,1,900,10,2.089,5,"{""knn"": 15, ""label_mode"": ""components"", ""lite"": false, ""loss_weights"": [1, 10, 1, 10], ""n_cover"": 15, ""regularization"": 10.0, ""threshold"": 0.5}",0.1.0,2026-06-20T21:16:54+00:00
blobs,shapediscover,embedding,global_corr,0.26850779655769247,1,900,10,2.089,5,"{""knn"": 15, ""label_mode"": ""components"", ""lite"": false, ""loss_weights"": [1, 10, 1, 10], ""n_cover"": 15, ""regularization"": 10.0, ""threshold"": 0.5}",0.1.0,2026-06-20T21:16:54+00:00
blobs,shapediscover,cost,clustering_s,0.0003,1,900,10,2.089,5,"{""knn"": 15, ""label_mode"": ""components"", ""lite"": false, ""loss_weights"": [1, 10, 1, 10], ""n_cover"": 15, ""regularization"": 10.0, ""threshold"": 0.5}",0.1.0,2026-06-20T21:16:54+00:00
blobs,shapediscover,cost,embedding_s,0.002,1,900,10,2.089,5,"{""knn"": 15, ""label_mode"": ""components"", ""lite"": false, ""loss_weights"": [1, 10, 1, 10], ""n_cover"": 15, ""regularization"": 10.0, ""threshold"": 0.5}",0.1.0,2026-06-20T21:16:54+00:00
blobs,shapediscover,cost,fit_s,2.089,1,900,10,2.089,5,"{""knn"": 15, ""label_mode"": ""components"", ""lite"": false, ""loss_weights"": [1, 10, 1, 10], ""n_cover"": 15, ""regularization"": 10.0, ""threshold"": 0.5}",0.1.0,2026-06-20T21:16:54+00:00
blobs,shapediscover,clustering,ari,1.0,2,900,10,2.117,5,"{""knn"": 15, ""label_mode"": ""components"", ""lite"": false, ""loss_weights"": [1, 10, 1, 10], ""n_cover"": 15, ""regularization"": 10.0, ""threshold"": 0.5}",0.1.0,2026-06-20T21:16:54+00:00
blobs,shapediscover,clustering,ami,1.0,2,900,10,2.117,5,"{""knn"": 15, ""label_mode"": ""components"", ""lite"": false, ""loss_weights"": [1, 10, 1, 10], ""n_cover"": 15, ""regularization"": 10.0, ""threshold"": 0.5}",0.1.0,2026-06-20T21:16:54+00:00
blobs,shapediscover,clustering,nmi,1.0,2,900,10,2.117,5,"{""knn"": 15, ""label_mode"": ""components"", ""lite"": false, ""loss_weights"": [1, 10, 1, 10], ""n_cover"": 15, ""regularization"": 10.0, ""threshold"": 0.5}",0.1.0,2026-06-20T21:16:54+00:00
blobs,shapediscover,clustering,homogeneity,1.0,2,900,10,2.117,5,"{""knn"": 15, ""label_mode"": ""components"", ""lite"": false, ""loss_weights"": [1, 10, 1, 10], ""n_cover"": 15, ""regularization"": 10.0, ""threshold"": 0.5}",0.1.0,2026-06-20T21:16:54+00:00
blobs,shapediscover,clustering,completeness,1.0,2,900,10,2.117,5,"{""knn"": 15, ""label_mode"": ""components"", ""lite"": false, ""loss_weights"": [1, 10, 1, 10], ""n_cover"": 15, ""regularization"": 10.0, ""threshold"": 0.5}",0.1.0,2026-06-20T21:16:54+00:00
blobs,shapediscover,clustering,n_clusters_pred,5.0,2,900,10,2.117,5,"{""knn"": 15, ""label_mode"": ""components"", ""lite"": false, ""loss_weights"": [1, 10, 1, 10], ""n_cover"": 15, ""regularization"": 10.0, ""threshold"": 0.5}",0.1.0,2026-06-20T21:16:54+00:00
blobs,shapediscover,clustering,n_clusters_true,5.0,2,900,10,2.117,5,"{""knn"": 15, ""label_mode"": ""components"", ""lite"": false, ""loss_weights"": [1, 10, 1, 10], ""n_cover"": 15, ""regularization"": 10.0, ""threshold"": 0.5}",0.1.0,2026-06-20T21:16:54+00:00
blobs,shapediscover,embedding,trustworthiness,0.7351549474217661,2,900,10,2.117,5,"{""knn"": 15, ""label_mode"": ""components"", ""lite"": false, ""loss_weights"": [1, 10, 1, 10], ""n_cover"": 15, ""regularization"": 10.0, ""threshold"": 0.5}",0.1.0,2026-06-20T21:16:54+00:00
blobs,shapediscover,embedding,continuity,0.8285150555344398,2,900,10,2.117,5,"{""knn"": 15, ""label_mode"": ""components"", ""lite"": false, ""loss_weights"": [1, 10, 1, 10], ""n_cover"": 15, ""regularization"": 10.0, ""threshold"": 0.5}",0.1.0,2026-06-20T21:16:54+00:00
blobs,shapediscover,embedding,knn_recall,0.0794074074074074,2,900,10,2.117,5,"{""knn"": 15, ""label_mode"": ""components"", ""lite"": false, ""loss_weights"": [1, 10, 1, 10], ""n_cover"": 15, ""regularization"": 10.0, ""threshold"": 0.5}",0.1.0,2026-06-20T21:16:54+00:00
blobs,shapediscover,embedding,global_corr,0.2739457937764401,2,900,10,2.117,5,"{""knn"": 15, ""label_mode"": ""components"", ""lite"": false, ""loss_weights"": [1, 10, 1, 10], ""n_cover"": 15, ""regularization"": 10.0, ""threshold"": 0.5}",0.1.0,2026-06-20T21:16:54+00:00
blobs,shapediscover,cost,clustering_s,0.0003,2,900,10,2.117,5,"{""knn"": 15, ""label_mode"": ""components"", ""lite"": false, ""loss_weights"": [1, 10, 1, 10], ""n_cover"": 15, ""regularization"": 10.0, ""threshold"": 0.5}",0.1.0,2026-06-20T21:16:54+00:00
blobs,shapediscover,cost,embedding_s,0.002,2,900,10,2.117,5,"{""knn"": 15, ""label_mode"": ""components"", ""lite"": false, ""loss_weights"": [1, 10, 1, 10], ""n_cover"": 15, ""regularization"": 10.0, ""threshold"": 0.5}",0.1.0,2026-06-20T21:16:54+00:00
blobs,shapediscover,cost,fit_s,2.117,2,900,10,2.117,5,"{""knn"": 15, ""label_mode"": ""components"", ""lite"": false, ""loss_weights"": [1, 10, 1, 10], ""n_cover"": 15, ""regularization"": 10.0, ""threshold"": 0.5}",0.1.0,2026-06-20T21:16:54+00:00
moons,shapediscover,clustering,ari,1.0,0,800,2,1.641,12,"{""knn"": 15, ""label_mode"": ""components"", ""lite"": false, ""loss_weights"": [1, 10, 1, 10], ""n_cover"": 15, ""regularization"": 10.0, ""threshold"": 0.5}",0.1.0,2026-06-20T21:16:54+00:00
moons,shapediscover,clustering,ami,1.0,0,800,2,1.641,12,"{""knn"": 15, ""label_mode"": ""components"", ""lite"": false, ""loss_weights"": [1, 10, 1, 10], ""n_cover"": 15, ""regularization"": 10.0, ""threshold"": 0.5}",0.1.0,2026-06-20T21:16:54+00:00
moons,shapediscover,clustering,nmi,1.0,0,800,2,1.641,12,"{""knn"": 15, ""label_mode"": ""components"", ""lite"": false, ""loss_weights"": [1, 10, 1, 10], ""n_cover"": 15, ""regularization"": 10.0, ""threshold"": 0.5}",0.1.0,2026-06-20T21:16:54+00:00
moons,shapediscover,clustering,homogeneity,1.0,0,800,2,1.641,12,"{""knn"": 15, ""label_mode"": ""components"", ""lite"": false, ""loss_weights"": [1, 10, 1, 10], ""n_cover"": 15, ""regularization"": 10.0, ""threshold"": 0.5}",0.1.0,2026-06-20T21:16:54+00:00
moons,shapediscover,clustering,completeness,1.0,0,800,2,1.641,12,"{""knn"": 15, ""label_mode"": ""components"", ""lite"": false, ""loss_weights"": [1, 10, 1, 10], ""n_cover"": 15, ""regularization"": 10.0, ""threshold"": 0.5}",0.1.0,2026-06-20T21:16:54+00:00
moons,shapediscover,clustering,n_clusters_pred,2.0,0,800,2,1.641,12,"{""knn"": 15, ""label_mode"": ""components"", ""lite"": false, ""loss_weights"": [1, 10, 1, 10], ""n_cover"": 15, ""regularization"": 10.0, ""threshold"": 0.5}",0.1.0,2026-06-20T21:16:54+00:00
moons,shapediscover,clustering,n_clusters_true,2.0,0,800,2,1.641,12,"{""knn"": 15, ""label_mode"": ""components"", ""lite"": false, ""loss_weights"": [1, 10, 1, 10], ""n_cover"": 15, ""regularization"": 10.0, ""threshold"": 0.5}",0.1.0,2026-06-20T21:16:54+00:00
moons,shapediscover,embedding,trustworthiness,0.9940796868296868,0,800,2,1.641,12,"{""knn"": 15, ""label_mode"": ""components"", ""lite"": false, ""loss_weights"": [1, 10, 1, 10], ""n_cover"": 15, ""regularization"": 10.0, ""threshold"": 0.5}",0.1.0,2026-06-20T21:16:54+00:00
moons,shapediscover,embedding,continuity,0.9958702273702273,0,800,2,1.641,12,"{""knn"": 15, ""label_mode"": ""components"", ""lite"": false, ""loss_weights"": [1, 10, 1, 10], ""n_cover"": 15, ""regularization"": 10.0, ""threshold"": 0.5}",0.1.0,2026-06-20T21:16:54+00:00
moons,shapediscover,embedding,knn_recall,0.6689166666666666,0,800,2,1.641,12,"{""knn"": 15, ""label_mode"": ""components"", ""lite"": false, ""loss_weights"": [1, 10, 1, 10], ""n_cover"": 15, ""regularization"": 10.0, ""threshold"": 0.5}",0.1.0,2026-06-20T21:16:54+00:00
moons,shapediscover,embedding,global_corr,0.6843599535112201,0,800,2,1.641,12,"{""knn"": 15, ""label_mode"": ""components"", ""lite"": false, ""loss_weights"": [1, 10, 1, 10], ""n_cover"": 15, ""regularization"": 10.0, ""threshold"": 0.5}",0.1.0,2026-06-20T21:16:54+00:00
moons,shapediscover,cost,clustering_s,0.0006,0,800,2,1.641,12,"{""knn"": 15, ""label_mode"": ""components"", ""lite"": false, ""loss_weights"": [1, 10, 1, 10], ""n_cover"": 15, ""regularization"": 10.0, ""threshold"": 0.5}",0.1.0,2026-06-20T21:16:54+00:00
moons,shapediscover,cost,embedding_s,0.0028,0,800,2,1.641,12,"{""knn"": 15, ""label_mode"": ""components"", ""lite"": false, ""loss_weights"": [1, 10, 1, 10], ""n_cover"": 15, ""regularization"": 10.0, ""threshold"": 0.5}",0.1.0,2026-06-20T21:16:54+00:00
moons,shapediscover,cost,fit_s,1.641,0,800,2,1.641,12,"{""knn"": 15, ""label_mode"": ""components"", ""lite"": false, ""loss_weights"": [1, 10, 1, 10], ""n_cover"": 15, ""regularization"": 10.0, ""threshold"": 0.5}",0.1.0,2026-06-20T21:16:54+00:00
moons,shapediscover,clustering,ari,1.0,1,800,2,1.863,12,"{""knn"": 15, ""label_mode"": ""components"", ""lite"": false, ""loss_weights"": [1, 10, 1, 10], ""n_cover"": 15, ""regularization"": 10.0, ""threshold"": 0.5}",0.1.0,2026-06-20T21:16:54+00:00
moons,shapediscover,clustering,ami,1.0,1,800,2,1.863,12,"{""knn"": 15, ""label_mode"": ""components"", ""lite"": false, ""loss_weights"": [1, 10, 1, 10], ""n_cover"": 15, ""regularization"": 10.0, ""threshold"": 0.5}",0.1.0,2026-06-20T21:16:54+00:00
moons,shapediscover,clustering,nmi,1.0,1,800,2,1.863,12,"{""knn"": 15, ""label_mode"": ""components"", ""lite"": false, ""loss_weights"": [1, 10, 1, 10], ""n_cover"": 15, ""regularization"": 10.0, ""threshold"": 0.5}",0.1.0,2026-06-20T21:16:54+00:00
moons,shapediscover,clustering,homogeneity,1.0,1,800,2,1.863,12,"{""knn"": 15, ""label_mode"": ""components"", ""lite"": false, ""loss_weights"": [1, 10, 1, 10], ""n_cover"": 15, ""regularization"": 10.0, ""threshold"": 0.5}",0.1.0,2026-06-20T21:16:54+00:00
moons,shapediscover,clustering,completeness,1.0,1,800,2,1.863,12,"{""knn"": 15, ""label_mode"": ""components"", ""lite"": false, ""loss_weights"": [1, 10, 1, 10], ""n_cover"": 15, ""regularization"": 10.0, ""threshold"": 0.5}",0.1.0,2026-06-20T21:16:54+00:00
moons,shapediscover,clustering,n_clusters_pred,2.0,1,800,2,1.863,12,"{""knn"": 15, ""label_mode"": ""components"", ""lite"": false, ""loss_weights"": [1, 10, 1, 10], ""n_cover"": 15, ""regularization"": 10.0, ""threshold"": 0.5}",0.1.0,2026-06-20T21:16:54+00:00
moons,shapediscover,clustering,n_clusters_true,2.0,1,800,2,1.863,12,"{""knn"": 15, ""label_mode"": ""components"", ""lite"": false, ""loss_weights"": [1, 10, 1, 10], ""n_cover"": 15, ""regularization"": 10.0, ""threshold"": 0.5}",0.1.0,2026-06-20T21:16:54+00:00
moons,shapediscover,embedding,trustworthiness,0.9938477048477048,1,800,2,1.863,12,"{""knn"": 15, ""label_mode"": ""components"", ""lite"": false, ""loss_weights"": [1, 10, 1, 10], ""n_cover"": 15, ""regularization"": 10.0, ""threshold"": 0.5}",0.1.0,2026-06-20T21:16:54+00:00
moons,shapediscover,embedding,continuity,0.9955860145860146,1,800,2,1.863,12,"{""knn"": 15, ""label_mode"": ""components"", ""lite"": false, ""loss_weights"": [1, 10, 1, 10], ""n_cover"": 15, ""regularization"": 10.0, ""threshold"": 0.5}",0.1.0,2026-06-20T21:16:54+00:00
moons,shapediscover,embedding,knn_recall,0.6705833333333333,1,800,2,1.863,12,"{""knn"": 15, ""label_mode"": ""components"", ""lite"": false, ""loss_weights"": [1, 10, 1, 10], ""n_cover"": 15, ""regularization"": 10.0, ""threshold"": 0.5}",0.1.0,2026-06-20T21:16:54+00:00
moons,shapediscover,embedding,global_corr,0.5376031841911527,1,800,2,1.863,12,"{""knn"": 15, ""label_mode"": ""components"", ""lite"": false, ""loss_weights"": [1, 10, 1, 10], ""n_cover"": 15, ""regularization"": 10.0, ""threshold"": 0.5}",0.1.0,2026-06-20T21:16:54+00:00
moons,shapediscover,cost,clustering_s,0.0006,1,800,2,1.863,12,"{""knn"": 15, ""label_mode"": ""components"", ""lite"": false, ""loss_weights"": [1, 10, 1, 10], ""n_cover"": 15, ""regularization"": 10.0, ""threshold"": 0.5}",0.1.0,2026-06-20T21:16:54+00:00
moons,shapediscover,cost,embedding_s,0.003,1,800,2,1.863,12,"{""knn"": 15, ""label_mode"": ""components"", ""lite"": false, ""loss_weights"": [1, 10, 1, 10], ""n_cover"": 15, ""regularization"": 10.0, ""threshold"": 0.5}",0.1.0,2026-06-20T21:16:54+00:00
moons,shapediscover,cost,fit_s,1.863,1,800,2,1.863,12,"{""knn"": 15, ""label_mode"": ""components"", ""lite"": false, ""loss_weights"": [1, 10, 1, 10], ""n_cover"": 15, ""regularization"": 10.0, ""threshold"": 0.5}",0.1.0,2026-06-20T21:16:54+00:00
moons,shapediscover,clustering,ari,1.0,2,800,2,1.901,13,"{""knn"": 15, ""label_mode"": ""components"", ""lite"": false, ""loss_weights"": [1, 10, 1, 10], ""n_cover"": 15, ""regularization"": 10.0, ""threshold"": 0.5}",0.1.0,2026-06-20T21:16:54+00:00
moons,shapediscover,clustering,ami,1.0,2,800,2,1.901,13,"{""knn"": 15, ""label_mode"": ""components"", ""lite"": false, ""loss_weights"": [1, 10, 1, 10], ""n_cover"": 15, ""regularization"": 10.0, ""threshold"": 0.5}",0.1.0,2026-06-20T21:16:54+00:00
moons,shapediscover,clustering,nmi,1.0,2,800,2,1.901,13,"{""knn"": 15, ""label_mode"": ""components"", ""lite"": false, ""loss_weights"": [1, 10, 1, 10], ""n_cover"": 15, ""regularization"": 10.0, ""threshold"": 0.5}",0.1.0,2026-06-20T21:16:54+00:00
moons,shapediscover,clustering,homogeneity,1.0,2,800,2,1.901,13,"{""knn"": 15, ""label_mode"": ""components"", ""lite"": false, ""loss_weights"": [1, 10, 1, 10], ""n_cover"": 15, ""regularization"": 10.0, ""threshold"": 0.5}",0.1.0,2026-06-20T21:16:54+00:00
moons,shapediscover,clustering,completeness,1.0,2,800,2,1.901,13,"{""knn"": 15, ""label_mode"": ""components"", ""lite"": false, ""loss_weights"": [1, 10, 1, 10], ""n_cover"": 15, ""regularization"": 10.0, ""threshold"": 0.5}",0.1.0,2026-06-20T21:16:54+00:00
moons,shapediscover,clustering,n_clusters_pred,2.0,2,800,2,1.901,13,"{""knn"": 15, ""label_mode"": ""components"", ""lite"": false, ""loss_weights"": [1, 10, 1, 10], ""n_cover"": 15, ""regularization"": 10.0, ""threshold"": 0.5}",0.1.0,2026-06-20T21:16:54+00:00
moons,shapediscover,clustering,n_clusters_true,2.0,2,800,2,1.901,13,"{""knn"": 15, ""label_mode"": ""components"", ""lite"": false, ""loss_weights"": [1, 10, 1, 10], ""n_cover"": 15, ""regularization"": 10.0, ""threshold"": 0.5}",0.1.0,2026-06-20T21:16:54+00:00
moons,shapediscover,embedding,trustworthiness,0.9939154869154869,2,800,2,1.901,13,"{""knn"": 15, ""label_mode"": ""components"", ""lite"": false, ""loss_weights"": [1, 10, 1, 10], ""n_cover"": 15, ""regularization"": 10.0, ""threshold"": 0.5}",0.1.0,2026-06-20T21:16:54+00:00
moons,shapediscover,embedding,continuity,0.9955793650793651,2,800,2,1.901,13,"{""knn"": 15, ""label_mode"": ""components"", ""lite"": false, ""loss_weights"": [1, 10, 1, 10], ""n_cover"": 15, ""regularization"": 10.0, ""threshold"": 0.5}",0.1.0,2026-06-20T21:16:54+00:00
moons,shapediscover,embedding,knn_recall,0.6718333333333334,2,800,2,1.901,13,"{""knn"": 15, ""label_mode"": ""components"", ""lite"": false, ""loss_weights"": [1, 10, 1, 10], ""n_cover"": 15, ""regularization"": 10.0, ""threshold"": 0.5}",0.1.0,2026-06-20T21:16:54+00:00
moons,shapediscover,embedding,global_corr,0.4846039814745255,2,800,2,1.901,13,"{""knn"": 15, ""label_mode"": ""components"", ""lite"": false, ""loss_weights"": [1, 10, 1, 10], ""n_cover"": 15, ""regularization"": 10.0, ""threshold"": 0.5}",0.1.0,2026-06-20T21:16:54+00:00
moons,shapediscover,cost,clustering_s,0.0007,2,800,2,1.901,13,"{""knn"": 15, ""label_mode"": ""components"", ""lite"": false, ""loss_weights"": [1, 10, 1, 10], ""n_cover"": 15, ""regularization"": 10.0, ""threshold"": 0.5}",0.1.0,2026-06-20T21:16:54+00:00
moons,shapediscover,cost,embedding_s,0.0034,2,800,2,1.901,13,"{""knn"": 15, ""label_mode"": ""components"", ""lite"": false, ""loss_weights"": [1, 10, 1, 10], ""n_cover"": 15, ""regularization"": 10.0, ""threshold"": 0.5}",0.1.0,2026-06-20T21:16:54+00:00
moons,shapediscover,cost,fit_s,1.901,2,800,2,1.901,13,"{""knn"": 15, ""label_mode"": ""components"", ""lite"": false, ""loss_weights"": [1, 10, 1, 10], ""n_cover"": 15, ""regularization"": 10.0, ""threshold"": 0.5}",0.1.0,2026-06-20T21:16:54+00:00
nested_circles,shapediscover,clustering,ari,1.0,0,800,2,1.801,15,"{""knn"": 15, ""label_mode"": ""components"", ""lite"": false, ""loss_weights"": [1, 10, 1, 10], ""n_cover"": 15, ""regularization"": 10.0, ""threshold"": 0.5}",0.1.0,2026-06-20T21:16:54+00:00
nested_circles,shapediscover,clustering,ami,1.0,0,800,2,1.801,15,"{""knn"": 15, ""label_mode"": ""components"", ""lite"": false, ""loss_weights"": [1, 10, 1, 10], ""n_cover"": 15, ""regularization"": 10.0, ""threshold"": 0.5}",0.1.0,2026-06-20T21:16:54+00:00
nested_circles,shapediscover,clustering,nmi,1.0,0,800,2,1.801,15,"{""knn"": 15, ""label_mode"": ""components"", ""lite"": false, ""loss_weights"": [1, 10, 1, 10], ""n_cover"": 15, ""regularization"": 10.0, ""threshold"": 0.5}",0.1.0,2026-06-20T21:16:54+00:00
nested_circles,shapediscover,clustering,homogeneity,1.0,0,800,2,1.801,15,"{""knn"": 15, ""label_mode"": ""components"", ""lite"": false, ""loss_weights"": [1, 10, 1, 10], ""n_cover"": 15, ""regularization"": 10.0, ""threshold"": 0.5}",0.1.0,2026-06-20T21:16:54+00:00
nested_circles,shapediscover,clustering,completeness,1.0,0,800,2,1.801,15,"{""knn"": 15, ""label_mode"": ""components"", ""lite"": false, ""loss_weights"": [1, 10, 1, 10], ""n_cover"": 15, ""regularization"": 10.0, ""threshold"": 0.5}",0.1.0,2026-06-20T21:16:54+00:00
nested_circles,shapediscover,clustering,n_clusters_pred,2.0,0,800,2,1.801,15,"{""knn"": 15, ""label_mode"": ""components"", ""lite"": false, ""loss_weights"": [1, 10, 1, 10], ""n_cover"": 15, ""regularization"": 10.0, ""threshold"": 0.5}",0.1.0,2026-06-20T21:16:54+00:00
nested_circles,shapediscover,clustering,n_clusters_true,2.0,0,800,2,1.801,15,"{""knn"": 15, ""label_mode"": ""components"", ""lite"": false, ""loss_weights"": [1, 10, 1, 10], ""n_cover"": 15, ""regularization"": 10.0, ""threshold"": 0.5}",0.1.0,2026-06-20T21:16:54+00:00
nested_circles,shapediscover,embedding,trustworthiness,0.9982703775203775,0,800,2,1.801,15,"{""knn"": 15, ""label_mode"": ""components"", ""lite"": false, ""loss_weights"": [1, 10, 1, 10], ""n_cover"": 15, ""regularization"": 10.0, ""threshold"": 0.5}",0.1.0,2026-06-20T21:16:54+00:00
nested_circles,shapediscover,embedding,continuity,0.998535178035178,0,800,2,1.801,15,"{""knn"": 15, ""label_mode"": ""components"", ""lite"": false, ""loss_weights"": [1, 10, 1, 10], ""n_cover"": 15, ""regularization"": 10.0, ""threshold"": 0.5}",0.1.0,2026-06-20T21:16:54+00:00
nested_circles,shapediscover,embedding,knn_recall,0.8145833333333333,0,800,2,1.801,15,"{""knn"": 15, ""label_mode"": ""components"", ""lite"": false, ""loss_weights"": [1, 10, 1, 10], ""n_cover"": 15, ""regularization"": 10.0, ""threshold"": 0.5}",0.1.0,2026-06-20T21:16:54+00:00
nested_circles,shapediscover,embedding,global_corr,0.28635325877951806,0,800,2,1.801,15,"{""knn"": 15, ""label_mode"": ""components"", ""lite"": false, ""loss_weights"": [1, 10, 1, 10], ""n_cover"": 15, ""regularization"": 10.0, ""threshold"": 0.5}",0.1.0,2026-06-20T21:16:54+00:00
nested_circles,shapediscover,cost,clustering_s,0.0008,0,800,2,1.801,15,"{""knn"": 15, ""label_mode"": ""components"", ""lite"": false, ""loss_weights"": [1, 10, 1, 10], ""n_cover"": 15, ""regularization"": 10.0, ""threshold"": 0.5}",0.1.0,2026-06-20T21:16:54+00:00
nested_circles,shapediscover,cost,embedding_s,0.003,0,800,2,1.801,15,"{""knn"": 15, ""label_mode"": ""components"", ""lite"": false, ""loss_weights"": [1, 10, 1, 10], ""n_cover"": 15, ""regularization"": 10.0, ""threshold"": 0.5}",0.1.0,2026-06-20T21:16:54+00:00
nested_circles,shapediscover,cost,fit_s,1.801,0,800,2,1.801,15,"{""knn"": 15, ""label_mode"": ""components"", ""lite"": false, ""loss_weights"": [1, 10, 1, 10], ""n_cover"": 15, ""regularization"": 10.0, ""threshold"": 0.5}",0.1.0,2026-06-20T21:16:54+00:00
nested_circles,shapediscover,clustering,ari,1.0,1,800,2,1.688,15,"{""knn"": 15, ""label_mode"": ""components"", ""lite"": false, ""loss_weights"": [1, 10, 1, 10], ""n_cover"": 15, ""regularization"": 10.0, ""threshold"": 0.5}",0.1.0,2026-06-20T21:16:54+00:00
nested_circles,shapediscover,clustering,ami,1.0,1,800,2,1.688,15,"{""knn"": 15, ""label_mode"": ""components"", ""lite"": false, ""loss_weights"": [1, 10, 1, 10], ""n_cover"": 15, ""regularization"": 10.0, ""threshold"": 0.5}",0.1.0,2026-06-20T21:16:54+00:00
nested_circles,shapediscover,clustering,nmi,1.0,1,800,2,1.688,15,"{""knn"": 15, ""label_mode"": ""components"", ""lite"": false, ""loss_weights"": [1, 10, 1, 10], ""n_cover"": 15, ""regularization"": 10.0, ""threshold"": 0.5}",0.1.0,2026-06-20T21:16:54+00:00
nested_circles,shapediscover,clustering,homogeneity,1.0,1,800,2,1.688,15,"{""knn"": 15, ""label_mode"": ""components"", ""lite"": false, ""loss_weights"": [1, 10, 1, 10], ""n_cover"": 15, ""regularization"": 10.0, ""threshold"": 0.5}",0.1.0,2026-06-20T21:16:54+00:00
nested_circles,shapediscover,clustering,completeness,1.0,1,800,2,1.688,15,"{""knn"": 15, ""label_mode"": ""components"", ""lite"": false, ""loss_weights"": [1, 10, 1, 10], ""n_cover"": 15, ""regularization"": 10.0, ""threshold"": 0.5}",0.1.0,2026-06-20T21:16:54+00:00
nested_circles,shapediscover,clustering,n_clusters_pred,2.0,1,800,2,1.688,15,"{""knn"": 15, ""label_mode"": ""components"", ""lite"": false, ""loss_weights"": [1, 10, 1, 10], ""n_cover"": 15, ""regularization"": 10.0, ""threshold"": 0.5}",0.1.0,2026-06-20T21:16:54+00:00
nested_circles,shapediscover,clustering,n_clusters_true,2.0,1,800,2,1.688,15,"{""knn"": 15, ""label_mode"": ""components"", ""lite"": false, ""loss_weights"": [1, 10, 1, 10], ""n_cover"": 15, ""regularization"": 10.0, ""threshold"": 0.5}",0.1.0,2026-06-20T21:16:54+00:00
nested_circles,shapediscover,embedding,trustworthiness,0.9823902831402831,1,800,2,1.688,15,"{""knn"": 15, ""label_mode"": ""components"", ""lite"": false, ""loss_weights"": [1, 10, 1, 10], ""n_cover"": 15, ""regularization"": 10.0, ""threshold"": 0.5}",0.1.0,2026-06-20T21:16:54+00:00
nested_circles,shapediscover,embedding,continuity,0.9964719004719005,1,800,2,1.688,15,"{""knn"": 15, ""label_mode"": ""components"", ""lite"": false, ""loss_weights"": [1, 10, 1, 10], ""n_cover"": 15, ""regularization"": 10.0, ""threshold"": 0.5}",0.1.0,2026-06-20T21:16:54+00:00
nested_circles,shapediscover,embedding,knn_recall,0.7703333333333333,1,800,2,1.688,15,"{""knn"": 15, ""label_mode"": ""components"", ""lite"": false, ""loss_weights"": [1, 10, 1, 10], ""n_cover"": 15, ""regularization"": 10.0, ""threshold"": 0.5}",0.1.0,2026-06-20T21:16:54+00:00
nested_circles,shapediscover,embedding,global_corr,0.3867327163336373,1,800,2,1.688,15,"{""knn"": 15, ""label_mode"": ""components"", ""lite"": false, ""loss_weights"": [1, 10, 1, 10], ""n_cover"": 15, ""regularization"": 10.0, ""threshold"": 0.5}",0.1.0,2026-06-20T21:16:54+00:00
nested_circles,shapediscover,cost,clustering_s,0.0009,1,800,2,1.688,15,"{""knn"": 15, ""label_mode"": ""components"", ""lite"": false, ""loss_weights"": [1, 10, 1, 10], ""n_cover"": 15, ""regularization"": 10.0, ""threshold"": 0.5}",0.1.0,2026-06-20T21:16:54+00:00
nested_circles,shapediscover,cost,embedding_s,0.0032,1,800,2,1.688,15,"{""knn"": 15, ""label_mode"": ""components"", ""lite"": false, ""loss_weights"": [1, 10, 1, 10], ""n_cover"": 15, ""regularization"": 10.0, ""threshold"": 0.5}",0.1.0,2026-06-20T21:16:54+00:00
nested_circles,shapediscover,cost,fit_s,1.688,1,800,2,1.688,15,"{""knn"": 15, ""label_mode"": ""components"", ""lite"": false, ""loss_weights"": [1, 10, 1, 10], ""n_cover"": 15, ""regularization"": 10.0, ""threshold"": 0.5}",0.1.0,2026-06-20T21:16:54+00:00
nested_circles,shapediscover,clustering,ari,1.0,2,800,2,0.836,15,"{""knn"": 15, ""label_mode"": ""components"", ""lite"": false, ""loss_weights"": [1, 10, 1, 10], ""n_cover"": 15, ""regularization"": 10.0, ""threshold"": 0.5}",0.1.0,2026-06-20T21:16:54+00:00
nested_circles,shapediscover,clustering,ami,1.0,2,800,2,0.836,15,"{""knn"": 15, ""label_mode"": ""components"", ""lite"": false, ""loss_weights"": [1, 10, 1, 10], ""n_cover"": 15, ""regularization"": 10.0, ""threshold"": 0.5}",0.1.0,2026-06-20T21:16:54+00:00
nested_circles,shapediscover,clustering,nmi,1.0,2,800,2,0.836,15,"{""knn"": 15, ""label_mode"": ""components"", ""lite"": false, ""loss_weights"": [1, 10, 1, 10], ""n_cover"": 15, ""regularization"": 10.0, ""threshold"": 0.5}",0.1.0,2026-06-20T21:16:54+00:00
nested_circles,shapediscover,clustering,homogeneity,1.0,2,800,2,0.836,15,"{""knn"": 15, ""label_mode"": ""components"", ""lite"": false, ""loss_weights"": [1, 10, 1, 10], ""n_cover"": 15, ""regularization"": 10.0, ""threshold"": 0.5}",0.1.0,2026-06-20T21:16:54+00:00
nested_circles,shapediscover,clustering,completeness,1.0,2,800,2,0.836,15,"{""knn"": 15, ""label_mode"": ""components"", ""lite"": false, ""loss_weights"": [1, 10, 1, 10], ""n_cover"": 15, ""regularization"": 10.0, ""threshold"": 0.5}",0.1.0,2026-06-20T21:16:54+00:00
nested_circles,shapediscover,clustering,n_clusters_pred,2.0,2,800,2,0.836,15,"{""knn"": 15, ""label_mode"": ""components"", ""lite"": false, ""loss_weights"": [1, 10, 1, 10], ""n_cover"": 15, ""regularization"": 10.0, ""threshold"": 0.5}",0.1.0,2026-06-20T21:16:54+00:00
nested_circles,shapediscover,clustering,n_clusters_true,2.0,2,800,2,0.836,15,"{""knn"": 15, ""label_mode"": ""components"", ""lite"": false, ""loss_weights"": [1, 10, 1, 10], ""n_cover"": 15, ""regularization"": 10.0, ""threshold"": 0.5}",0.1.0,2026-06-20T21:16:54+00:00
nested_circles,shapediscover,embedding,trustworthiness,0.9979569927069927,2,800,2,0.836,15,"{""knn"": 15, ""label_mode"": ""components"", ""lite"": false, ""loss_weights"": [1, 10, 1, 10], ""n_cover"": 15, ""regularization"": 10.0, ""threshold"": 0.5}",0.1.0,2026-06-20T21:16:54+00:00
nested_circles,shapediscover,embedding,continuity,0.9976395323895324,2,800,2,0.836,15,"{""knn"": 15, ""label_mode"": ""components"", ""lite"": false, ""loss_weights"": [1, 10, 1, 10], ""n_cover"": 15, ""regularization"": 10.0, ""threshold"": 0.5}",0.1.0,2026-06-20T21:16:54+00:00
nested_circles,shapediscover,embedding,knn_recall,0.8063333333333333,2,800,2,0.836,15,"{""knn"": 15, ""label_mode"": ""components"", ""lite"": false, ""loss_weights"": [1, 10, 1, 10], ""n_cover"": 15, ""regularization"": 10.0, ""threshold"": 0.5}",0.1.0,2026-06-20T21:16:54+00:00
nested_circles,shapediscover,embedding,global_corr,0.4013391765470003,2,800,2,0.836,15,"{""knn"": 15, ""label_mode"": ""components"", ""lite"": false, ""loss_weights"": [1, 10, 1, 10], ""n_cover"": 15, ""regularization"": 10.0, ""threshold"": 0.5}",0.1.0,2026-06-20T21:16:54+00:00
nested_circles,shapediscover,cost,clustering_s,0.0007,2,800,2,0.836,15,"{""knn"": 15, ""label_mode"": ""components"", ""lite"": false, ""loss_weights"": [1, 10, 1, 10], ""n_cover"": 15, ""regularization"": 10.0, ""threshold"": 0.5}",0.1.0,2026-06-20T21:16:54+00:00
nested_circles,shapediscover,cost,embedding_s,0.0031,2,800,2,0.836,15,"{""knn"": 15, ""label_mode"": ""components"", ""lite"": false, ""loss_weights"": [1, 10, 1, 10], ""n_cover"": 15, ""regularization"": 10.0, ""threshold"": 0.5}",0.1.0,2026-06-20T21:16:54+00:00
nested_circles,shapediscover,cost,fit_s,0.836,2,800,2,0.836,15,"{""knn"": 15, ""label_mode"": ""components"", ""lite"": false, ""loss_weights"": [1, 10, 1, 10], ""n_cover"": 15, ""regularization"": 10.0, ""threshold"": 0.5}",0.1.0,2026-06-20T21:16:54+00:00
iris,shapediscover,clustering,ari,0.5681159420289855,0,150,4,0.709,3,"{""knn"": 15, ""label_mode"": ""components"", ""lite"": false, ""loss_weights"": [1, 10, 1, 10], ""n_cover"": 15, ""regularization"": 10.0, ""threshold"": 0.5}",0.1.0,2026-06-20T21:16:54+00:00
iris,shapediscover,clustering,ami,0.7315847607219574,0,150,4,0.709,3,"{""knn"": 15, ""label_mode"": ""components"", ""lite"": false, ""loss_weights"": [1, 10, 1, 10], ""n_cover"": 15, ""regularization"": 10.0, ""threshold"": 0.5}",0.1.0,2026-06-20T21:16:54+00:00
iris,shapediscover,clustering,nmi,0.7336804366512104,0,150,4,0.709,3,"{""knn"": 15, ""label_mode"": ""components"", ""lite"": false, ""loss_weights"": [1, 10, 1, 10], ""n_cover"": 15, ""regularization"": 10.0, ""threshold"": 0.5}",0.1.0,2026-06-20T21:16:54+00:00
iris,shapediscover,clustering,homogeneity,0.5793801642856945,0,150,4,0.709,3,"{""knn"": 15, ""label_mode"": ""components"", ""lite"": false, ""loss_weights"": [1, 10, 1, 10], ""n_cover"": 15, ""regularization"": 10.0, ""threshold"": 0.5}",0.1.0,2026-06-20T21:16:54+00:00
iris,shapediscover,clustering,completeness,0.9999999999999997,0,150,4,0.709,3,"{""knn"": 15, ""label_mode"": ""components"", ""lite"": false, ""loss_weights"": [1, 10, 1, 10], ""n_cover"": 15, ""regularization"": 10.0, ""threshold"": 0.5}",0.1.0,2026-06-20T21:16:54+00:00
iris,shapediscover,clustering,n_clusters_pred,2.0,0,150,4,0.709,3,"{""knn"": 15, ""label_mode"": ""components"", ""lite"": false, ""loss_weights"": [1, 10, 1, 10], ""n_cover"": 15, ""regularization"": 10.0, ""threshold"": 0.5}",0.1.0,2026-06-20T21:16:54+00:00
iris,shapediscover,clustering,n_clusters_true,3.0,0,150,4,0.709,3,"{""knn"": 15, ""label_mode"": ""components"", ""lite"": false, ""loss_weights"": [1, 10, 1, 10], ""n_cover"": 15, ""regularization"": 10.0, ""threshold"": 0.5}",0.1.0,2026-06-20T21:16:54+00:00
iris,shapediscover,embedding,trustworthiness,0.960174978127734,0,150,4,0.709,3,"{""knn"": 15, ""label_mode"": ""components"", ""lite"": false, ""loss_weights"": [1, 10, 1, 10], ""n_cover"": 15, ""regularization"": 10.0, ""threshold"": 0.5}",0.1.0,2026-06-20T21:16:54+00:00
iris,shapediscover,embedding,continuity,0.9573088363954506,0,150,4,0.709,3,"{""knn"": 15, ""label_mode"": ""components"", ""lite"": false, ""loss_weights"": [1, 10, 1, 10], ""n_cover"": 15, ""regularization"": 10.0, ""threshold"": 0.5}",0.1.0,2026-06-20T21:16:54+00:00
iris,shapediscover,embedding,knn_recall,0.6551111111111111,0,150,4,0.709,3,"{""knn"": 15, ""label_mode"": ""components"", ""lite"": false, ""loss_weights"": [1, 10, 1, 10], ""n_cover"": 15, ""regularization"": 10.0, ""threshold"": 0.5}",0.1.0,2026-06-20T21:16:54+00:00
iris,shapediscover,embedding,global_corr,0.765398962818122,0,150,4,0.709,3,"{""knn"": 15, ""label_mode"": ""components"", ""lite"": false, ""loss_weights"": [1, 10, 1, 10], ""n_cover"": 15, ""regularization"": 10.0, ""threshold"": 0.5}",0.1.0,2026-06-20T21:16:54+00:00
iris,shapediscover,cost,clustering_s,0.0003,0,150,4,0.709,3,"{""knn"": 15, ""label_mode"": ""components"", ""lite"": false, ""loss_weights"": [1, 10, 1, 10], ""n_cover"": 15, ""regularization"": 10.0, ""threshold"": 0.5}",0.1.0,2026-06-20T21:16:54+00:00
iris,shapediscover,cost,embedding_s,0.0018,0,150,4,0.709,3,"{""knn"": 15, ""label_mode"": ""components"", ""lite"": false, ""loss_weights"": [1, 10, 1, 10], ""n_cover"": 15, ""regularization"": 10.0, ""threshold"": 0.5}",0.1.0,2026-06-20T21:16:54+00:00
iris,shapediscover,cost,fit_s,0.709,0,150,4,0.709,3,"{""knn"": 15, ""label_mode"": ""components"", ""lite"": false, ""loss_weights"": [1, 10, 1, 10], ""n_cover"": 15, ""regularization"": 10.0, ""threshold"": 0.5}",0.1.0,2026-06-20T21:16:54+00:00
iris,shapediscover,clustering,ari,0.5681159420289855,1,150,4,0.671,3,"{""knn"": 15, ""label_mode"": ""components"", ""lite"": false, ""loss_weights"": [1, 10, 1, 10], ""n_cover"": 15, ""regularization"": 10.0, ""threshold"": 0.5}",0.1.0,2026-06-20T21:16:54+00:00
iris,shapediscover,clustering,ami,0.7315847607219574,1,150,4,0.671,3,"{""knn"": 15, ""label_mode"": ""components"", ""lite"": false, ""loss_weights"": [1, 10, 1, 10], ""n_cover"": 15, ""regularization"": 10.0, ""threshold"": 0.5}",0.1.0,2026-06-20T21:16:54+00:00
iris,shapediscover,clustering,nmi,0.7336804366512104,1,150,4,0.671,3,"{""knn"": 15, ""label_mode"": ""components"", ""lite"": false, ""loss_weights"": [1, 10, 1, 10], ""n_cover"": 15, ""regularization"": 10.0, ""threshold"": 0.5}",0.1.0,2026-06-20T21:16:54+00:00
iris,shapediscover,clustering,homogeneity,0.5793801642856945,1,150,4,0.671,3,"{""knn"": 15, ""label_mode"": ""components"", ""lite"": false, ""loss_weights"": [1, 10, 1, 10], ""n_cover"": 15, ""regularization"": 10.0, ""threshold"": 0.5}",0.1.0,2026-06-20T21:16:54+00:00
iris,shapediscover,clustering,completeness,0.9999999999999997,1,150,4,0.671,3,"{""knn"": 15, ""label_mode"": ""components"", ""lite"": false, ""loss_weights"": [1, 10, 1, 10], ""n_cover"": 15, ""regularization"": 10.0, ""threshold"": 0.5}",0.1.0,2026-06-20T21:16:54+00:00
iris,shapediscover,clustering,n_clusters_pred,2.0,1,150,4,0.671,3,"{""knn"": 15, ""label_mode"": ""components"", ""lite"": false, ""loss_weights"": [1, 10, 1, 10], ""n_cover"": 15, ""regularization"": 10.0, ""threshold"": 0.5}",0.1.0,2026-06-20T21:16:54+00:00
iris,shapediscover,clustering,n_clusters_true,3.0,1,150,4,0.671,3,"{""knn"": 15, ""label_mode"": ""components"", ""lite"": false, ""loss_weights"": [1, 10, 1, 10], ""n_cover"": 15, ""regularization"": 10.0, ""threshold"": 0.5}",0.1.0,2026-06-20T21:16:54+00:00
iris,shapediscover,embedding,trustworthiness,0.9610148731408574,1,150,4,0.671,3,"{""knn"": 15, ""label_mode"": ""components"", ""lite"": false, ""loss_weights"": [1, 10, 1, 10], ""n_cover"": 15, ""regularization"": 10.0, ""threshold"": 0.5}",0.1.0,2026-06-20T21:16:54+00:00
iris,shapediscover,embedding,continuity,0.9615608048993876,1,150,4,0.671,3,"{""knn"": 15, ""label_mode"": ""components"", ""lite"": false, ""loss_weights"": [1, 10, 1, 10], ""n_cover"": 15, ""regularization"": 10.0, ""threshold"": 0.5}",0.1.0,2026-06-20T21:16:54+00:00
iris,shapediscover,embedding,knn_recall,0.6515555555555556,1,150,4,0.671,3,"{""knn"": 15, ""label_mode"": ""components"", ""lite"": false, ""loss_weights"": [1, 10, 1, 10], ""n_cover"": 15, ""regularization"": 10.0, ""threshold"": 0.5}",0.1.0,2026-06-20T21:16:54+00:00
iris,shapediscover,embedding,global_corr,0.8266209575425536,1,150,4,0.671,3,"{""knn"": 15, ""label_mode"": ""components"", ""lite"": false, ""loss_weights"": [1, 10, 1, 10], ""n_cover"": 15, ""regularization"": 10.0, ""threshold"": 0.5}",0.1.0,2026-06-20T21:16:54+00:00
iris,shapediscover,cost,clustering_s,0.0002,1,150,4,0.671,3,"{""knn"": 15, ""label_mode"": ""components"", ""lite"": false, ""loss_weights"": [1, 10, 1, 10], ""n_cover"": 15, ""regularization"": 10.0, ""threshold"": 0.5}",0.1.0,2026-06-20T21:16:54+00:00
iris,shapediscover,cost,embedding_s,0.0019,1,150,4,0.671,3,"{""knn"": 15, ""label_mode"": ""components"", ""lite"": false, ""loss_weights"": [1, 10, 1, 10], ""n_cover"": 15, ""regularization"": 10.0, ""threshold"": 0.5}",0.1.0,2026-06-20T21:16:54+00:00
iris,shapediscover,cost,fit_s,0.671,1,150,4,0.671,3,"{""knn"": 15, ""label_mode"": ""components"", ""lite"": false, ""loss_weights"": [1, 10, 1, 10], ""n_cover"": 15, ""regularization"": 10.0, ""threshold"": 0.5}",0.1.0,2026-06-20T21:16:54+00:00
iris,shapediscover,clustering,ari,0.5681159420289855,2,150,4,0.713,3,"{""knn"": 15, ""label_mode"": ""components"", ""lite"": false, ""loss_weights"": [1, 10, 1, 10], ""n_cover"": 15, ""regularization"": 10.0, ""threshold"": 0.5}",0.1.0,2026-06-20T21:16:54+00:00
iris,shapediscover,clustering,ami,0.7315847607219574,2,150,4,0.713,3,"{""knn"": 15, ""label_mode"": ""components"", ""lite"": false, ""loss_weights"": [1, 10, 1, 10], ""n_cover"": 15, ""regularization"": 10.0, ""threshold"": 0.5}",0.1.0,2026-06-20T21:16:54+00:00
iris,shapediscover,clustering,nmi,0.7336804366512104,2,150,4,0.713,3,"{""knn"": 15, ""label_mode"": ""components"", ""lite"": false, ""loss_weights"": [1, 10, 1, 10], ""n_cover"": 15, ""regularization"": 10.0, ""threshold"": 0.5}",0.1.0,2026-06-20T21:16:54+00:00
iris,shapediscover,clustering,homogeneity,0.5793801642856945,2,150,4,0.713,3,"{""knn"": 15, ""label_mode"": ""components"", ""lite"": false, ""loss_weights"": [1, 10, 1, 10], ""n_cover"": 15, ""regularization"": 10.0, ""threshold"": 0.5}",0.1.0,2026-06-20T21:16:54+00:00
iris,shapediscover,clustering,completeness,0.9999999999999997,2,150,4,0.713,3,"{""knn"": 15, ""label_mode"": ""components"", ""lite"": false, ""loss_weights"": [1, 10, 1, 10], ""n_cover"": 15, ""regularization"": 10.0, ""threshold"": 0.5}",0.1.0,2026-06-20T21:16:54+00:00
iris,shapediscover,clustering,n_clusters_pred,2.0,2,150,4,0.713,3,"{""knn"": 15, ""label_mode"": ""components"", ""lite"": false, ""loss_weights"": [1, 10, 1, 10], ""n_cover"": 15, ""regularization"": 10.0, ""threshold"": 0.5}",0.1.0,2026-06-20T21:16:54+00:00
iris,shapediscover,clustering,n_clusters_true,3.0,2,150,4,0.713,3,"{""knn"": 15, ""label_mode"": ""components"", ""lite"": false, ""loss_weights"": [1, 10, 1, 10], ""n_cover"": 15, ""regularization"": 10.0, ""threshold"": 0.5}",0.1.0,2026-06-20T21:16:54+00:00
iris,shapediscover,embedding,trustworthiness,0.9598425196850394,2,150,4,0.713,3,"{""knn"": 15, ""label_mode"": ""components"", ""lite"": false, ""loss_weights"": [1, 10, 1, 10], ""n_cover"": 15, ""regularization"": 10.0, ""threshold"": 0.5}",0.1.0,2026-06-20T21:16:54+00:00
iris,shapediscover,embedding,continuity,0.9606544181977252,2,150,4,0.713,3,"{""knn"": 15, ""label_mode"": ""components"", ""lite"": false, ""loss_weights"": [1, 10, 1, 10], ""n_cover"": 15, ""regularization"": 10.0, ""threshold"": 0.5}",0.1.0,2026-06-20T21:16:54+00:00
iris,shapediscover,embedding,knn_recall,0.6502222222222223,2,150,4,0.713,3,"{""knn"": 15, ""label_mode"": ""components"", ""lite"": false, ""loss_weights"": [1, 10, 1, 10], ""n_cover"": 15, ""regularization"": 10.0, ""threshold"": 0.5}",0.1.0,2026-06-20T21:16:54+00:00
iris,shapediscover,embedding,global_corr,0.8206862264233357,2,150,4,0.713,3,"{""knn"": 15, ""label_mode"": ""components"", ""lite"": false, ""loss_weights"": [1, 10, 1, 10], ""n_cover"": 15, ""regularization"": 10.0, ""threshold"": 0.5}",0.1.0,2026-06-20T21:16:54+00:00
iris,shapediscover,cost,clustering_s,0.0003,2,150,4,0.713,3,"{""knn"": 15, ""label_mode"": ""components"", ""lite"": false, ""loss_weights"": [1, 10, 1, 10], ""n_cover"": 15, ""regularization"": 10.0, ""threshold"": 0.5}",0.1.0,2026-06-20T21:16:54+00:00
iris,shapediscover,cost,embedding_s,0.002,2,150,4,0.713,3,"{""knn"": 15, ""label_mode"": ""components"", ""lite"": false, ""loss_weights"": [1, 10, 1, 10], ""n_cover"": 15, ""regularization"": 10.0, ""threshold"": 0.5}",0.1.0,2026-06-20T21:16:54+00:00
iris,shapediscover,cost,fit_s,0.713,2,150,4,0.713,3,"{""knn"": 15, ""label_mode"": ""components"", ""lite"": false, ""loss_weights"": [1, 10, 1, 10], ""n_cover"": 15, ""regularization"": 10.0, ""threshold"": 0.5}",0.1.0,2026-06-20T21:16:54+00:00
wine,shapediscover,clustering,ari,0.0,0,178,13,0.566,3,"{""knn"": 15, ""label_mode"": ""components"", ""lite"": false, ""loss_weights"": [1, 10, 1, 10], ""n_cover"": 15, ""regularization"": 10.0, ""threshold"": 0.5}",0.1.0,2026-06-20T21:16:54+00:00
wine,shapediscover,clustering,ami,0.0,0,178,13,0.566,3,"{""knn"": 15, ""label_mode"": ""components"", ""lite"": false, ""loss_weights"": [1, 10, 1, 10], ""n_cover"": 15, ""regularization"": 10.0, ""threshold"": 0.5}",0.1.0,2026-06-20T21:16:54+00:00
wine,shapediscover,clustering,nmi,0.0,0,178,13,0.566,3,"{""knn"": 15, ""label_mode"": ""components"", ""lite"": false, ""loss_weights"": [1, 10, 1, 10], ""n_cover"": 15, ""regularization"": 10.0, ""threshold"": 0.5}",0.1.0,2026-06-20T21:16:54+00:00
wine,shapediscover,clustering,homogeneity,0.0,0,178,13,0.566,3,"{""knn"": 15, ""label_mode"": ""components"", ""lite"": false, ""loss_weights"": [1, 10, 1, 10], ""n_cover"": 15, ""regularization"": 10.0, ""threshold"": 0.5}",0.1.0,2026-06-20T21:16:54+00:00
wine,shapediscover,clustering,completeness,1.0,0,178,13,0.566,3,"{""knn"": 15, ""label_mode"": ""components"", ""lite"": false, ""loss_weights"": [1, 10, 1, 10], ""n_cover"": 15, ""regularization"": 10.0, ""threshold"": 0.5}",0.1.0,2026-06-20T21:16:54+00:00
wine,shapediscover,clustering,n_clusters_pred,1.0,0,178,13,0.566,3,"{""knn"": 15, ""label_mode"": ""components"", ""lite"": false, ""loss_weights"": [1, 10, 1, 10], ""n_cover"": 15, ""regularization"": 10.0, ""threshold"": 0.5}",0.1.0,2026-06-20T21:16:54+00:00
wine,shapediscover,clustering,n_clusters_true,3.0,0,178,13,0.566,3,"{""knn"": 15, ""label_mode"": ""components"", ""lite"": false, ""loss_weights"": [1, 10, 1, 10], ""n_cover"": 15, ""regularization"": 10.0, ""threshold"": 0.5}",0.1.0,2026-06-20T21:16:54+00:00
wine,shapediscover,embedding,trustworthiness,0.894932946719826,0,178,13,0.566,3,"{""knn"": 15, ""label_mode"": ""components"", ""lite"": false, ""loss_weights"": [1, 10, 1, 10], ""n_cover"": 15, ""regularization"": 10.0, ""threshold"": 0.5}",0.1.0,2026-06-20T21:16:54+00:00
wine,shapediscover,embedding,continuity,0.9231339857436269,0,178,13,0.566,3,"{""knn"": 15, ""label_mode"": ""components"", ""lite"": false, ""loss_weights"": [1, 10, 1, 10], ""n_cover"": 15, ""regularization"": 10.0, ""threshold"": 0.5}",0.1.0,2026-06-20T21:16:54+00:00
wine,shapediscover,embedding,knn_recall,0.451685393258427,0,178,13,0.566,3,"{""knn"": 15, ""label_mode"": ""components"", ""lite"": false, ""loss_weights"": [1, 10, 1, 10], ""n_cover"": 15, ""regularization"": 10.0, ""threshold"": 0.5}",0.1.0,2026-06-20T21:16:54+00:00
wine,shapediscover,embedding,global_corr,0.7090854382835065,0,178,13,0.566,3,"{""knn"": 15, ""label_mode"": ""components"", ""lite"": false, ""loss_weights"": [1, 10, 1, 10], ""n_cover"": 15, ""regularization"": 10.0, ""threshold"": 0.5}",0.1.0,2026-06-20T21:16:54+00:00
wine,shapediscover,cost,clustering_s,0.0003,0,178,13,0.566,3,"{""knn"": 15, ""label_mode"": ""components"", ""lite"": false, ""loss_weights"": [1, 10, 1, 10], ""n_cover"": 15, ""regularization"": 10.0, ""threshold"": 0.5}",0.1.0,2026-06-20T21:16:54+00:00
wine,shapediscover,cost,embedding_s,0.002,0,178,13,0.566,3,"{""knn"": 15, ""label_mode"": ""components"", ""lite"": false, ""loss_weights"": [1, 10, 1, 10], ""n_cover"": 15, ""regularization"": 10.0, ""threshold"": 0.5}",0.1.0,2026-06-20T21:16:54+00:00
wine,shapediscover,cost,fit_s,0.566,0,178,13,0.566,3,"{""knn"": 15, ""label_mode"": ""components"", ""lite"": false, ""loss_weights"": [1, 10, 1, 10], ""n_cover"": 15, ""regularization"": 10.0, ""threshold"": 0.5}",0.1.0,2026-06-20T21:16:54+00:00
wine,shapediscover,clustering,ari,0.0,1,178,13,0.604,3,"{""knn"": 15, ""label_mode"": ""components"", ""lite"": false, ""loss_weights"": [1, 10, 1, 10], ""n_cover"": 15, ""regularization"": 10.0, ""threshold"": 0.5}",0.1.0,2026-06-20T21:16:54+00:00
wine,shapediscover,clustering,ami,0.0,1,178,13,0.604,3,"{""knn"": 15, ""label_mode"": ""components"", ""lite"": false, ""loss_weights"": [1, 10, 1, 10], ""n_cover"": 15, ""regularization"": 10.0, ""threshold"": 0.5}",0.1.0,2026-06-20T21:16:54+00:00
wine,shapediscover,clustering,nmi,0.0,1,178,13,0.604,3,"{""knn"": 15, ""label_mode"": ""components"", ""lite"": false, ""loss_weights"": [1, 10, 1, 10], ""n_cover"": 15, ""regularization"": 10.0, ""threshold"": 0.5}",0.1.0,2026-06-20T21:16:54+00:00
wine,shapediscover,clustering,homogeneity,0.0,1,178,13,0.604,3,"{""knn"": 15, ""label_mode"": ""components"", ""lite"": false, ""loss_weights"": [1, 10, 1, 10], ""n_cover"": 15, ""regularization"": 10.0, ""threshold"": 0.5}",0.1.0,2026-06-20T21:16:54+00:00
wine,shapediscover,clustering,completeness,1.0,1,178,13,0.604,3,"{""knn"": 15, ""label_mode"": ""components"", ""lite"": false, ""loss_weights"": [1, 10, 1, 10], ""n_cover"": 15, ""regularization"": 10.0, ""threshold"": 0.5}",0.1.0,2026-06-20T21:16:54+00:00
wine,shapediscover,clustering,n_clusters_pred,1.0,1,178,13,0.604,3,"{""knn"": 15, ""label_mode"": ""components"", ""lite"": false, ""loss_weights"": [1, 10, 1, 10], ""n_cover"": 15, ""regularization"": 10.0, ""threshold"": 0.5}",0.1.0,2026-06-20T21:16:54+00:00
wine,shapediscover,clustering,n_clusters_true,3.0,1,178,13,0.604,3,"{""knn"": 15, ""label_mode"": ""components"", ""lite"": false, ""loss_weights"": [1, 10, 1, 10], ""n_cover"": 15, ""regularization"": 10.0, ""threshold"": 0.5}",0.1.0,2026-06-20T21:16:54+00:00
wine,shapediscover,embedding,trustworthiness,0.8931279449075752,1,178,13,0.604,3,"{""knn"": 15, ""label_mode"": ""components"", ""lite"": false, ""loss_weights"": [1, 10, 1, 10], ""n_cover"": 15, ""regularization"": 10.0, ""threshold"": 0.5}",0.1.0,2026-06-20T21:16:54+00:00
wine,shapediscover,embedding,continuity,0.92346260722484,1,178,13,0.604,3,"{""knn"": 15, ""label_mode"": ""components"", ""lite"": false, ""loss_weights"": [1, 10, 1, 10], ""n_cover"": 15, ""regularization"": 10.0, ""threshold"": 0.5}",0.1.0,2026-06-20T21:16:54+00:00
wine,shapediscover,embedding,knn_recall,0.44531835205992515,1,178,13,0.604,3,"{""knn"": 15, ""label_mode"": ""components"", ""lite"": false, ""loss_weights"": [1, 10, 1, 10], ""n_cover"": 15, ""regularization"": 10.0, ""threshold"": 0.5}",0.1.0,2026-06-20T21:16:54+00:00
wine,shapediscover,embedding,global_corr,0.7090271052383578,1,178,13,0.604,3,"{""knn"": 15, ""label_mode"": ""components"", ""lite"": false, ""loss_weights"": [1, 10, 1, 10], ""n_cover"": 15, ""regularization"": 10.0, ""threshold"": 0.5}",0.1.0,2026-06-20T21:16:54+00:00
wine,shapediscover,cost,clustering_s,0.0002,1,178,13,0.604,3,"{""knn"": 15, ""label_mode"": ""components"", ""lite"": false, ""loss_weights"": [1, 10, 1, 10], ""n_cover"": 15, ""regularization"": 10.0, ""threshold"": 0.5}",0.1.0,2026-06-20T21:16:54+00:00
wine,shapediscover,cost,embedding_s,0.0023,1,178,13,0.604,3,"{""knn"": 15, ""label_mode"": ""components"", ""lite"": false, ""loss_weights"": [1, 10, 1, 10], ""n_cover"": 15, ""regularization"": 10.0, ""threshold"": 0.5}",0.1.0,2026-06-20T21:16:54+00:00
wine,shapediscover,cost,fit_s,0.604,1,178,13,0.604,3,"{""knn"": 15, ""label_mode"": ""components"", ""lite"": false, ""loss_weights"": [1, 10, 1, 10], ""n_cover"": 15, ""regularization"": 10.0, ""threshold"": 0.5}",0.1.0,2026-06-20T21:16:54+00:00
wine,shapediscover,clustering,ari,0.0,2,178,13,0.561,3,"{""knn"": 15, ""label_mode"": ""components"", ""lite"": false, ""loss_weights"": [1, 10, 1, 10], ""n_cover"": 15, ""regularization"": 10.0, ""threshold"": 0.5}",0.1.0,2026-06-20T21:16:54+00:00
wine,shapediscover,clustering,ami,0.0,2,178,13,0.561,3,"{""knn"": 15, ""label_mode"": ""components"", ""lite"": false, ""loss_weights"": [1, 10, 1, 10], ""n_cover"": 15, ""regularization"": 10.0, ""threshold"": 0.5}",0.1.0,2026-06-20T21:16:54+00:00
wine,shapediscover,clustering,nmi,0.0,2,178,13,0.561,3,"{""knn"": 15, ""label_mode"": ""components"", ""lite"": false, ""loss_weights"": [1, 10, 1, 10], ""n_cover"": 15, ""regularization"": 10.0, ""threshold"": 0.5}",0.1.0,2026-06-20T21:16:54+00:00
wine,shapediscover,clustering,homogeneity,0.0,2,178,13,0.561,3,"{""knn"": 15, ""label_mode"": ""components"", ""lite"": false, ""loss_weights"": [1, 10, 1, 10], ""n_cover"": 15, ""regularization"": 10.0, ""threshold"": 0.5}",0.1.0,2026-06-20T21:16:54+00:00
wine,shapediscover,clustering,completeness,1.0,2,178,13,0.561,3,"{""knn"": 15, ""label_mode"": ""components"", ""lite"": false, ""loss_weights"": [1, 10, 1, 10], ""n_cover"": 15, ""regularization"": 10.0, ""threshold"": 0.5}",0.1.0,2026-06-20T21:16:54+00:00
wine,shapediscover,clustering,n_clusters_pred,1.0,2,178,13,0.561,3,"{""knn"": 15, ""label_mode"": ""components"", ""lite"": false, ""loss_weights"": [1, 10, 1, 10], ""n_cover"": 15, ""regularization"": 10.0, ""threshold"": 0.5}",0.1.0,2026-06-20T21:16:54+00:00
wine,shapediscover,clustering,n_clusters_true,3.0,2,178,13,0.561,3,"{""knn"": 15, ""label_mode"": ""components"", ""lite"": false, ""loss_weights"": [1, 10, 1, 10], ""n_cover"": 15, ""regularization"": 10.0, ""threshold"": 0.5}",0.1.0,2026-06-20T21:16:54+00:00
wine,shapediscover,embedding,trustworthiness,0.894406185816117,2,178,13,0.561,3,"{""knn"": 15, ""label_mode"": ""components"", ""lite"": false, ""loss_weights"": [1, 10, 1, 10], ""n_cover"": 15, ""regularization"": 10.0, ""threshold"": 0.5}",0.1.0,2026-06-20T21:16:54+00:00
wine,shapediscover,embedding,continuity,0.9230252506946961,2,178,13,0.561,3,"{""knn"": 15, ""label_mode"": ""components"", ""lite"": false, ""loss_weights"": [1, 10, 1, 10], ""n_cover"": 15, ""regularization"": 10.0, ""threshold"": 0.5}",0.1.0,2026-06-20T21:16:54+00:00
wine,shapediscover,embedding,knn_recall,0.44794007490636706,2,178,13,0.561,3,"{""knn"": 15, ""label_mode"": ""components"", ""lite"": false, ""loss_weights"": [1, 10, 1, 10], ""n_cover"": 15, ""regularization"": 10.0, ""threshold"": 0.5}",0.1.0,2026-06-20T21:16:54+00:00
wine,shapediscover,embedding,global_corr,0.7088946798124873,2,178,13,0.561,3,"{""knn"": 15, ""label_mode"": ""components"", ""lite"": false, ""loss_weights"": [1, 10, 1, 10], ""n_cover"": 15, ""regularization"": 10.0, ""threshold"": 0.5}",0.1.0,2026-06-20T21:16:54+00:00
wine,shapediscover,cost,clustering_s,0.0002,2,178,13,0.561,3,"{""knn"": 15, ""label_mode"": ""components"", ""lite"": false, ""loss_weights"": [1, 10, 1, 10], ""n_cover"": 15, ""regularization"": 10.0, ""threshold"": 0.5}",0.1.0,2026-06-20T21:16:54+00:00
wine,shapediscover,cost,embedding_s,0.0019,2,178,13,0.561,3,"{""knn"": 15, ""label_mode"": ""components"", ""lite"": false, ""loss_weights"": [1, 10, 1, 10], ""n_cover"": 15, ""regularization"": 10.0, ""threshold"": 0.5}",0.1.0,2026-06-20T21:16:54+00:00
wine,shapediscover,cost,fit_s,0.561,2,178,13,0.561,3,"{""knn"": 15, ""label_mode"": ""components"", ""lite"": false, ""loss_weights"": [1, 10, 1, 10], ""n_cover"": 15, ""regularization"": 10.0, ""threshold"": 0.5}",0.1.0,2026-06-20T21:16:54+00:00
digits,shapediscover,clustering,ari,0.10734799723819198,0,1797,64,1.368,12,"{""knn"": 15, ""label_mode"": ""components"", ""lite"": false, ""loss_weights"": [1, 10, 1, 10], ""n_cover"": 15, ""regularization"": 10.0, ""threshold"": 0.5}",0.1.0,2026-06-20T21:16:54+00:00
digits,shapediscover,clustering,ami,0.43234444745190753,0,1797,64,1.368,12,"{""knn"": 15, ""label_mode"": ""components"", ""lite"": false, ""loss_weights"": [1, 10, 1, 10], ""n_cover"": 15, ""regularization"": 10.0, ""threshold"": 0.5}",0.1.0,2026-06-20T21:16:54+00:00
digits,shapediscover,clustering,nmi,0.4353062465509114,0,1797,64,1.368,12,"{""knn"": 15, ""label_mode"": ""components"", ""lite"": false, ""loss_weights"": [1, 10, 1, 10], ""n_cover"": 15, ""regularization"": 10.0, ""threshold"": 0.5}",0.1.0,2026-06-20T21:16:54+00:00
digits,shapediscover,clustering,homogeneity,0.2846344620517252,0,1797,64,1.368,12,"{""knn"": 15, ""label_mode"": ""components"", ""lite"": false, ""loss_weights"": [1, 10, 1, 10], ""n_cover"": 15, ""regularization"": 10.0, ""threshold"": 0.5}",0.1.0,2026-06-20T21:16:54+00:00
digits,shapediscover,clustering,completeness,0.9249080533358294,0,1797,64,1.368,12,"{""knn"": 15, ""label_mode"": ""components"", ""lite"": false, ""loss_weights"": [1, 10, 1, 10], ""n_cover"": 15, ""regularization"": 10.0, ""threshold"": 0.5}",0.1.0,2026-06-20T21:16:54+00:00
digits,shapediscover,clustering,n_clusters_pred,4.0,0,1797,64,1.368,12,"{""knn"": 15, ""label_mode"": ""components"", ""lite"": false, ""loss_weights"": [1, 10, 1, 10], ""n_cover"": 15, ""regularization"": 10.0, ""threshold"": 0.5}",0.1.0,2026-06-20T21:16:54+00:00
digits,shapediscover,clustering,n_clusters_true,10.0,0,1797,64,1.368,12,"{""knn"": 15, ""label_mode"": ""components"", ""lite"": false, ""loss_weights"": [1, 10, 1, 10], ""n_cover"": 15, ""regularization"": 10.0, ""threshold"": 0.5}",0.1.0,2026-06-20T21:16:54+00:00
digits,shapediscover,embedding,trustworthiness,0.7994650987271157,0,1797,64,1.368,12,"{""knn"": 15, ""label_mode"": ""components"", ""lite"": false, ""loss_weights"": [1, 10, 1, 10], ""n_cover"": 15, ""regularization"": 10.0, ""threshold"": 0.5}",0.1.0,2026-06-20T21:16:54+00:00
digits,shapediscover,embedding,continuity,0.8680113647176377,0,1797,64,1.368,12,"{""knn"": 15, ""label_mode"": ""components"", ""lite"": false, ""loss_weights"": [1, 10, 1, 10], ""n_cover"": 15, ""regularization"": 10.0, ""threshold"": 0.5}",0.1.0,2026-06-20T21:16:54+00:00
digits,shapediscover,embedding,knn_recall,0.1843813763680208,0,1797,64,1.368,12,"{""knn"": 15, ""label_mode"": ""components"", ""lite"": false, ""loss_weights"": [1, 10, 1, 10], ""n_cover"": 15, ""regularization"": 10.0, ""threshold"": 0.5}",0.1.0,2026-06-20T21:16:54+00:00
digits,shapediscover,embedding,global_corr,0.20925917422329776,0,1797,64,1.368,12,"{""knn"": 15, ""label_mode"": ""components"", ""lite"": false, ""loss_weights"": [1, 10, 1, 10], ""n_cover"": 15, ""regularization"": 10.0, ""threshold"": 0.5}",0.1.0,2026-06-20T21:16:54+00:00
digits,shapediscover,cost,clustering_s,0.0007,0,1797,64,1.368,12,"{""knn"": 15, ""label_mode"": ""components"", ""lite"": false, ""loss_weights"": [1, 10, 1, 10], ""n_cover"": 15, ""regularization"": 10.0, ""threshold"": 0.5}",0.1.0,2026-06-20T21:16:54+00:00
digits,shapediscover,cost,embedding_s,0.0029,0,1797,64,1.368,12,"{""knn"": 15, ""label_mode"": ""components"", ""lite"": false, ""loss_weights"": [1, 10, 1, 10], ""n_cover"": 15, ""regularization"": 10.0, ""threshold"": 0.5}",0.1.0,2026-06-20T21:16:54+00:00
digits,shapediscover,cost,fit_s,1.368,0,1797,64,1.368,12,"{""knn"": 15, ""label_mode"": ""components"", ""lite"": false, ""loss_weights"": [1, 10, 1, 10], ""n_cover"": 15, ""regularization"": 10.0, ""threshold"": 0.5}",0.1.0,2026-06-20T21:16:54+00:00
digits,shapediscover,clustering,ari,0.10734799723819198,1,1797,64,2.2,11,"{""knn"": 15, ""label_mode"": ""components"", ""lite"": false, ""loss_weights"": [1, 10, 1, 10], ""n_cover"": 15, ""regularization"": 10.0, ""threshold"": 0.5}",0.1.0,2026-06-20T21:16:54+00:00
digits,shapediscover,clustering,ami,0.43234444745190753,1,1797,64,2.2,11,"{""knn"": 15, ""label_mode"": ""components"", ""lite"": false, ""loss_weights"": [1, 10, 1, 10], ""n_cover"": 15, ""regularization"": 10.0, ""threshold"": 0.5}",0.1.0,2026-06-20T21:16:54+00:00
digits,shapediscover,clustering,nmi,0.4353062465509114,1,1797,64,2.2,11,"{""knn"": 15, ""label_mode"": ""components"", ""lite"": false, ""loss_weights"": [1, 10, 1, 10], ""n_cover"": 15, ""regularization"": 10.0, ""threshold"": 0.5}",0.1.0,2026-06-20T21:16:54+00:00
digits,shapediscover,clustering,homogeneity,0.2846344620517252,1,1797,64,2.2,11,"{""knn"": 15, ""label_mode"": ""components"", ""lite"": false, ""loss_weights"": [1, 10, 1, 10], ""n_cover"": 15, ""regularization"": 10.0, ""threshold"": 0.5}",0.1.0,2026-06-20T21:16:54+00:00
digits,shapediscover,clustering,completeness,0.9249080533358294,1,1797,64,2.2,11,"{""knn"": 15, ""label_mode"": ""components"", ""lite"": false, ""loss_weights"": [1, 10, 1, 10], ""n_cover"": 15, ""regularization"": 10.0, ""threshold"": 0.5}",0.1.0,2026-06-20T21:16:54+00:00
digits,shapediscover,clustering,n_clusters_pred,4.0,1,1797,64,2.2,11,"{""knn"": 15, ""label_mode"": ""components"", ""lite"": false, ""loss_weights"": [1, 10, 1, 10], ""n_cover"": 15, ""regularization"": 10.0, ""threshold"": 0.5}",0.1.0,2026-06-20T21:16:54+00:00
digits,shapediscover,clustering,n_clusters_true,10.0,1,1797,64,2.2,11,"{""knn"": 15, ""label_mode"": ""components"", ""lite"": false, ""loss_weights"": [1, 10, 1, 10], ""n_cover"": 15, ""regularization"": 10.0, ""threshold"": 0.5}",0.1.0,2026-06-20T21:16:54+00:00
digits,shapediscover,embedding,trustworthiness,0.7595073379010531,1,1797,64,2.2,11,"{""knn"": 15, ""label_mode"": ""components"", ""lite"": false, ""loss_weights"": [1, 10, 1, 10], ""n_cover"": 15, ""regularization"": 10.0, ""threshold"": 0.5}",0.1.0,2026-06-20T21:16:54+00:00
digits,shapediscover,embedding,continuity,0.8744116305580075,1,1797,64,2.2,11,"{""knn"": 15, ""label_mode"": ""components"", ""lite"": false, ""loss_weights"": [1, 10, 1, 10], ""n_cover"": 15, ""regularization"": 10.0, ""threshold"": 0.5}",0.1.0,2026-06-20T21:16:54+00:00
digits,shapediscover,embedding,knn_recall,0.1784826562789835,1,1797,64,2.2,11,"{""knn"": 15, ""label_mode"": ""components"", ""lite"": false, ""loss_weights"": [1, 10, 1, 10], ""n_cover"": 15, ""regularization"": 10.0, ""threshold"": 0.5}",0.1.0,2026-06-20T21:16:54+00:00
digits,shapediscover,embedding,global_corr,0.1709678464831667,1,1797,64,2.2,11,"{""knn"": 15, ""label_mode"": ""components"", ""lite"": false, ""loss_weights"": [1, 10, 1, 10], ""n_cover"": 15, ""regularization"": 10.0, ""threshold"": 0.5}",0.1.0,2026-06-20T21:16:54+00:00
digits,shapediscover,cost,clustering_s,0.0007,1,1797,64,2.2,11,"{""knn"": 15, ""label_mode"": ""components"", ""lite"": false, ""loss_weights"": [1, 10, 1, 10], ""n_cover"": 15, ""regularization"": 10.0, ""threshold"": 0.5}",0.1.0,2026-06-20T21:16:54+00:00
digits,shapediscover,cost,embedding_s,0.0028,1,1797,64,2.2,11,"{""knn"": 15, ""label_mode"": ""components"", ""lite"": false, ""loss_weights"": [1, 10, 1, 10], ""n_cover"": 15, ""regularization"": 10.0, ""threshold"": 0.5}",0.1.0,2026-06-20T21:16:54+00:00
digits,shapediscover,cost,fit_s,2.2,1,1797,64,2.2,11,"{""knn"": 15, ""label_mode"": ""components"", ""lite"": false, ""loss_weights"": [1, 10, 1, 10], ""n_cover"": 15, ""regularization"": 10.0, ""threshold"": 0.5}",0.1.0,2026-06-20T21:16:54+00:00
digits,shapediscover,clustering,ari,0.10734799723819198,2,1797,64,3.268,12,"{""knn"": 15, ""label_mode"": ""components"", ""lite"": false, ""loss_weights"": [1, 10, 1, 10], ""n_cover"": 15, ""regularization"": 10.0, ""threshold"": 0.5}",0.1.0,2026-06-20T21:16:54+00:00
digits,shapediscover,clustering,ami,0.43234444745190753,2,1797,64,3.268,12,"{""knn"": 15, ""label_mode"": ""components"", ""lite"": false, ""loss_weights"": [1, 10, 1, 10], ""n_cover"": 15, ""regularization"": 10.0, ""threshold"": 0.5}",0.1.0,2026-06-20T21:16:54+00:00
digits,shapediscover,clustering,nmi,0.4353062465509114,2,1797,64,3.268,12,"{""knn"": 15, ""label_mode"": ""components"", ""lite"": false, ""loss_weights"": [1, 10, 1, 10], ""n_cover"": 15, ""regularization"": 10.0, ""threshold"": 0.5}",0.1.0,2026-06-20T21:16:54+00:00
digits,shapediscover,clustering,homogeneity,0.2846344620517252,2,1797,64,3.268,12,"{""knn"": 15, ""label_mode"": ""components"", ""lite"": false, ""loss_weights"": [1, 10, 1, 10], ""n_cover"": 15, ""regularization"": 10.0, ""threshold"": 0.5}",0.1.0,2026-06-20T21:16:54+00:00
digits,shapediscover,clustering,completeness,0.9249080533358294,2,1797,64,3.268,12,"{""knn"": 15, ""label_mode"": ""components"", ""lite"": false, ""loss_weights"": [1, 10, 1, 10], ""n_cover"": 15, ""regularization"": 10.0, ""threshold"": 0.5}",0.1.0,2026-06-20T21:16:54+00:00
digits,shapediscover,clustering,n_clusters_pred,4.0,2,1797,64,3.268,12,"{""knn"": 15, ""label_mode"": ""components"", ""lite"": false, ""loss_weights"": [1, 10, 1, 10], ""n_cover"": 15, ""regularization"": 10.0, ""threshold"": 0.5}",0.1.0,2026-06-20T21:16:54+00:00
digits,shapediscover,clustering,n_clusters_true,10.0,2,1797,64,3.268,12,"{""knn"": 15, ""label_mode"": ""components"", ""lite"": false, ""loss_weights"": [1, 10, 1, 10], ""n_cover"": 15, ""regularization"": 10.0, ""threshold"": 0.5}",0.1.0,2026-06-20T21:16:54+00:00
digits,shapediscover,embedding,trustworthiness,0.7715642610329922,2,1797,64,3.268,12,"{""knn"": 15, ""label_mode"": ""components"", ""lite"": false, ""loss_weights"": [1, 10, 1, 10], ""n_cover"": 15, ""regularization"": 10.0, ""threshold"": 0.5}",0.1.0,2026-06-20T21:16:54+00:00
digits,shapediscover,embedding,continuity,0.8463146122070334,2,1797,64,3.268,12,"{""knn"": 15, ""label_mode"": ""components"", ""lite"": false, ""loss_weights"": [1, 10, 1, 10], ""n_cover"": 15, ""regularization"": 10.0, ""threshold"": 0.5}",0.1.0,2026-06-20T21:16:54+00:00
digits,shapediscover,embedding,knn_recall,0.19892413281394916,2,1797,64,3.268,12,"{""knn"": 15, ""label_mode"": ""components"", ""lite"": false, ""loss_weights"": [1, 10, 1, 10], ""n_cover"": 15, ""regularization"": 10.0, ""threshold"": 0.5}",0.1.0,2026-06-20T21:16:54+00:00
digits,shapediscover,embedding,global_corr,0.1638735842692065,2,1797,64,3.268,12,"{""knn"": 15, ""label_mode"": ""components"", ""lite"": false, ""loss_weights"": [1, 10, 1, 10], ""n_cover"": 15, ""regularization"": 10.0, ""threshold"": 0.5}",0.1.0,2026-06-20T21:16:54+00:00
digits,shapediscover,cost,clustering_s,0.0007,2,1797,64,3.268,12,"{""knn"": 15, ""label_mode"": ""components"", ""lite"": false, ""loss_weights"": [1, 10, 1, 10], ""n_cover"": 15, ""regularization"": 10.0, ""threshold"": 0.5}",0.1.0,2026-06-20T21:16:54+00:00
digits,shapediscover,cost,embedding_s,0.0028,2,1797,64,3.268,12,"{""knn"": 15, ""label_mode"": ""components"", ""lite"": false, ""loss_weights"": [1, 10, 1, 10], ""n_cover"": 15, ""regularization"": 10.0, ""threshold"": 0.5}",0.1.0,2026-06-20T21:16:54+00:00
digits,shapediscover,cost,fit_s,3.268,2,1797,64,3.268,12,"{""knn"": 15, ""label_mode"": ""components"", ""lite"": false, ""loss_weights"": [1, 10, 1, 10], ""n_cover"": 15, ""regularization"": 10.0, ""threshold"": 0.5}",0.1.0,2026-06-20T21:16:54+00:00
diabetes,shapediscover,clustering,ari,0.0,0,145,5,0.523,2,"{""knn"": 15, ""label_mode"": ""components"", ""lite"": false, ""loss_weights"": [1, 10, 1, 10], ""n_cover"": 15, ""regularization"": 10.0, ""threshold"": 0.5}",0.1.0,2026-06-20T21:16:54+00:00
diabetes,shapediscover,clustering,ami,0.0,0,145,5,0.523,2,"{""knn"": 15, ""label_mode"": ""components"", ""lite"": false, ""loss_weights"": [1, 10, 1, 10], ""n_cover"": 15, ""regularization"": 10.0, ""threshold"": 0.5}",0.1.0,2026-06-20T21:16:54+00:00
diabetes,shapediscover,clustering,nmi,0.0,0,145,5,0.523,2,"{""knn"": 15, ""label_mode"": ""components"", ""lite"": false, ""loss_weights"": [1, 10, 1, 10], ""n_cover"": 15, ""regularization"": 10.0, ""threshold"": 0.5}",0.1.0,2026-06-20T21:16:54+00:00
diabetes,shapediscover,clustering,homogeneity,0.0,0,145,5,0.523,2,"{""knn"": 15, ""label_mode"": ""components"", ""lite"": false, ""loss_weights"": [1, 10, 1, 10], ""n_cover"": 15, ""regularization"": 10.0, ""threshold"": 0.5}",0.1.0,2026-06-20T21:16:54+00:00
diabetes,shapediscover,clustering,completeness,1.0,0,145,5,0.523,2,"{""knn"": 15, ""label_mode"": ""components"", ""lite"": false, ""loss_weights"": [1, 10, 1, 10], ""n_cover"": 15, ""regularization"": 10.0, ""threshold"": 0.5}",0.1.0,2026-06-20T21:16:54+00:00
diabetes,shapediscover,clustering,n_clusters_pred,1.0,0,145,5,0.523,2,"{""knn"": 15, ""label_mode"": ""components"", ""lite"": false, ""loss_weights"": [1, 10, 1, 10], ""n_cover"": 15, ""regularization"": 10.0, ""threshold"": 0.5}",0.1.0,2026-06-20T21:16:54+00:00
diabetes,shapediscover,clustering,n_clusters_true,3.0,0,145,5,0.523,2,"{""knn"": 15, ""label_mode"": ""components"", ""lite"": false, ""loss_weights"": [1, 10, 1, 10], ""n_cover"": 15, ""regularization"": 10.0, ""threshold"": 0.5}",0.1.0,2026-06-20T21:16:54+00:00
diabetes,shapediscover,embedding,trustworthiness,0.6076766534765404,0,145,5,0.523,2,"{""knn"": 15, ""label_mode"": ""components"", ""lite"": false, ""loss_weights"": [1, 10, 1, 10], ""n_cover"": 15, ""regularization"": 10.0, ""threshold"": 0.5}",0.1.0,2026-06-20T21:16:54+00:00
diabetes,shapediscover,embedding,continuity,0.5031769361221028,0,145,5,0.523,2,"{""knn"": 15, ""label_mode"": ""components"", ""lite"": false, ""loss_weights"": [1, 10, 1, 10], ""n_cover"": 15, ""regularization"": 10.0, ""threshold"": 0.5}",0.1.0,2026-06-20T21:16:54+00:00
diabetes,shapediscover,embedding,knn_recall,0.10482758620689656,0,145,5,0.523,2,"{""knn"": 15, ""label_mode"": ""components"", ""lite"": false, ""loss_weights"": [1, 10, 1, 10], ""n_cover"": 15, ""regularization"": 10.0, ""threshold"": 0.5}",0.1.0,2026-06-20T21:16:54+00:00
diabetes,shapediscover,embedding,global_corr,,0,145,5,0.523,2,"{""knn"": 15, ""label_mode"": ""components"", ""lite"": false, ""loss_weights"": [1, 10, 1, 10], ""n_cover"": 15, ""regularization"": 10.0, ""threshold"": 0.5}",0.1.0,2026-06-20T21:16:54+00:00
diabetes,shapediscover,cost,clustering_s,0.0003,0,145,5,0.523,2,"{""knn"": 15, ""label_mode"": ""components"", ""lite"": false, ""loss_weights"": [1, 10, 1, 10], ""n_cover"": 15, ""regularization"": 10.0, ""threshold"": 0.5}",0.1.0,2026-06-20T21:16:54+00:00
diabetes,shapediscover,cost,embedding_s,0.0004,0,145,5,0.523,2,"{""knn"": 15, ""label_mode"": ""components"", ""lite"": false, ""loss_weights"": [1, 10, 1, 10], ""n_cover"": 15, ""regularization"": 10.0, ""threshold"": 0.5}",0.1.0,2026-06-20T21:16:54+00:00
diabetes,shapediscover,cost,fit_s,0.523,0,145,5,0.523,2,"{""knn"": 15, ""label_mode"": ""components"", ""lite"": false, ""loss_weights"": [1, 10, 1, 10], ""n_cover"": 15, ""regularization"": 10.0, ""threshold"": 0.5}",0.1.0,2026-06-20T21:16:54+00:00
diabetes,shapediscover,clustering,ari,0.0,1,145,5,0.478,2,"{""knn"": 15, ""label_mode"": ""components"", ""lite"": false, ""loss_weights"": [1, 10, 1, 10], ""n_cover"": 15, ""regularization"": 10.0, ""threshold"": 0.5}",0.1.0,2026-06-20T21:16:54+00:00
diabetes,shapediscover,clustering,ami,0.0,1,145,5,0.478,2,"{""knn"": 15, ""label_mode"": ""components"", ""lite"": false, ""loss_weights"": [1, 10, 1, 10], ""n_cover"": 15, ""regularization"": 10.0, ""threshold"": 0.5}",0.1.0,2026-06-20T21:16:54+00:00
diabetes,shapediscover,clustering,nmi,0.0,1,145,5,0.478,2,"{""knn"": 15, ""label_mode"": ""components"", ""lite"": false, ""loss_weights"": [1, 10, 1, 10], ""n_cover"": 15, ""regularization"": 10.0, ""threshold"": 0.5}",0.1.0,2026-06-20T21:16:54+00:00
diabetes,shapediscover,clustering,homogeneity,0.0,1,145,5,0.478,2,"{""knn"": 15, ""label_mode"": ""components"", ""lite"": false, ""loss_weights"": [1, 10, 1, 10], ""n_cover"": 15, ""regularization"": 10.0, ""threshold"": 0.5}",0.1.0,2026-06-20T21:16:54+00:00
diabetes,shapediscover,clustering,completeness,1.0,1,145,5,0.478,2,"{""knn"": 15, ""label_mode"": ""components"", ""lite"": false, ""loss_weights"": [1, 10, 1, 10], ""n_cover"": 15, ""regularization"": 10.0, ""threshold"": 0.5}",0.1.0,2026-06-20T21:16:54+00:00
diabetes,shapediscover,clustering,n_clusters_pred,1.0,1,145,5,0.478,2,"{""knn"": 15, ""label_mode"": ""components"", ""lite"": false, ""loss_weights"": [1, 10, 1, 10], ""n_cover"": 15, ""regularization"": 10.0, ""threshold"": 0.5}",0.1.0,2026-06-20T21:16:54+00:00
diabetes,shapediscover,clustering,n_clusters_true,3.0,1,145,5,0.478,2,"{""knn"": 15, ""label_mode"": ""components"", ""lite"": false, ""loss_weights"": [1, 10, 1, 10], ""n_cover"": 15, ""regularization"": 10.0, ""threshold"": 0.5}",0.1.0,2026-06-20T21:16:54+00:00
diabetes,shapediscover,embedding,trustworthiness,0.6076766534765404,1,145,5,0.478,2,"{""knn"": 15, ""label_mode"": ""components"", ""lite"": false, ""loss_weights"": [1, 10, 1, 10], ""n_cover"": 15, ""regularization"": 10.0, ""threshold"": 0.5}",0.1.0,2026-06-20T21:16:54+00:00
diabetes,shapediscover,embedding,continuity,0.5031769361221028,1,145,5,0.478,2,"{""knn"": 15, ""label_mode"": ""components"", ""lite"": false, ""loss_weights"": [1, 10, 1, 10], ""n_cover"": 15, ""regularization"": 10.0, ""threshold"": 0.5}",0.1.0,2026-06-20T21:16:54+00:00
diabetes,shapediscover,embedding,knn_recall,0.10482758620689656,1,145,5,0.478,2,"{""knn"": 15, ""label_mode"": ""components"", ""lite"": false, ""loss_weights"": [1, 10, 1, 10], ""n_cover"": 15, ""regularization"": 10.0, ""threshold"": 0.5}",0.1.0,2026-06-20T21:16:54+00:00
diabetes,shapediscover,embedding,global_corr,,1,145,5,0.478,2,"{""knn"": 15, ""label_mode"": ""components"", ""lite"": false, ""loss_weights"": [1, 10, 1, 10], ""n_cover"": 15, ""regularization"": 10.0, ""threshold"": 0.5}",0.1.0,2026-06-20T21:16:54+00:00
diabetes,shapediscover,cost,clustering_s,0.0002,1,145,5,0.478,2,"{""knn"": 15, ""label_mode"": ""components"", ""lite"": false, ""loss_weights"": [1, 10, 1, 10], ""n_cover"": 15, ""regularization"": 10.0, ""threshold"": 0.5}",0.1.0,2026-06-20T21:16:54+00:00
diabetes,shapediscover,cost,embedding_s,0.0004,1,145,5,0.478,2,"{""knn"": 15, ""label_mode"": ""components"", ""lite"": false, ""loss_weights"": [1, 10, 1, 10], ""n_cover"": 15, ""regularization"": 10.0, ""threshold"": 0.5}",0.1.0,2026-06-20T21:16:54+00:00
diabetes,shapediscover,cost,fit_s,0.478,1,145,5,0.478,2,"{""knn"": 15, ""label_mode"": ""components"", ""lite"": false, ""loss_weights"": [1, 10, 1, 10], ""n_cover"": 15, ""regularization"": 10.0, ""threshold"": 0.5}",0.1.0,2026-06-20T21:16:54+00:00
diabetes,shapediscover,clustering,ari,0.0,2,145,5,0.507,3,"{""knn"": 15, ""label_mode"": ""components"", ""lite"": false, ""loss_weights"": [1, 10, 1, 10], ""n_cover"": 15, ""regularization"": 10.0, ""threshold"": 0.5}",0.1.0,2026-06-20T21:16:54+00:00
diabetes,shapediscover,clustering,ami,0.0,2,145,5,0.507,3,"{""knn"": 15, ""label_mode"": ""components"", ""lite"": false, ""loss_weights"": [1, 10, 1, 10], ""n_cover"": 15, ""regularization"": 10.0, ""threshold"": 0.5}",0.1.0,2026-06-20T21:16:54+00:00
diabetes,shapediscover,clustering,nmi,0.0,2,145,5,0.507,3,"{""knn"": 15, ""label_mode"": ""components"", ""lite"": false, ""loss_weights"": [1, 10, 1, 10], ""n_cover"": 15, ""regularization"": 10.0, ""threshold"": 0.5}",0.1.0,2026-06-20T21:16:54+00:00
diabetes,shapediscover,clustering,homogeneity,0.0,2,145,5,0.507,3,"{""knn"": 15, ""label_mode"": ""components"", ""lite"": false, ""loss_weights"": [1, 10, 1, 10], ""n_cover"": 15, ""regularization"": 10.0, ""threshold"": 0.5}",0.1.0,2026-06-20T21:16:54+00:00
diabetes,shapediscover,clustering,completeness,1.0,2,145,5,0.507,3,"{""knn"": 15, ""label_mode"": ""components"", ""lite"": false, ""loss_weights"": [1, 10, 1, 10], ""n_cover"": 15, ""regularization"": 10.0, ""threshold"": 0.5}",0.1.0,2026-06-20T21:16:54+00:00
diabetes,shapediscover,clustering,n_clusters_pred,1.0,2,145,5,0.507,3,"{""knn"": 15, ""label_mode"": ""components"", ""lite"": false, ""loss_weights"": [1, 10, 1, 10], ""n_cover"": 15, ""regularization"": 10.0, ""threshold"": 0.5}",0.1.0,2026-06-20T21:16:54+00:00
diabetes,shapediscover,clustering,n_clusters_true,3.0,2,145,5,0.507,3,"{""knn"": 15, ""label_mode"": ""components"", ""lite"": false, ""loss_weights"": [1, 10, 1, 10], ""n_cover"": 15, ""regularization"": 10.0, ""threshold"": 0.5}",0.1.0,2026-06-20T21:16:54+00:00
diabetes,shapediscover,embedding,trustworthiness,0.9002901827774638,2,145,5,0.507,3,"{""knn"": 15, ""label_mode"": ""components"", ""lite"": false, ""loss_weights"": [1, 10, 1, 10], ""n_cover"": 15, ""regularization"": 10.0, ""threshold"": 0.5}",0.1.0,2026-06-20T21:16:54+00:00
diabetes,shapediscover,embedding,continuity,0.9184812511776899,2,145,5,0.507,3,"{""knn"": 15, ""label_mode"": ""components"", ""lite"": false, ""loss_weights"": [1, 10, 1, 10], ""n_cover"": 15, ""regularization"": 10.0, ""threshold"": 0.5}",0.1.0,2026-06-20T21:16:54+00:00
diabetes,shapediscover,embedding,knn_recall,0.5425287356321838,2,145,5,0.507,3,"{""knn"": 15, ""label_mode"": ""components"", ""lite"": false, ""loss_weights"": [1, 10, 1, 10], ""n_cover"": 15, ""regularization"": 10.0, ""threshold"": 0.5}",0.1.0,2026-06-20T21:16:54+00:00
diabetes,shapediscover,embedding,global_corr,0.8437884853567694,2,145,5,0.507,3,"{""knn"": 15, ""label_mode"": ""components"", ""lite"": false, ""loss_weights"": [1, 10, 1, 10], ""n_cover"": 15, ""regularization"": 10.0, ""threshold"": 0.5}",0.1.0,2026-06-20T21:16:54+00:00
diabetes,shapediscover,cost,clustering_s,0.0002,2,145,5,0.507,3,"{""knn"": 15, ""label_mode"": ""components"", ""lite"": false, ""loss_weights"": [1, 10, 1, 10], ""n_cover"": 15, ""regularization"": 10.0, ""threshold"": 0.5}",0.1.0,2026-06-20T21:16:54+00:00
diabetes,shapediscover,cost,embedding_s,0.002,2,145,5,0.507,3,"{""knn"": 15, ""label_mode"": ""components"", ""lite"": false, ""loss_weights"": [1, 10, 1, 10], ""n_cover"": 15, ""regularization"": 10.0, ""threshold"": 0.5}",0.1.0,2026-06-20T21:16:54+00:00
diabetes,shapediscover,cost,fit_s,0.507,2,145,5,0.507,3,"{""knn"": 15, ""label_mode"": ""components"", ""lite"": false, ""loss_weights"": [1, 10, 1, 10], ""n_cover"": 15, ""regularization"": 10.0, ""threshold"": 0.5}",0.1.0,2026-06-20T21:16:54+00:00
mice_protein,shapediscover,clustering,ari,0.1998855236545292,0,1080,77,2.0,15,"{""knn"": 15, ""label_mode"": ""components"", ""lite"": false, ""loss_weights"": [1, 10, 1, 10], ""n_cover"": 15, ""regularization"": 10.0, ""threshold"": 0.5}",0.1.0,2026-06-20T21:16:54+00:00
mice_protein,shapediscover,clustering,ami,0.45931409187774863,0,1080,77,2.0,15,"{""knn"": 15, ""label_mode"": ""components"", ""lite"": false, ""loss_weights"": [1, 10, 1, 10], ""n_cover"": 15, ""regularization"": 10.0, ""threshold"": 0.5}",0.1.0,2026-06-20T21:16:54+00:00
mice_protein,shapediscover,clustering,nmi,0.4699919939440299,0,1080,77,2.0,15,"{""knn"": 15, ""label_mode"": ""components"", ""lite"": false, ""loss_weights"": [1, 10, 1, 10], ""n_cover"": 15, ""regularization"": 10.0, ""threshold"": 0.5}",0.1.0,2026-06-20T21:16:54+00:00
mice_protein,shapediscover,clustering,homogeneity,0.3776025942583867,0,1080,77,2.0,15,"{""knn"": 15, ""label_mode"": ""components"", ""lite"": false, ""loss_weights"": [1, 10, 1, 10], ""n_cover"": 15, ""regularization"": 10.0, ""threshold"": 0.5}",0.1.0,2026-06-20T21:16:54+00:00
mice_protein,shapediscover,clustering,completeness,0.6222369777099286,0,1080,77,2.0,15,"{""knn"": 15, ""label_mode"": ""components"", ""lite"": false, ""loss_weights"": [1, 10, 1, 10], ""n_cover"": 15, ""regularization"": 10.0, ""threshold"": 0.5}",0.1.0,2026-06-20T21:16:54+00:00
mice_protein,shapediscover,clustering,n_clusters_pred,10.0,0,1080,77,2.0,15,"{""knn"": 15, ""label_mode"": ""components"", ""lite"": false, ""loss_weights"": [1, 10, 1, 10], ""n_cover"": 15, ""regularization"": 10.0, ""threshold"": 0.5}",0.1.0,2026-06-20T21:16:54+00:00
mice_protein,shapediscover,clustering,n_clusters_true,8.0,0,1080,77,2.0,15,"{""knn"": 15, ""label_mode"": ""components"", ""lite"": false, ""loss_weights"": [1, 10, 1, 10], ""n_cover"": 15, ""regularization"": 10.0, ""threshold"": 0.5}",0.1.0,2026-06-20T21:16:54+00:00
mice_protein,shapediscover,embedding,trustworthiness,0.6690135720709672,0,1080,77,2.0,15,"{""knn"": 15, ""label_mode"": ""components"", ""lite"": false, ""loss_weights"": [1, 10, 1, 10], ""n_cover"": 15, ""regularization"": 10.0, ""threshold"": 0.5}",0.1.0,2026-06-20T21:16:54+00:00
mice_protein,shapediscover,embedding,continuity,0.8152227361388509,0,1080,77,2.0,15,"{""knn"": 15, ""label_mode"": ""components"", ""lite"": false, ""loss_weights"": [1, 10, 1, 10], ""n_cover"": 15, ""regularization"": 10.0, ""threshold"": 0.5}",0.1.0,2026-06-20T21:16:54+00:00
mice_protein,shapediscover,embedding,knn_recall,0.1954320987654321,0,1080,77,2.0,15,"{""knn"": 15, ""label_mode"": ""components"", ""lite"": false, ""loss_weights"": [1, 10, 1, 10], ""n_cover"": 15, ""regularization"": 10.0, ""threshold"": 0.5}",0.1.0,2026-06-20T21:16:54+00:00
mice_protein,shapediscover,embedding,global_corr,0.15832478817870022,0,1080,77,2.0,15,"{""knn"": 15, ""label_mode"": ""components"", ""lite"": false, ""loss_weights"": [1, 10, 1, 10], ""n_cover"": 15, ""regularization"": 10.0, ""threshold"": 0.5}",0.1.0,2026-06-20T21:16:54+00:00
mice_protein,shapediscover,cost,clustering_s,0.0008,0,1080,77,2.0,15,"{""knn"": 15, ""label_mode"": ""components"", ""lite"": false, ""loss_weights"": [1, 10, 1, 10], ""n_cover"": 15, ""regularization"": 10.0, ""threshold"": 0.5}",0.1.0,2026-06-20T21:16:54+00:00
mice_protein,shapediscover,cost,embedding_s,0.0031,0,1080,77,2.0,15,"{""knn"": 15, ""label_mode"": ""components"", ""lite"": false, ""loss_weights"": [1, 10, 1, 10], ""n_cover"": 15, ""regularization"": 10.0, ""threshold"": 0.5}",0.1.0,2026-06-20T21:16:54+00:00
mice_protein,shapediscover,cost,fit_s,2.0,0,1080,77,2.0,15,"{""knn"": 15, ""label_mode"": ""components"", ""lite"": false, ""loss_weights"": [1, 10, 1, 10], ""n_cover"": 15, ""regularization"": 10.0, ""threshold"": 0.5}",0.1.0,2026-06-20T21:16:54+00:00
mice_protein,shapediscover,clustering,ari,0.19267028833768937,1,1080,77,1.96,15,"{""knn"": 15, ""label_mode"": ""components"", ""lite"": false, ""loss_weights"": [1, 10, 1, 10], ""n_cover"": 15, ""regularization"": 10.0, ""threshold"": 0.5}",0.1.0,2026-06-20T21:16:54+00:00
mice_protein,shapediscover,clustering,ami,0.4419434665304784,1,1080,77,1.96,15,"{""knn"": 15, ""label_mode"": ""components"", ""lite"": false, ""loss_weights"": [1, 10, 1, 10], ""n_cover"": 15, ""regularization"": 10.0, ""threshold"": 0.5}",0.1.0,2026-06-20T21:16:54+00:00
mice_protein,shapediscover,clustering,nmi,0.4510079849244201,1,1080,77,1.96,15,"{""knn"": 15, ""label_mode"": ""components"", ""lite"": false, ""loss_weights"": [1, 10, 1, 10], ""n_cover"": 15, ""regularization"": 10.0, ""threshold"": 0.5}",0.1.0,2026-06-20T21:16:54+00:00
mice_protein,shapediscover,clustering,homogeneity,0.3432651591734762,1,1080,77,1.96,15,"{""knn"": 15, ""label_mode"": ""components"", ""lite"": false, ""loss_weights"": [1, 10, 1, 10], ""n_cover"": 15, ""regularization"": 10.0, ""threshold"": 0.5}",0.1.0,2026-06-20T21:16:54+00:00
mice_protein,shapediscover,clustering,completeness,0.6573275896339209,1,1080,77,1.96,15,"{""knn"": 15, ""label_mode"": ""components"", ""lite"": false, ""loss_weights"": [1, 10, 1, 10], ""n_cover"": 15, ""regularization"": 10.0, ""threshold"": 0.5}",0.1.0,2026-06-20T21:16:54+00:00
mice_protein,shapediscover,clustering,n_clusters_pred,8.0,1,1080,77,1.96,15,"{""knn"": 15, ""label_mode"": ""components"", ""lite"": false, ""loss_weights"": [1, 10, 1, 10], ""n_cover"": 15, ""regularization"": 10.0, ""threshold"": 0.5}",0.1.0,2026-06-20T21:16:54+00:00
mice_protein,shapediscover,clustering,n_clusters_true,8.0,1,1080,77,1.96,15,"{""knn"": 15, ""label_mode"": ""components"", ""lite"": false, ""loss_weights"": [1, 10, 1, 10], ""n_cover"": 15, ""regularization"": 10.0, ""threshold"": 0.5}",0.1.0,2026-06-20T21:16:54+00:00
mice_protein,shapediscover,embedding,trustworthiness,0.8597244706074728,1,1080,77,1.96,15,"{""knn"": 15, ""label_mode"": ""components"", ""lite"": false, ""loss_weights"": [1, 10, 1, 10], ""n_cover"": 15, ""regularization"": 10.0, ""threshold"": 0.5}",0.1.0,2026-06-20T21:16:54+00:00
mice_protein,shapediscover,embedding,continuity,0.937439877594403,1,1080,77,1.96,15,"{""knn"": 15, ""label_mode"": ""components"", ""lite"": false, ""loss_weights"": [1, 10, 1, 10], ""n_cover"": 15, ""regularization"": 10.0, ""threshold"": 0.5}",0.1.0,2026-06-20T21:16:54+00:00
mice_protein,shapediscover,embedding,knn_recall,0.4188271604938272,1,1080,77,1.96,15,"{""knn"": 15, ""label_mode"": ""components"", ""lite"": false, ""loss_weights"": [1, 10, 1, 10], ""n_cover"": 15, ""regularization"": 10.0, ""threshold"": 0.5}",0.1.0,2026-06-20T21:16:54+00:00
mice_protein,shapediscover,embedding,global_corr,0.2213012135357651,1,1080,77,1.96,15,"{""knn"": 15, ""label_mode"": ""components"", ""lite"": false, ""loss_weights"": [1, 10, 1, 10], ""n_cover"": 15, ""regularization"": 10.0, ""threshold"": 0.5}",0.1.0,2026-06-20T21:16:54+00:00
mice_protein,shapediscover,cost,clustering_s,0.0008,1,1080,77,1.96,15,"{""knn"": 15, ""label_mode"": ""components"", ""lite"": false, ""loss_weights"": [1, 10, 1, 10], ""n_cover"": 15, ""regularization"": 10.0, ""threshold"": 0.5}",0.1.0,2026-06-20T21:16:54+00:00
mice_protein,shapediscover,cost,embedding_s,0.0032,1,1080,77,1.96,15,"{""knn"": 15, ""label_mode"": ""components"", ""lite"": false, ""loss_weights"": [1, 10, 1, 10], ""n_cover"": 15, ""regularization"": 10.0, ""threshold"": 0.5}",0.1.0,2026-06-20T21:16:54+00:00
mice_protein,shapediscover,cost,fit_s,1.96,1,1080,77,1.96,15,"{""knn"": 15, ""label_mode"": ""components"", ""lite"": false, ""loss_weights"": [1, 10, 1, 10], ""n_cover"": 15, ""regularization"": 10.0, ""threshold"": 0.5}",0.1.0,2026-06-20T21:16:54+00:00
mice_protein,shapediscover,clustering,ari,0.1998855236545292,2,1080,77,1.965,14,"{""knn"": 15, ""label_mode"": ""components"", ""lite"": false, ""loss_weights"": [1, 10, 1, 10], ""n_cover"": 15, ""regularization"": 10.0, ""threshold"": 0.5}",0.1.0,2026-06-20T21:16:54+00:00
mice_protein,shapediscover,clustering,ami,0.45931409187774863,2,1080,77,1.965,14,"{""knn"": 15, ""label_mode"": ""components"", ""lite"": false, ""loss_weights"": [1, 10, 1, 10], ""n_cover"": 15, ""regularization"": 10.0, ""threshold"": 0.5}",0.1.0,2026-06-20T21:16:54+00:00
mice_protein,shapediscover,clustering,nmi,0.4699919939440299,2,1080,77,1.965,14,"{""knn"": 15, ""label_mode"": ""components"", ""lite"": false, ""loss_weights"": [1, 10, 1, 10], ""n_cover"": 15, ""regularization"": 10.0, ""threshold"": 0.5}",0.1.0,2026-06-20T21:16:54+00:00
mice_protein,shapediscover,clustering,homogeneity,0.3776025942583867,2,1080,77,1.965,14,"{""knn"": 15, ""label_mode"": ""components"", ""lite"": false, ""loss_weights"": [1, 10, 1, 10], ""n_cover"": 15, ""regularization"": 10.0, ""threshold"": 0.5}",0.1.0,2026-06-20T21:16:54+00:00
mice_protein,shapediscover,clustering,completeness,0.6222369777099285,2,1080,77,1.965,14,"{""knn"": 15, ""label_mode"": ""components"", ""lite"": false, ""loss_weights"": [1, 10, 1, 10], ""n_cover"": 15, ""regularization"": 10.0, ""threshold"": 0.5}",0.1.0,2026-06-20T21:16:54+00:00
mice_protein,shapediscover,clustering,n_clusters_pred,10.0,2,1080,77,1.965,14,"{""knn"": 15, ""label_mode"": ""components"", ""lite"": false, ""loss_weights"": [1, 10, 1, 10], ""n_cover"": 15, ""regularization"": 10.0, ""threshold"": 0.5}",0.1.0,2026-06-20T21:16:54+00:00
mice_protein,shapediscover,clustering,n_clusters_true,8.0,2,1080,77,1.965,14,"{""knn"": 15, ""label_mode"": ""components"", ""lite"": false, ""loss_weights"": [1, 10, 1, 10], ""n_cover"": 15, ""regularization"": 10.0, ""threshold"": 0.5}",0.1.0,2026-06-20T21:16:54+00:00
mice_protein,shapediscover,embedding,trustworthiness,0.7718365511522245,2,1080,77,1.965,14,"{""knn"": 15, ""label_mode"": ""components"", ""lite"": false, ""loss_weights"": [1, 10, 1, 10], ""n_cover"": 15, ""regularization"": 10.0, ""threshold"": 0.5}",0.1.0,2026-06-20T21:16:54+00:00
mice_protein,shapediscover,embedding,continuity,0.8931939918474134,2,1080,77,1.965,14,"{""knn"": 15, ""label_mode"": ""components"", ""lite"": false, ""loss_weights"": [1, 10, 1, 10], ""n_cover"": 15, ""regularization"": 10.0, ""threshold"": 0.5}",0.1.0,2026-06-20T21:16:54+00:00
mice_protein,shapediscover,embedding,knn_recall,0.3157407407407407,2,1080,77,1.965,14,"{""knn"": 15, ""label_mode"": ""components"", ""lite"": false, ""loss_weights"": [1, 10, 1, 10], ""n_cover"": 15, ""regularization"": 10.0, ""threshold"": 0.5}",0.1.0,2026-06-20T21:16:54+00:00
mice_protein,shapediscover,embedding,global_corr,0.14940462882628824,2,1080,77,1.965,14,"{""knn"": 15, ""label_mode"": ""components"", ""lite"": false, ""loss_weights"": [1, 10, 1, 10], ""n_cover"": 15, ""regularization"": 10.0, ""threshold"": 0.5}",0.1.0,2026-06-20T21:16:54+00:00
mice_protein,shapediscover,cost,clustering_s,0.0007,2,1080,77,1.965,14,"{""knn"": 15, ""label_mode"": ""components"", ""lite"": false, ""loss_weights"": [1, 10, 1, 10], ""n_cover"": 15, ""regularization"": 10.0, ""threshold"": 0.5}",0.1.0,2026-06-20T21:16:54+00:00
mice_protein,shapediscover,cost,embedding_s,0.003,2,1080,77,1.965,14,"{""knn"": 15, ""label_mode"": ""components"", ""lite"": false, ""loss_weights"": [1, 10, 1, 10], ""n_cover"": 15, ""regularization"": 10.0, ""threshold"": 0.5}",0.1.0,2026-06-20T21:16:54+00:00
mice_protein,shapediscover,cost,fit_s,1.965,2,1080,77,1.965,14,"{""knn"": 15, ""label_mode"": ""components"", ""lite"": false, ""loss_weights"": [1, 10, 1, 10], ""n_cover"": 15, ""regularization"": 10.0, ""threshold"": 0.5}",0.1.0,2026-06-20T21:16:54+00:00
dynamical_system,shapediscover,topology,recovery_quotient,0.0,0,2022,10,3.022,15,"{""knn"": 15, ""label_mode"": ""components"", ""lite"": false, ""loss_weights"": [1, 10, 1, 10], ""n_cover"": 15, ""regularization"": 10.0, ""threshold"": 0.5}",0.1.0,2026-06-20T21:16:54+00:00
dynamical_system,shapediscover,topology,complex_size,1940.0,0,2022,10,3.022,15,"{""knn"": 15, ""label_mode"": ""components"", ""lite"": false, ""loss_weights"": [1, 10, 1, 10], ""n_cover"": 15, ""regularization"": 10.0, ""threshold"": 0.5}",0.1.0,2026-06-20T21:16:54+00:00
dynamical_system,shapediscover,topology,bar_dominance_min,1.019,0,2022,10,3.022,15,"{""knn"": 15, ""label_mode"": ""components"", ""lite"": false, ""loss_weights"": [1, 10, 1, 10], ""n_cover"": 15, ""regularization"": 10.0, ""threshold"": 0.5}",0.1.0,2026-06-20T21:16:54+00:00
dynamical_system,shapediscover,topology,bar_dominance_h0,1000.0,0,2022,10,3.022,15,"{""knn"": 15, ""label_mode"": ""components"", ""lite"": false, ""loss_weights"": [1, 10, 1, 10], ""n_cover"": 15, ""regularization"": 10.0, ""threshold"": 0.5}",0.1.0,2026-06-20T21:16:54+00:00
dynamical_system,shapediscover,topology,bar_dominance_h1,1.019,0,2022,10,3.022,15,"{""knn"": 15, ""label_mode"": ""components"", ""lite"": false, ""loss_weights"": [1, 10, 1, 10], ""n_cover"": 15, ""regularization"": 10.0, ""threshold"": 0.5}",0.1.0,2026-06-20T21:16:54+00:00
dynamical_system,shapediscover,topology,bar_dominance_h2,1.313,0,2022,10,3.022,15,"{""knn"": 15, ""label_mode"": ""components"", ""lite"": false, ""loss_weights"": [1, 10, 1, 10], ""n_cover"": 15, ""regularization"": 10.0, ""threshold"": 0.5}",0.1.0,2026-06-20T21:16:54+00:00
dynamical_system,shapediscover,embedding,trustworthiness,0.9724976236882041,0,2022,10,3.022,15,"{""knn"": 15, ""label_mode"": ""components"", ""lite"": false, ""loss_weights"": [1, 10, 1, 10], ""n_cover"": 15, ""regularization"": 10.0, ""threshold"": 0.5}",0.1.0,2026-06-20T21:16:54+00:00
dynamical_system,shapediscover,embedding,continuity,0.9900226242366155,0,2022,10,3.022,15,"{""knn"": 15, ""label_mode"": ""components"", ""lite"": false, ""loss_weights"": [1, 10, 1, 10], ""n_cover"": 15, ""regularization"": 10.0, ""threshold"": 0.5}",0.1.0,2026-06-20T21:16:54+00:00
dynamical_system,shapediscover,embedding,knn_recall,0.4817342565117046,0,2022,10,3.022,15,"{""knn"": 15, ""label_mode"": ""components"", ""lite"": false, ""loss_weights"": [1, 10, 1, 10], ""n_cover"": 15, ""regularization"": 10.0, ""threshold"": 0.5}",0.1.0,2026-06-20T21:16:54+00:00
dynamical_system,shapediscover,embedding,global_corr,0.8260507711232931,0,2022,10,3.022,15,"{""knn"": 15, ""label_mode"": ""components"", ""lite"": false, ""loss_weights"": [1, 10, 1, 10], ""n_cover"": 15, ""regularization"": 10.0, ""threshold"": 0.5}",0.1.0,2026-06-20T21:16:54+00:00
dynamical_system,shapediscover,cost,persistence_s,0.0031,0,2022,10,3.022,15,"{""knn"": 15, ""label_mode"": ""components"", ""lite"": false, ""loss_weights"": [1, 10, 1, 10], ""n_cover"": 15, ""regularization"": 10.0, ""threshold"": 0.5}",0.1.0,2026-06-20T21:16:54+00:00
dynamical_system,shapediscover,cost,complex_size,1940.0,0,2022,10,3.022,15,"{""knn"": 15, ""label_mode"": ""components"", ""lite"": false, ""loss_weights"": [1, 10, 1, 10], ""n_cover"": 15, ""regularization"": 10.0, ""threshold"": 0.5}",0.1.0,2026-06-20T21:16:54+00:00
dynamical_system,shapediscover,cost,embedding_s,0.0036,0,2022,10,3.022,15,"{""knn"": 15, ""label_mode"": ""components"", ""lite"": false, ""loss_weights"": [1, 10, 1, 10], ""n_cover"": 15, ""regularization"": 10.0, ""threshold"": 0.5}",0.1.0,2026-06-20T21:16:54+00:00
dynamical_system,shapediscover,cost,fit_s,3.022,0,2022,10,3.022,15,"{""knn"": 15, ""label_mode"": ""components"", ""lite"": false, ""loss_weights"": [1, 10, 1, 10], ""n_cover"": 15, ""regularization"": 10.0, ""threshold"": 0.5}",0.1.0,2026-06-20T21:16:54+00:00
dynamical_system,shapediscover,topology,recovery_quotient,0.013,1,2022,10,3.02,15,"{""knn"": 15, ""label_mode"": ""components"", ""lite"": false, ""loss_weights"": [1, 10, 1, 10], ""n_cover"": 15, ""regularization"": 10.0, ""threshold"": 0.5}",0.1.0,2026-06-20T21:16:54+00:00
dynamical_system,shapediscover,topology,complex_size,1940.0,1,2022,10,3.02,15,"{""knn"": 15, ""label_mode"": ""components"", ""lite"": false, ""loss_weights"": [1, 10, 1, 10], ""n_cover"": 15, ""regularization"": 10.0, ""threshold"": 0.5}",0.1.0,2026-06-20T21:16:54+00:00
dynamical_system,shapediscover,topology,bar_dominance_min,1.047,1,2022,10,3.02,15,"{""knn"": 15, ""label_mode"": ""components"", ""lite"": false, ""loss_weights"": [1, 10, 1, 10], ""n_cover"": 15, ""regularization"": 10.0, ""threshold"": 0.5}",0.1.0,2026-06-20T21:16:54+00:00
dynamical_system,shapediscover,topology,bar_dominance_h0,1000.0,1,2022,10,3.02,15,"{""knn"": 15, ""label_mode"": ""components"", ""lite"": false, ""loss_weights"": [1, 10, 1, 10], ""n_cover"": 15, ""regularization"": 10.0, ""threshold"": 0.5}",0.1.0,2026-06-20T21:16:54+00:00
dynamical_system,shapediscover,topology,bar_dominance_h1,1.047,1,2022,10,3.02,15,"{""knn"": 15, ""label_mode"": ""components"", ""lite"": false, ""loss_weights"": [1, 10, 1, 10], ""n_cover"": 15, ""regularization"": 10.0, ""threshold"": 0.5}",0.1.0,2026-06-20T21:16:54+00:00
dynamical_system,shapediscover,topology,bar_dominance_h2,1.28,1,2022,10,3.02,15,"{""knn"": 15, ""label_mode"": ""components"", ""lite"": false, ""loss_weights"": [1, 10, 1, 10], ""n_cover"": 15, ""regularization"": 10.0, ""threshold"": 0.5}",0.1.0,2026-06-20T21:16:54+00:00
dynamical_system,shapediscover,embedding,trustworthiness,0.965589388825636,1,2022,10,3.02,15,"{""knn"": 15, ""label_mode"": ""components"", ""lite"": false, ""loss_weights"": [1, 10, 1, 10], ""n_cover"": 15, ""regularization"": 10.0, ""threshold"": 0.5}",0.1.0,2026-06-20T21:16:54+00:00
dynamical_system,shapediscover,embedding,continuity,0.9871511258431722,1,2022,10,3.02,15,"{""knn"": 15, ""label_mode"": ""components"", ""lite"": false, ""loss_weights"": [1, 10, 1, 10], ""n_cover"": 15, ""regularization"": 10.0, ""threshold"": 0.5}",0.1.0,2026-06-20T21:16:54+00:00
dynamical_system,shapediscover,embedding,knn_recall,0.4346191889218595,1,2022,10,3.02,15,"{""knn"": 15, ""label_mode"": ""components"", ""lite"": false, ""loss_weights"": [1, 10, 1, 10], ""n_cover"": 15, ""regularization"": 10.0, ""threshold"": 0.5}",0.1.0,2026-06-20T21:16:54+00:00
dynamical_system,shapediscover,embedding,global_corr,0.7991394038233083,1,2022,10,3.02,15,"{""knn"": 15, ""label_mode"": ""components"", ""lite"": false, ""loss_weights"": [1, 10, 1, 10], ""n_cover"": 15, ""regularization"": 10.0, ""threshold"": 0.5}",0.1.0,2026-06-20T21:16:54+00:00
dynamical_system,shapediscover,cost,persistence_s,0.0029,1,2022,10,3.02,15,"{""knn"": 15, ""label_mode"": ""components"", ""lite"": false, ""loss_weights"": [1, 10, 1, 10], ""n_cover"": 15, ""regularization"": 10.0, ""threshold"": 0.5}",0.1.0,2026-06-20T21:16:54+00:00
dynamical_system,shapediscover,cost,complex_size,1940.0,1,2022,10,3.02,15,"{""knn"": 15, ""label_mode"": ""components"", ""lite"": false, ""loss_weights"": [1, 10, 1, 10], ""n_cover"": 15, ""regularization"": 10.0, ""threshold"": 0.5}",0.1.0,2026-06-20T21:16:54+00:00
dynamical_system,shapediscover,cost,embedding_s,0.0038,1,2022,10,3.02,15,"{""knn"": 15, ""label_mode"": ""components"", ""lite"": false, ""loss_weights"": [1, 10, 1, 10], ""n_cover"": 15, ""regularization"": 10.0, ""threshold"": 0.5}",0.1.0,2026-06-20T21:16:54+00:00
dynamical_system,shapediscover,cost,fit_s,3.02,1,2022,10,3.02,15,"{""knn"": 15, ""label_mode"": ""components"", ""lite"": false, ""loss_weights"": [1, 10, 1, 10], ""n_cover"": 15, ""regularization"": 10.0, ""threshold"": 0.5}",0.1.0,2026-06-20T21:16:54+00:00
dynamical_system,shapediscover,topology,recovery_quotient,0.013,2,2022,10,2.981,15,"{""knn"": 15, ""label_mode"": ""components"", ""lite"": false, ""loss_weights"": [1, 10, 1, 10], ""n_cover"": 15, ""regularization"": 10.0, ""threshold"": 0.5}",0.1.0,2026-06-20T21:16:54+00:00
dynamical_system,shapediscover,topology,complex_size,1940.0,2,2022,10,2.981,15,"{""knn"": 15, ""label_mode"": ""components"", ""lite"": false, ""loss_weights"": [1, 10, 1, 10], ""n_cover"": 15, ""regularization"": 10.0, ""threshold"": 0.5}",0.1.0,2026-06-20T21:16:54+00:00
dynamical_system,shapediscover,topology,bar_dominance_min,1.129,2,2022,10,2.981,15,"{""knn"": 15, ""label_mode"": ""components"", ""lite"": false, ""loss_weights"": [1, 10, 1, 10], ""n_cover"": 15, ""regularization"": 10.0, ""threshold"": 0.5}",0.1.0,2026-06-20T21:16:54+00:00
dynamical_system,shapediscover,topology,bar_dominance_h0,1000.0,2,2022,10,2.981,15,"{""knn"": 15, ""label_mode"": ""components"", ""lite"": false, ""loss_weights"": [1, 10, 1, 10], ""n_cover"": 15, ""regularization"": 10.0, ""threshold"": 0.5}",0.1.0,2026-06-20T21:16:54+00:00
dynamical_system,shapediscover,topology,bar_dominance_h1,1.129,2,2022,10,2.981,15,"{""knn"": 15, ""label_mode"": ""components"", ""lite"": false, ""loss_weights"": [1, 10, 1, 10], ""n_cover"": 15, ""regularization"": 10.0, ""threshold"": 0.5}",0.1.0,2026-06-20T21:16:54+00:00
dynamical_system,shapediscover,topology,bar_dominance_h2,1.347,2,2022,10,2.981,15,"{""knn"": 15, ""label_mode"": ""components"", ""lite"": false, ""loss_weights"": [1, 10, 1, 10], ""n_cover"": 15, ""regularization"": 10.0, ""threshold"": 0.5}",0.1.0,2026-06-20T21:16:54+00:00
dynamical_system,shapediscover,embedding,trustworthiness,0.9696630709024147,2,2022,10,2.981,15,"{""knn"": 15, ""label_mode"": ""components"", ""lite"": false, ""loss_weights"": [1, 10, 1, 10], ""n_cover"": 15, ""regularization"": 10.0, ""threshold"": 0.5}",0.1.0,2026-06-20T21:16:54+00:00
dynamical_system,shapediscover,embedding,continuity,0.9886367186230768,2,2022,10,2.981,15,"{""knn"": 15, ""label_mode"": ""components"", ""lite"": false, ""loss_weights"": [1, 10, 1, 10], ""n_cover"": 15, ""regularization"": 10.0, ""threshold"": 0.5}",0.1.0,2026-06-20T21:16:54+00:00
dynamical_system,shapediscover,embedding,knn_recall,0.472106824925816,2,2022,10,2.981,15,"{""knn"": 15, ""label_mode"": ""components"", ""lite"": false, ""loss_weights"": [1, 10, 1, 10], ""n_cover"": 15, ""regularization"": 10.0, ""threshold"": 0.5}",0.1.0,2026-06-20T21:16:54+00:00
dynamical_system,shapediscover,embedding,global_corr,0.8398220516089617,2,2022,10,2.981,15,"{""knn"": 15, ""label_mode"": ""components"", ""lite"": false, ""loss_weights"": [1, 10, 1, 10], ""n_cover"": 15, ""regularization"": 10.0, ""threshold"": 0.5}",0.1.0,2026-06-20T21:16:54+00:00
dynamical_system,shapediscover,cost,persistence_s,0.0029,2,2022,10,2.981,15,"{""knn"": 15, ""label_mode"": ""components"", ""lite"": false, ""loss_weights"": [1, 10, 1, 10], ""n_cover"": 15, ""regularization"": 10.0, ""threshold"": 0.5}",0.1.0,2026-06-20T21:16:54+00:00
dynamical_system,shapediscover,cost,complex_size,1940.0,2,2022,10,2.981,15,"{""knn"": 15, ""label_mode"": ""components"", ""lite"": false, ""loss_weights"": [1, 10, 1, 10], ""n_cover"": 15, ""regularization"": 10.0, ""threshold"": 0.5}",0.1.0,2026-06-20T21:16:54+00:00
dynamical_system,shapediscover,cost,embedding_s,0.0033,2,2022,10,2.981,15,"{""knn"": 15, ""label_mode"": ""components"", ""lite"": false, ""loss_weights"": [1, 10, 1, 10], ""n_cover"": 15, ""regularization"": 10.0, ""threshold"": 0.5}",0.1.0,2026-06-20T21:16:54+00:00
dynamical_system,shapediscover,cost,fit_s,2.981,2,2022,10,2.981,15,"{""knn"": 15, ""label_mode"": ""components"", ""lite"": false, ""loss_weights"": [1, 10, 1, 10], ""n_cover"": 15, ""regularization"": 10.0, ""threshold"": 0.5}",0.1.0,2026-06-20T21:16:54+00:00
